{"economic": {"precision": 0.6590909090909091, "recall": 0.8529411764705882, "f1-score": 0.7435897435897436, "support": 34.0}, "noneconomic": {"precision": 0.8461538461538461, "recall": 0.75, "f1-score": 0.7951807228915663, "support": 44.0}, "micro avg": {"precision": 0.7469879518072289, "recall": 0.7948717948717948, "f1-score": 0.7701863354037267, "support": 78.0}, "macro avg": {"precision": 0.7526223776223776, "recall": 0.8014705882352942, "f1-score": 0.769385233240655, "support": 78.0}, "weighted avg": {"precision": 0.7646135915366684, "recall": 0.7948717948717948, "f1-score": 0.7726923472984641, "support": 78.0}, "samples avg": {"precision": 0.6975308641975309, "recall": 0.7098765432098766, "f1-score": 0.691358024691358, "support": 78.0}}