{"economic": {"precision": 0.5757575757575758, "recall": 0.6129032258064516, "f1-score": 0.59375, "support": 31.0}, "noneconomic": {"precision": 0.8314606741573034, "recall": 0.961038961038961, "f1-score": 0.891566265060241, "support": 77.0}, "micro avg": {"precision": 0.7622950819672131, "recall": 0.8611111111111112, "f1-score": 0.808695652173913, "support": 108.0}, "macro avg": {"precision": 0.7036091249574397, "recall": 0.7869710934227063, "f1-score": 0.7426581325301205, "support": 108.0}, "weighted avg": {"precision": 0.7580644144314556, "recall": 0.8611111111111112, "f1-score": 0.8060819667559125, "support": 108.0}, "samples avg": {"precision": 0.7431192660550459, "recall": 0.8165137614678899, "f1-score": 0.764525993883792, "support": 108.0}}