{"economic__class_membership": {"precision": 0.0, "recall": 0.0, "f1-score": 0.0, "support": 0.0}, "economic__ecology_of_group": {"precision": 1.0, "recall": 1.0, "f1-score": 1.0, "support": 3.0}, "economic__education_level": {"precision": 1.0, "recall": 1.0, "f1-score": 1.0, "support": 6.0}, "economic__employment_status": {"precision": 0.8, "recall": 1.0, "f1-score": 0.8888888888888888, "support": 4.0}, "economic__income_wealth_economic_status": {"precision": 0.8333333333333334, "recall": 0.7142857142857143, "f1-score": 0.7692307692307693, "support": 7.0}, "economic__occupation_profession": {"precision": 0.9230769230769231, "recall": 0.75, "f1-score": 0.8275862068965517, "support": 16.0}, "micro avg": {"precision": 0.75, "recall": 0.8333333333333334, "f1-score": 0.7894736842105263, "support": 36.0}, "macro avg": {"precision": 0.7594017094017094, "recall": 0.7440476190476191, "f1-score": 0.7476176441693684, "support": 36.0}, "weighted avg": {"precision": 0.9111823361823362, "recall": 0.8333333333333334, "f1-score": 0.866154173625438, "support": 36.0}, "samples avg": {"precision": 0.30625, "recall": 0.34375, "f1-score": 0.3166666666666667, "support": 36.0}}