{"noneconomic__age": {"precision": 0.8, "recall": 0.8, "f1-score": 0.8, "support": 5.0}, "noneconomic__crime": {"precision": 1.0, "recall": 1.0, "f1-score": 1.0, "support": 1.0}, "noneconomic__ethnicity": {"precision": 0.6666666666666666, "recall": 1.0, "f1-score": 0.8, "support": 2.0}, "noneconomic__family": {"precision": 0.1, "recall": 1.0, "f1-score": 0.18181818181818182, "support": 1.0}, "noneconomic__gender_sexuality": {"precision": 1.0, "recall": 0.6666666666666666, "f1-score": 0.8, "support": 3.0}, "noneconomic__health": {"precision": 1.0, "recall": 0.25, "f1-score": 0.4, "support": 4.0}, "noneconomic__nationality": {"precision": 0.625, "recall": 0.6666666666666666, "f1-score": 0.6451612903225806, "support": 15.0}, "noneconomic__place_location": {"precision": 0.25, "recall": 0.16666666666666666, "f1-score": 0.2, "support": 6.0}, "noneconomic__religion": {"precision": 0.6666666666666666, "recall": 0.6666666666666666, "f1-score": 0.6666666666666666, "support": 3.0}, "noneconomic__shared_values_mentalities": {"precision": 0.38461538461538464, "recall": 0.5882352941176471, "f1-score": 0.46511627906976744, "support": 17.0}, "micro avg": {"precision": 0.4788732394366197, "recall": 0.5964912280701754, "f1-score": 0.53125, "support": 57.0}, "macro avg": {"precision": 0.6492948717948719, "recall": 0.6804901960784313, "f1-score": 0.5958762417877198, "support": 57.0}, "weighted avg": {"precision": 0.5762595591542959, "recall": 0.5964912280701754, "f1-score": 0.5537932329972446, "support": 57.0}, "samples avg": {"precision": 0.3593073593073593, "recall": 0.37012987012987014, "f1-score": 0.35064935064935066, "support": 57.0}}