{"noneconomic__age": {"precision": 1.0, "recall": 0.5384615384615384, "f1-score": 0.7, "support": 13.0}, "noneconomic__crime": {"precision": 1.0, "recall": 0.8, "f1-score": 0.8888888888888888, "support": 5.0}, "noneconomic__ethnicity": {"precision": 1.0, "recall": 1.0, "f1-score": 1.0, "support": 1.0}, "noneconomic__family": {"precision": 1.0, "recall": 0.8571428571428571, "f1-score": 0.9230769230769231, "support": 7.0}, "noneconomic__gender_sexuality": {"precision": 1.0, "recall": 0.75, "f1-score": 0.8571428571428571, "support": 4.0}, "noneconomic__health": {"precision": 0.0, "recall": 0.0, "f1-score": 0.0, "support": 2.0}, "noneconomic__nationality": {"precision": 0.875, "recall": 0.7777777777777778, "f1-score": 0.8235294117647058, "support": 9.0}, "noneconomic__place_location": {"precision": 0.0, "recall": 0.0, "f1-score": 0.0, "support": 2.0}, "noneconomic__religion": {"precision": 0.0, "recall": 0.0, "f1-score": 0.0, "support": 0.0}, "noneconomic__shared_values_mentalities": {"precision": 1.0, "recall": 0.5384615384615384, "f1-score": 0.7, "support": 13.0}, "micro avg": {"precision": 0.9459459459459459, "recall": 0.625, "f1-score": 0.7526881720430108, "support": 56.0}, "macro avg": {"precision": 0.6875, "recall": 0.5261843711843712, "f1-score": 0.5892638080873375, "support": 56.0}, "weighted avg": {"precision": 0.9084821428571429, "recall": 0.625, "f1-score": 0.7311842685792265, "support": 56.0}, "samples avg": {"precision": 0.40588235294117647, "recall": 0.3921568627450981, "f1-score": 0.3941176470588235, "support": 56.0}}