{"economic": {"precision": 0.5869565217391305, "recall": 0.8709677419354839, "f1-score": 0.7012987012987013, "support": 31.0}, "noneconomic": {"precision": 0.9253731343283582, "recall": 0.8051948051948052, "f1-score": 0.8611111111111112, "support": 77.0}, "micro avg": {"precision": 0.7876106194690266, "recall": 0.8240740740740741, "f1-score": 0.8054298642533937, "support": 108.0}, "macro avg": {"precision": 0.7561648280337443, "recall": 0.8380812735651446, "f1-score": 0.7812049062049062, "support": 108.0}, "weighted avg": {"precision": 0.8282350325666354, "recall": 0.8240740740740741, "f1-score": 0.8152390305168083, "support": 108.0}, "samples avg": {"precision": 0.7614678899082569, "recall": 0.7844036697247706, "f1-score": 0.7645259938837922, "support": 108.0}}