{"noneconomic__age": {"precision": 0.9090909090909091, "recall": 0.8333333333333334, "f1-score": 0.8695652173913043, "support": 12.0}, "noneconomic__crime": {"precision": 1.0, "recall": 1.0, "f1-score": 1.0, "support": 3.0}, "noneconomic__ethnicity": {"precision": 1.0, "recall": 1.0, "f1-score": 1.0, "support": 1.0}, "noneconomic__family": {"precision": 1.0, "recall": 0.8, "f1-score": 0.8888888888888888, "support": 5.0}, "noneconomic__gender_sexuality": {"precision": 1.0, "recall": 1.0, "f1-score": 1.0, "support": 2.0}, "noneconomic__health": {"precision": 0.0, "recall": 0.0, "f1-score": 0.0, "support": 1.0}, "noneconomic__nationality": {"precision": 1.0, "recall": 0.7647058823529411, "f1-score": 0.8666666666666667, "support": 17.0}, "noneconomic__place_location": {"precision": 1.0, "recall": 1.0, "f1-score": 1.0, "support": 2.0}, "noneconomic__religion": {"precision": 0.0, "recall": 0.0, "f1-score": 0.0, "support": 0.0}, "noneconomic__shared_values_mentalities": {"precision": 0.8888888888888888, "recall": 0.7619047619047619, "f1-score": 0.8205128205128205, "support": 21.0}, "micro avg": {"precision": 0.9107142857142857, "recall": 0.796875, "f1-score": 0.85, "support": 64.0}, "macro avg": {"precision": 0.7797979797979797, "recall": 0.7159943977591037, "f1-score": 0.744563359345968, "support": 64.0}, "weighted avg": {"precision": 0.930871212121212, "recall": 0.796875, "f1-score": 0.8569270252694166, "support": 64.0}, "samples avg": {"precision": 0.4964539007092199, "recall": 0.4751773049645391, "f1-score": 0.4801418439716312, "support": 64.0}}