{"noneconomic__age": {"precision": 1.0, "recall": 0.8571428571428571, "f1-score": 0.9230769230769231, "support": 7.0}, "noneconomic__crime": {"precision": 1.0, "recall": 0.3333333333333333, "f1-score": 0.5, "support": 3.0}, "noneconomic__ethnicity": {"precision": 0.75, "recall": 1.0, "f1-score": 0.8571428571428571, "support": 3.0}, "noneconomic__family": {"precision": 1.0, "recall": 1.0, "f1-score": 1.0, "support": 5.0}, "noneconomic__gender_sexuality": {"precision": 1.0, "recall": 0.8, "f1-score": 0.8888888888888888, "support": 10.0}, "noneconomic__health": {"precision": 0.6666666666666666, "recall": 0.6666666666666666, "f1-score": 0.6666666666666666, "support": 3.0}, "noneconomic__nationality": {"precision": 0.5, "recall": 0.5, "f1-score": 0.5, "support": 4.0}, "noneconomic__place_location": {"precision": 0.0, "recall": 0.0, "f1-score": 0.0, "support": 1.0}, "noneconomic__religion": {"precision": 1.0, "recall": 0.75, "f1-score": 0.8571428571428571, "support": 4.0}, "noneconomic__shared_values_mentalities": {"precision": 0.9, "recall": 0.6923076923076923, "f1-score": 0.782608695652174, "support": 13.0}, "micro avg": {"precision": 0.8863636363636364, "recall": 0.7358490566037735, "f1-score": 0.8041237113402062, "support": 53.0}, "macro avg": {"precision": 0.7816666666666666, "recall": 0.659945054945055, "f1-score": 0.6975526888570366, "support": 53.0}, "weighted avg": {"precision": 0.8858490566037737, "recall": 0.7358490566037735, "f1-score": 0.7929120829038795, "support": 53.0}, "samples avg": {"precision": 0.4012345679012346, "recall": 0.397119341563786, "f1-score": 0.39670781893004103, "support": 53.0}}