{"economic__class_membership": {"precision": 0.0, "recall": 0.0, "f1-score": 0.0, "support": 0.0}, "economic__ecology_of_group": {"precision": 0.0, "recall": 0.0, "f1-score": 0.0, "support": 2.0}, "economic__education_level": {"precision": 1.0, "recall": 0.3333333333333333, "f1-score": 0.5, "support": 3.0}, "economic__employment_status": {"precision": 0.6666666666666666, "recall": 0.4, "f1-score": 0.5, "support": 5.0}, "economic__income_wealth_economic_status": {"precision": 1.0, "recall": 0.6666666666666666, "f1-score": 0.8, "support": 6.0}, "economic__occupation_profession": {"precision": 0.625, "recall": 0.625, "f1-score": 0.625, "support": 16.0}, "micro avg": {"precision": 0.68, "recall": 0.53125, "f1-score": 0.5964912280701754, "support": 32.0}, "macro avg": {"precision": 0.548611111111111, "recall": 0.33749999999999997, "f1-score": 0.4041666666666666, "support": 32.0}, "weighted avg": {"precision": 0.6979166666666666, "recall": 0.53125, "f1-score": 0.5875, "support": 32.0}, "samples avg": {"precision": 0.15463917525773196, "recall": 0.17525773195876287, "f1-score": 0.16151202749140892, "support": 32.0}}