{"noneconomic__age": {"precision": 0.8125, "recall": 0.9285714285714286, "f1-score": 0.8666666666666667, "support": 14.0}, "noneconomic__crime": {"precision": 0.75, "recall": 0.5, "f1-score": 0.6, "support": 6.0}, "noneconomic__ethnicity": {"precision": 0.625, "recall": 1.0, "f1-score": 0.7692307692307693, "support": 5.0}, "noneconomic__family": {"precision": 0.625, "recall": 0.8333333333333334, "f1-score": 0.7142857142857143, "support": 6.0}, "noneconomic__gender_sexuality": {"precision": 1.0, "recall": 0.9, "f1-score": 0.9473684210526315, "support": 20.0}, "noneconomic__health": {"precision": 1.0, "recall": 0.5, "f1-score": 0.6666666666666666, "support": 2.0}, "noneconomic__nationality": {"precision": 0.6666666666666666, "recall": 0.5333333333333333, "f1-score": 0.5925925925925926, "support": 15.0}, "noneconomic__place_location": {"precision": 1.0, "recall": 0.25, "f1-score": 0.4, "support": 4.0}, "noneconomic__religion": {"precision": 1.0, "recall": 0.5, "f1-score": 0.6666666666666666, "support": 4.0}, "noneconomic__shared_values_mentalities": {"precision": 0.8181818181818182, "recall": 0.6, "f1-score": 0.6923076923076923, "support": 15.0}, "micro avg": {"precision": 0.8024691358024691, "recall": 0.7142857142857143, "f1-score": 0.7558139534883721, "support": 91.0}, "macro avg": {"precision": 0.8297348484848485, "recall": 0.6545238095238094, "f1-score": 0.6915785189469401, "support": 91.0}, "weighted avg": {"precision": 0.8244255744255745, "recall": 0.7142857142857143, "f1-score": 0.7438030127445974, "support": 91.0}, "samples avg": {"precision": 0.518348623853211, "recall": 0.5252293577981652, "f1-score": 0.5097859327217126, "support": 91.0}}