{"economic__class_membership": {"precision": 0.0, "recall": 0.0, "f1-score": 0.0, "support": 0.0}, "economic__ecology_of_group": {"precision": 0.0, "recall": 0.0, "f1-score": 0.0, "support": 4.0}, "economic__education_level": {"precision": 1.0, "recall": 0.6666666666666666, "f1-score": 0.8, "support": 3.0}, "economic__employment_status": {"precision": 1.0, "recall": 0.5, "f1-score": 0.6666666666666666, "support": 2.0}, "economic__income_wealth_economic_status": {"precision": 1.0, "recall": 0.4, "f1-score": 0.5714285714285714, "support": 5.0}, "economic__occupation_profession": {"precision": 0.8571428571428571, "recall": 0.375, "f1-score": 0.5217391304347826, "support": 16.0}, "micro avg": {"precision": 0.9166666666666666, "recall": 0.36666666666666664, "f1-score": 0.5238095238095238, "support": 30.0}, "macro avg": {"precision": 0.6428571428571429, "recall": 0.32361111111111107, "f1-score": 0.42663906142167013, "support": 30.0}, "weighted avg": {"precision": 0.7904761904761906, "recall": 0.36666666666666664, "f1-score": 0.49794340924775704, "support": 30.0}, "samples avg": {"precision": 0.11931818181818182, "recall": 0.125, "f1-score": 0.1212121212121212, "support": 30.0}}