{"economic__class_membership": {"precision": 1.0, "recall": 0.25, "f1-score": 0.4, "support": 4.0}, "economic__ecology_of_group": {"precision": 0.0, "recall": 0.0, "f1-score": 0.0, "support": 1.0}, "economic__education_level": {"precision": 0.3, "recall": 0.75, "f1-score": 0.42857142857142855, "support": 4.0}, "economic__employment_status": {"precision": 0.6666666666666666, "recall": 0.4444444444444444, "f1-score": 0.5333333333333333, "support": 9.0}, "economic__income_wealth_economic_status": {"precision": 0.4444444444444444, "recall": 0.5714285714285714, "f1-score": 0.5, "support": 7.0}, "economic__occupation_profession": {"precision": 0.6666666666666666, "recall": 0.25, "f1-score": 0.36363636363636365, "support": 8.0}, "micro avg": {"precision": 0.4827586206896552, "recall": 0.42424242424242425, "f1-score": 0.45161290322580644, "support": 33.0}, "macro avg": {"precision": 0.512962962962963, "recall": 0.3776455026455026, "f1-score": 0.37092352092352093, "support": 33.0}, "weighted avg": {"precision": 0.5952861952861952, "recall": 0.42424242424242425, "f1-score": 0.44010232192050375, "support": 33.0}, "samples avg": {"precision": 0.1326530612244898, "recall": 0.1377551020408163, "f1-score": 0.1326530612244898, "support": 33.0}}