{"economic__class_membership": {"precision": 0.0, "recall": 0.0, "f1-score": 0.0, "support": 5.0}, "economic__ecology_of_group": {"precision": 1.0, "recall": 0.3333333333333333, "f1-score": 0.5, "support": 3.0}, "economic__education_level": {"precision": 0.75, "recall": 1.0, "f1-score": 0.8571428571428571, "support": 3.0}, "economic__employment_status": {"precision": 0.5555555555555556, "recall": 1.0, "f1-score": 0.7142857142857143, "support": 5.0}, "economic__income_wealth_economic_status": {"precision": 0.8888888888888888, "recall": 0.8, "f1-score": 0.8421052631578947, "support": 10.0}, "economic__occupation_profession": {"precision": 0.875, "recall": 0.5833333333333334, "f1-score": 0.7, "support": 12.0}, "micro avg": {"precision": 0.75, "recall": 0.631578947368421, "f1-score": 0.6857142857142857, "support": 38.0}, "macro avg": {"precision": 0.6782407407407408, "recall": 0.6194444444444444, "f1-score": 0.6022556390977444, "support": 38.0}, "weighted avg": {"precision": 0.7214912280701755, "recall": 0.631578947368421, "f1-score": 0.6437870993272655, "support": 38.0}, "samples avg": {"precision": 0.2654320987654321, "recall": 0.2654320987654321, "f1-score": 0.25925925925925924, "support": 38.0}}