{"economic__class_membership": {"precision": 1.0, "recall": 0.2, "f1-score": 0.3333333333333333, "support": 5.0}, "economic__ecology_of_group": {"precision": 1.0, "recall": 0.5, "f1-score": 0.6666666666666666, "support": 2.0}, "economic__education_level": {"precision": 1.0, "recall": 1.0, "f1-score": 1.0, "support": 2.0}, "economic__employment_status": {"precision": 0.8, "recall": 1.0, "f1-score": 0.8888888888888888, "support": 4.0}, "economic__income_wealth_economic_status": {"precision": 0.75, "recall": 0.5454545454545454, "f1-score": 0.631578947368421, "support": 11.0}, "economic__occupation_profession": {"precision": 1.0, "recall": 0.7647058823529411, "f1-score": 0.8666666666666667, "support": 17.0}, "micro avg": {"precision": 0.9, "recall": 0.6585365853658537, "f1-score": 0.7605633802816901, "support": 41.0}, "macro avg": {"precision": 0.9249999999999999, "recall": 0.6683600713012477, "f1-score": 0.7311890838206626, "support": 41.0}, "weighted avg": {"precision": 0.9134146341463415, "recall": 0.6585365853658537, "f1-score": 0.7374696904863786, "support": 41.0}, "samples avg": {"precision": 0.21982758620689655, "recall": 0.21982758620689655, "f1-score": 0.21839080459770113, "support": 41.0}}