{"noneconomic__age": {"precision": 0.9473684210526315, "recall": 0.72, "f1-score": 0.8181818181818182, "support": 25.0}, "noneconomic__crime": {"precision": 1.0, "recall": 0.6666666666666666, "f1-score": 0.8, "support": 3.0}, "noneconomic__ethnicity": {"precision": 0.8, "recall": 1.0, "f1-score": 0.8888888888888888, "support": 4.0}, "noneconomic__family": {"precision": 0.8333333333333334, "recall": 0.8333333333333334, "f1-score": 0.8333333333333334, "support": 12.0}, "noneconomic__gender_sexuality": {"precision": 1.0, "recall": 1.0, "f1-score": 1.0, "support": 6.0}, "noneconomic__health": {"precision": 1.0, "recall": 0.6666666666666666, "f1-score": 0.8, "support": 3.0}, "noneconomic__nationality": {"precision": 0.9090909090909091, "recall": 0.8333333333333334, "f1-score": 0.8695652173913043, "support": 12.0}, "noneconomic__place_location": {"precision": 1.0, "recall": 0.6666666666666666, "f1-score": 0.8, "support": 3.0}, "noneconomic__religion": {"precision": 0.75, "recall": 0.6, "f1-score": 0.6666666666666666, "support": 5.0}, "noneconomic__shared_values_mentalities": {"precision": 0.8571428571428571, "recall": 0.8571428571428571, "f1-score": 0.8571428571428571, "support": 14.0}, "micro avg": {"precision": 0.8961038961038961, "recall": 0.7931034482758621, "f1-score": 0.8414634146341463, "support": 87.0}, "macro avg": {"precision": 0.9096935520619731, "recall": 0.7843809523809523, "f1-score": 0.8333778781604868, "support": 87.0}, "weighted avg": {"precision": 0.9027965682230654, "recall": 0.7931034482758621, "f1-score": 0.8388300799095402, "support": 87.0}, "samples avg": {"precision": 0.5408163265306123, "recall": 0.5357142857142857, "f1-score": 0.5306122448979592, "support": 87.0}}