{"economic__class_membership": {"precision": 0.0, "recall": 0.0, "f1-score": 0.0, "support": 0.0}, "economic__ecology_of_group": {"precision": 0.5, "recall": 0.5, "f1-score": 0.5, "support": 2.0}, "economic__education_level": {"precision": 1.0, "recall": 0.6666666666666666, "f1-score": 0.8, "support": 3.0}, "economic__employment_status": {"precision": 0.5, "recall": 0.2, "f1-score": 0.2857142857142857, "support": 5.0}, "economic__income_wealth_economic_status": {"precision": 0.7142857142857143, "recall": 0.8333333333333334, "f1-score": 0.7692307692307693, "support": 6.0}, "economic__occupation_profession": {"precision": 0.7368421052631579, "recall": 0.875, "f1-score": 0.8, "support": 16.0}, "micro avg": {"precision": 0.71875, "recall": 0.71875, "f1-score": 0.71875, "support": 32.0}, "macro avg": {"precision": 0.575187969924812, "recall": 0.5125, "f1-score": 0.5258241758241758, "support": 32.0}, "weighted avg": {"precision": 0.7054746240601504, "recall": 0.71875, "f1-score": 0.6951236263736265, "support": 32.0}, "samples avg": {"precision": 0.23195876288659795, "recall": 0.23195876288659795, "f1-score": 0.23024054982817868, "support": 32.0}}