{"economic__education_level": {"precision": 1.0, "recall": 0.6666666666666666, "f1-score": 0.8, "support": 3.0}, "economic__employment_status": {"precision": 0.6153846153846154, "recall": 0.8, "f1-score": 0.6956521739130435, "support": 10.0}, "economic__income_wealth_economic_status": {"precision": 0.4, "recall": 0.4, "f1-score": 0.4, "support": 5.0}, "economic__occupation_profession": {"precision": 0.9285714285714286, "recall": 0.6842105263157895, "f1-score": 0.7878787878787878, "support": 19.0}, "micro avg": {"precision": 0.7352941176470589, "recall": 0.6756756756756757, "f1-score": 0.704225352112676, "support": 37.0}, "macro avg": {"precision": 0.735989010989011, "recall": 0.637719298245614, "f1-score": 0.6708827404479578, "support": 37.0}, "weighted avg": {"precision": 0.7782892782892783, "recall": 0.6756756756756757, "f1-score": 0.7115194245629028, "support": 37.0}, "samples avg": {"precision": 0.2857142857142857, "recall": 0.3116883116883117, "f1-score": 0.29437229437229434, "support": 37.0}}