{"noneconomic__age": {"precision": 0.96, "recall": 0.96, "f1-score": 0.96, "support": 25.0}, "noneconomic__crime": {"precision": 1.0, "recall": 1.0, "f1-score": 1.0, "support": 3.0}, "noneconomic__ethnicity": {"precision": 0.36363636363636365, "recall": 1.0, "f1-score": 0.5333333333333333, "support": 4.0}, "noneconomic__family": {"precision": 0.75, "recall": 1.0, "f1-score": 0.8571428571428571, "support": 12.0}, "noneconomic__gender_sexuality": {"precision": 0.75, "recall": 1.0, "f1-score": 0.8571428571428571, "support": 6.0}, "noneconomic__health": {"precision": 1.0, "recall": 1.0, "f1-score": 1.0, "support": 3.0}, "noneconomic__nationality": {"precision": 0.9230769230769231, "recall": 1.0, "f1-score": 0.96, "support": 12.0}, "noneconomic__place_location": {"precision": 0.5, "recall": 0.6666666666666666, "f1-score": 0.5714285714285714, "support": 3.0}, "noneconomic__religion": {"precision": 0.5, "recall": 1.0, "f1-score": 0.6666666666666666, "support": 5.0}, "noneconomic__shared_values_mentalities": {"precision": 0.75, "recall": 0.8571428571428571, "f1-score": 0.8, "support": 14.0}, "micro avg": {"precision": 0.7614678899082569, "recall": 0.9540229885057471, "f1-score": 0.8469387755102041, "support": 87.0}, "macro avg": {"precision": 0.7496713286713288, "recall": 0.9483809523809524, "f1-score": 0.8205714285714286, "support": 87.0}, "weighted avg": {"precision": 0.8107065348444659, "recall": 0.9540229885057471, "f1-score": 0.8658565955117679, "support": 87.0}, "samples avg": {"precision": 0.5799319727891157, "recall": 0.6326530612244898, "f1-score": 0.5928571428571427, "support": 87.0}}