{"economic__class_membership": {"precision": 0.0, "recall": 0.0, "f1-score": 0.0, "support": 0.0}, "economic__ecology_of_group": {"precision": 0.25, "recall": 0.6666666666666666, "f1-score": 0.36363636363636365, "support": 3.0}, "economic__education_level": {"precision": 0.6666666666666666, "recall": 1.0, "f1-score": 0.8, "support": 6.0}, "economic__employment_status": {"precision": 0.5, "recall": 1.0, "f1-score": 0.6666666666666666, "support": 4.0}, "economic__income_wealth_economic_status": {"precision": 0.6, "recall": 0.42857142857142855, "f1-score": 0.5, "support": 7.0}, "economic__occupation_profession": {"precision": 0.8125, "recall": 0.8125, "f1-score": 0.8125, "support": 16.0}, "micro avg": {"precision": 0.5490196078431373, "recall": 0.7777777777777778, "f1-score": 0.6436781609195402, "support": 36.0}, "macro avg": {"precision": 0.47152777777777777, "recall": 0.6512896825396824, "f1-score": 0.523800505050505, "support": 36.0}, "weighted avg": {"precision": 0.6652777777777777, "recall": 0.7777777777777778, "f1-score": 0.696043771043771, "support": 36.0}, "samples avg": {"precision": 0.2625, "recall": 0.3125, "f1-score": 0.2791666666666667, "support": 36.0}}