{"economic": {"precision": 0.7142857142857143, "recall": 0.8823529411764706, "f1-score": 0.7894736842105263, "support": 34.0}, "noneconomic": {"precision": 0.7115384615384616, "recall": 0.8409090909090909, "f1-score": 0.7708333333333334, "support": 44.0}, "micro avg": {"precision": 0.7127659574468085, "recall": 0.8589743589743589, "f1-score": 0.7790697674418605, "support": 78.0}, "macro avg": {"precision": 0.7129120879120879, "recall": 0.8616310160427807, "f1-score": 0.7801535087719298, "support": 78.0}, "weighted avg": {"precision": 0.7127359819667513, "recall": 0.8589743589743589, "f1-score": 0.7789586144849303, "support": 78.0}, "samples avg": {"precision": 0.7098765432098766, "recall": 0.7654320987654321, "f1-score": 0.720164609053498, "support": 78.0}}