{"economic": {"precision": 0.8947368421052632, "recall": 0.9444444444444444, "f1-score": 0.918918918918919, "support": 36.0}, "noneconomic": {"precision": 0.8, "recall": 0.8888888888888888, "f1-score": 0.8421052631578947, "support": 45.0}, "micro avg": {"precision": 0.8409090909090909, "recall": 0.9135802469135802, "f1-score": 0.8757396449704142, "support": 81.0}, "macro avg": {"precision": 0.8473684210526315, "recall": 0.9166666666666666, "f1-score": 0.8805120910384068, "support": 81.0}, "weighted avg": {"precision": 0.8421052631578948, "recall": 0.9135802469135802, "f1-score": 0.8762446657183499, "support": 81.0}, "samples avg": {"precision": 0.8116883116883117, "recall": 0.8506493506493507, "f1-score": 0.8225108225108225, "support": 81.0}}