{"economic": {"precision": 0.625, "recall": 0.8620689655172413, "f1-score": 0.7246376811594203, "support": 29.0}, "noneconomic": {"precision": 0.85, "recall": 0.7846153846153846, "f1-score": 0.816, "support": 65.0}, "micro avg": {"precision": 0.76, "recall": 0.8085106382978723, "f1-score": 0.7835051546391752, "support": 94.0}, "macro avg": {"precision": 0.7375, "recall": 0.823342175066313, "f1-score": 0.7703188405797101, "support": 94.0}, "weighted avg": {"precision": 0.7805851063829787, "recall": 0.8085106382978723, "f1-score": 0.7878137526981189, "support": 94.0}, "samples avg": {"precision": 0.7551020408163265, "recall": 0.7602040816326531, "f1-score": 0.7517006802721088, "support": 94.0}}