{"economic__class_membership": {"precision": 1.0, "recall": 0.25, "f1-score": 0.4, "support": 4.0}, "economic__ecology_of_group": {"precision": 1.0, "recall": 1.0, "f1-score": 1.0, "support": 1.0}, "economic__education_level": {"precision": 1.0, "recall": 1.0, "f1-score": 1.0, "support": 4.0}, "economic__employment_status": {"precision": 0.5714285714285714, "recall": 0.4444444444444444, "f1-score": 0.5, "support": 9.0}, "economic__income_wealth_economic_status": {"precision": 0.8333333333333334, "recall": 0.7142857142857143, "f1-score": 0.7692307692307693, "support": 7.0}, "economic__occupation_profession": {"precision": 0.5, "recall": 0.375, "f1-score": 0.42857142857142855, "support": 8.0}, "micro avg": {"precision": 0.72, "recall": 0.5454545454545454, "f1-score": 0.6206896551724138, "support": 33.0}, "macro avg": {"precision": 0.8174603174603173, "recall": 0.6306216931216931, "f1-score": 0.6829670329670329, "support": 33.0}, "weighted avg": {"precision": 0.7265512265512265, "recall": 0.5454545454545454, "f1-score": 0.6034299034299034, "support": 33.0}, "samples avg": {"precision": 0.15816326530612246, "recall": 0.1683673469387755, "f1-score": 0.16156462585034012, "support": 33.0}}