{"economic__education_level": {"precision": 1.0, "recall": 0.2, "f1-score": 0.3333333333333333, "support": 5.0}, "economic__employment_status": {"precision": 0.75, "recall": 0.75, "f1-score": 0.75, "support": 4.0}, "economic__income_wealth_economic_status": {"precision": 1.0, "recall": 0.7272727272727273, "f1-score": 0.8421052631578947, "support": 11.0}, "economic__occupation_profession": {"precision": 0.9230769230769231, "recall": 0.75, "f1-score": 0.8275862068965517, "support": 16.0}, "micro avg": {"precision": 0.9230769230769231, "recall": 0.6666666666666666, "f1-score": 0.7741935483870968, "support": 36.0}, "macro avg": {"precision": 0.9182692307692308, "recall": 0.6068181818181818, "f1-score": 0.6882562008469449, "support": 36.0}, "weighted avg": {"precision": 0.9380341880341881, "recall": 0.6666666666666666, "f1-score": 0.7547556631041205, "support": 36.0}, "samples avg": {"precision": 0.27058823529411763, "recall": 0.2647058823529412, "f1-score": 0.26666666666666666, "support": 36.0}}