{"economic": {"precision": 0.6976744186046512, "recall": 0.8823529411764706, "f1-score": 0.7792207792207793, "support": 34.0}, "noneconomic": {"precision": 0.7115384615384616, "recall": 0.8409090909090909, "f1-score": 0.7708333333333334, "support": 44.0}, "micro avg": {"precision": 0.7052631578947368, "recall": 0.8589743589743589, "f1-score": 0.7745664739884393, "support": 78.0}, "macro avg": {"precision": 0.7046064400715564, "recall": 0.8616310160427807, "f1-score": 0.7750270562770563, "support": 78.0}, "weighted avg": {"precision": 0.7054951607724417, "recall": 0.8589743589743589, "f1-score": 0.7744893994893995, "support": 78.0}, "samples avg": {"precision": 0.6975308641975309, "recall": 0.7530864197530864, "f1-score": 0.7119341563786009, "support": 78.0}}