{"economic": {"precision": 0.5945945945945946, "recall": 0.7096774193548387, "f1-score": 0.6470588235294118, "support": 31.0}, "noneconomic": {"precision": 0.8604651162790697, "recall": 0.961038961038961, "f1-score": 0.9079754601226994, "support": 77.0}, "micro avg": {"precision": 0.7804878048780488, "recall": 0.8888888888888888, "f1-score": 0.8311688311688312, "support": 108.0}, "macro avg": {"precision": 0.7275298554368321, "recall": 0.8353581901968998, "f1-score": 0.7775171418260556, "support": 108.0}, "weighted avg": {"precision": 0.7841504294992667, "recall": 0.8888888888888888, "f1-score": 0.8330827218412927, "support": 108.0}, "samples avg": {"precision": 0.8027522935779816, "recall": 0.8440366972477065, "f1-score": 0.8134556574923546, "support": 108.0}}