{"economic": {"precision": 0.813953488372093, "recall": 0.9722222222222222, "f1-score": 0.8860759493670886, "support": 36.0}, "noneconomic": {"precision": 0.8604651162790697, "recall": 0.8222222222222222, "f1-score": 0.8409090909090909, "support": 45.0}, "micro avg": {"precision": 0.8372093023255814, "recall": 0.8888888888888888, "f1-score": 0.8622754491017964, "support": 81.0}, "macro avg": {"precision": 0.8372093023255813, "recall": 0.8972222222222221, "f1-score": 0.8634925201380897, "support": 81.0}, "weighted avg": {"precision": 0.8397932816537467, "recall": 0.8888888888888888, "f1-score": 0.8609832502237565, "support": 81.0}, "samples avg": {"precision": 0.8246753246753247, "recall": 0.8441558441558441, "f1-score": 0.8225108225108224, "support": 81.0}}