{"economic": {"precision": 0.96, "recall": 0.6666666666666666, "f1-score": 0.7868852459016393, "support": 36.0}, "noneconomic": {"precision": 0.7068965517241379, "recall": 0.9111111111111111, "f1-score": 0.7961165048543689, "support": 45.0}, "micro avg": {"precision": 0.7831325301204819, "recall": 0.8024691358024691, "f1-score": 0.7926829268292683, "support": 81.0}, "macro avg": {"precision": 0.8334482758620689, "recall": 0.7888888888888889, "f1-score": 0.7915008753780042, "support": 81.0}, "weighted avg": {"precision": 0.8193869731800767, "recall": 0.8024691358024691, "f1-score": 0.7920137230976003, "support": 81.0}, "samples avg": {"precision": 0.7597402597402597, "recall": 0.7597402597402597, "f1-score": 0.7489177489177489, "support": 81.0}}