{"economic__class_membership": {"precision": 0.5, "recall": 0.25, "f1-score": 0.3333333333333333, "support": 4.0}, "economic__ecology_of_group": {"precision": 1.0, "recall": 1.0, "f1-score": 1.0, "support": 1.0}, "economic__education_level": {"precision": 0.23076923076923078, "recall": 0.75, "f1-score": 0.35294117647058826, "support": 4.0}, "economic__employment_status": {"precision": 0.6, "recall": 0.3333333333333333, "f1-score": 0.42857142857142855, "support": 9.0}, "economic__income_wealth_economic_status": {"precision": 0.375, "recall": 0.42857142857142855, "f1-score": 0.4, "support": 7.0}, "economic__occupation_profession": {"precision": 0.42857142857142855, "recall": 0.375, "f1-score": 0.4, "support": 8.0}, "micro avg": {"precision": 0.3888888888888889, "recall": 0.42424242424242425, "f1-score": 0.4057971014492754, "support": 33.0}, "macro avg": {"precision": 0.5223901098901099, "recall": 0.5228174603174603, "f1-score": 0.4858076563958917, "support": 33.0}, "weighted avg": {"precision": 0.46595904095904095, "recall": 0.42424242424242425, "f1-score": 0.4121891180714711, "support": 33.0}, "samples avg": {"precision": 0.09693877551020408, "recall": 0.1326530612244898, "f1-score": 0.10884353741496598, "support": 33.0}}