{"economic__class_membership": {"precision": 0.0, "recall": 0.0, "f1-score": 0.0, "support": 0.0}, "economic__ecology_of_group": {"precision": 0.0, "recall": 0.0, "f1-score": 0.0, "support": 4.0}, "economic__education_level": {"precision": 0.75, "recall": 1.0, "f1-score": 0.8571428571428571, "support": 3.0}, "economic__employment_status": {"precision": 1.0, "recall": 0.5, "f1-score": 0.6666666666666666, "support": 2.0}, "economic__income_wealth_economic_status": {"precision": 1.0, "recall": 0.4, "f1-score": 0.5714285714285714, "support": 5.0}, "economic__occupation_profession": {"precision": 0.875, "recall": 0.4375, "f1-score": 0.5833333333333334, "support": 16.0}, "micro avg": {"precision": 0.8125, "recall": 0.43333333333333335, "f1-score": 0.5652173913043478, "support": 30.0}, "macro avg": {"precision": 0.6041666666666666, "recall": 0.38958333333333334, "f1-score": 0.4464285714285714, "support": 30.0}, "weighted avg": {"precision": 0.775, "recall": 0.43333333333333335, "f1-score": 0.5365079365079365, "support": 30.0}, "samples avg": {"precision": 0.14204545454545456, "recall": 0.14772727272727273, "f1-score": 0.14393939393939392, "support": 30.0}}