{"noneconomic__age": {"precision": 0.96, "recall": 0.96, "f1-score": 0.96, "support": 25.0}, "noneconomic__crime": {"precision": 1.0, "recall": 1.0, "f1-score": 1.0, "support": 3.0}, "noneconomic__ethnicity": {"precision": 0.8, "recall": 1.0, "f1-score": 0.8888888888888888, "support": 4.0}, "noneconomic__family": {"precision": 0.9090909090909091, "recall": 0.8333333333333334, "f1-score": 0.8695652173913043, "support": 12.0}, "noneconomic__gender_sexuality": {"precision": 0.6666666666666666, "recall": 0.6666666666666666, "f1-score": 0.6666666666666666, "support": 6.0}, "noneconomic__health": {"precision": 1.0, "recall": 1.0, "f1-score": 1.0, "support": 3.0}, "noneconomic__nationality": {"precision": 1.0, "recall": 1.0, "f1-score": 1.0, "support": 12.0}, "noneconomic__place_location": {"precision": 0.3333333333333333, "recall": 0.3333333333333333, "f1-score": 0.3333333333333333, "support": 3.0}, "noneconomic__religion": {"precision": 1.0, "recall": 1.0, "f1-score": 1.0, "support": 5.0}, "noneconomic__shared_values_mentalities": {"precision": 0.7857142857142857, "recall": 0.7857142857142857, "f1-score": 0.7857142857142857, "support": 14.0}, "micro avg": {"precision": 0.8850574712643678, "recall": 0.8850574712643678, "f1-score": 0.8850574712643678, "support": 87.0}, "macro avg": {"precision": 0.8454805194805195, "recall": 0.857904761904762, "f1-score": 0.850416839199448, "support": 87.0}, "weighted avg": {"precision": 0.8863113897596656, "recall": 0.8850574712643678, "f1-score": 0.8849464156810483, "support": 87.0}, "samples avg": {"precision": 0.6020408163265306, "recall": 0.5952380952380952, "f1-score": 0.5911564625850341, "support": 87.0}}