{"noneconomic__age": {"precision": 1.0, "recall": 1.0, "f1-score": 1.0, "support": 19.0}, "noneconomic__crime": {"precision": 0.6666666666666666, "recall": 0.6666666666666666, "f1-score": 0.6666666666666666, "support": 3.0}, "noneconomic__ethnicity": {"precision": 0.8, "recall": 0.8, "f1-score": 0.8, "support": 5.0}, "noneconomic__family": {"precision": 0.8, "recall": 0.2857142857142857, "f1-score": 0.42105263157894735, "support": 14.0}, "noneconomic__gender_sexuality": {"precision": 1.0, "recall": 0.25, "f1-score": 0.4, "support": 8.0}, "noneconomic__health": {"precision": 1.0, "recall": 0.5, "f1-score": 0.6666666666666666, "support": 6.0}, "noneconomic__nationality": {"precision": 0.5882352941176471, "recall": 0.8333333333333334, "f1-score": 0.6896551724137931, "support": 12.0}, "noneconomic__place_location": {"precision": 0.2857142857142857, "recall": 1.0, "f1-score": 0.4444444444444444, "support": 2.0}, "noneconomic__religion": {"precision": 1.0, "recall": 0.7142857142857143, "f1-score": 0.8333333333333334, "support": 7.0}, "noneconomic__shared_values_mentalities": {"precision": 0.35294117647058826, "recall": 0.3333333333333333, "f1-score": 0.34285714285714286, "support": 18.0}, "micro avg": {"precision": 0.6867469879518072, "recall": 0.6063829787234043, "f1-score": 0.6440677966101694, "support": 94.0}, "macro avg": {"precision": 0.7493557422969187, "recall": 0.6383333333333333, "f1-score": 0.6264676057960994, "support": 94.0}, "weighted avg": {"precision": 0.7572680135884142, "recall": 0.6063829787234043, "f1-score": 0.6304707415395913, "support": 94.0}, "samples avg": {"precision": 0.42222222222222217, "recall": 0.38571428571428573, "f1-score": 0.3898412698412698, "support": 94.0}}