{"noneconomic__age": {"precision": 0.7777777777777778, "recall": 0.7, "f1-score": 0.7368421052631579, "support": 10.0}, "noneconomic__crime": {"precision": 0.8333333333333334, "recall": 1.0, "f1-score": 0.9090909090909091, "support": 5.0}, "noneconomic__ethnicity": {"precision": 0.3333333333333333, "recall": 1.0, "f1-score": 0.5, "support": 2.0}, "noneconomic__family": {"precision": 0.6666666666666666, "recall": 1.0, "f1-score": 0.8, "support": 2.0}, "noneconomic__gender_sexuality": {"precision": 0.5, "recall": 1.0, "f1-score": 0.6666666666666666, "support": 2.0}, "noneconomic__health": {"precision": 0.6666666666666666, "recall": 0.4, "f1-score": 0.5, "support": 5.0}, "noneconomic__nationality": {"precision": 0.7142857142857143, "recall": 0.7142857142857143, "f1-score": 0.7142857142857143, "support": 14.0}, "noneconomic__place_location": {"precision": 0.1111111111111111, "recall": 0.5, "f1-score": 0.18181818181818182, "support": 2.0}, "noneconomic__religion": {"precision": 1.0, "recall": 0.7142857142857143, "f1-score": 0.8333333333333334, "support": 7.0}, "noneconomic__shared_values_mentalities": {"precision": 0.14583333333333334, "recall": 0.6363636363636364, "f1-score": 0.23728813559322035, "support": 11.0}, "micro avg": {"precision": 0.40186915887850466, "recall": 0.7166666666666667, "f1-score": 0.5149700598802395, "support": 60.0}, "macro avg": {"precision": 0.5749007936507936, "recall": 0.7664935064935066, "f1-score": 0.6079325046051183, "support": 60.0}, "weighted avg": {"precision": 0.6184027777777777, "recall": 0.7166666666666667, "f1-score": 0.6192391353319097, "support": 60.0}, "samples avg": {"precision": 0.3297491039426523, "recall": 0.37275985663082434, "f1-score": 0.3365591397849462, "support": 60.0}}