{"economic__education_level": {"precision": 0.0, "recall": 0.0, "f1-score": 0.0, "support": 1.0}, "economic__employment_status": {"precision": 0.625, "recall": 0.5555555555555556, "f1-score": 0.5882352941176471, "support": 9.0}, "economic__income_wealth_economic_status": {"precision": 0.5555555555555556, "recall": 0.3333333333333333, "f1-score": 0.4166666666666667, "support": 15.0}, "economic__occupation_profession": {"precision": 0.23076923076923078, "recall": 0.42857142857142855, "f1-score": 0.3, "support": 7.0}, "micro avg": {"precision": 0.3611111111111111, "recall": 0.40625, "f1-score": 0.38235294117647056, "support": 32.0}, "macro avg": {"precision": 0.3528311965811966, "recall": 0.32936507936507936, "f1-score": 0.32622549019607844, "support": 32.0}, "weighted avg": {"precision": 0.4866786858974359, "recall": 0.40625, "f1-score": 0.4263786764705882, "support": 32.0}, "samples avg": {"precision": 0.11009174311926606, "recall": 0.11467889908256881, "f1-score": 0.11009174311926606, "support": 32.0}}