{"economic__education_level": {"precision": 0.0, "recall": 0.0, "f1-score": 0.0, "support": 1.0}, "economic__employment_status": {"precision": 1.0, "recall": 0.8888888888888888, "f1-score": 0.9411764705882353, "support": 9.0}, "economic__income_wealth_economic_status": {"precision": 0.5263157894736842, "recall": 0.6666666666666666, "f1-score": 0.5882352941176471, "support": 15.0}, "economic__occupation_profession": {"precision": 0.42857142857142855, "recall": 0.42857142857142855, "f1-score": 0.42857142857142855, "support": 7.0}, "micro avg": {"precision": 0.5526315789473685, "recall": 0.65625, "f1-score": 0.6, "support": 32.0}, "macro avg": {"precision": 0.48872180451127817, "recall": 0.496031746031746, "f1-score": 0.4894957983193277, "support": 32.0}, "weighted avg": {"precision": 0.6217105263157895, "recall": 0.65625, "f1-score": 0.6341911764705883, "support": 32.0}, "samples avg": {"precision": 0.1834862385321101, "recall": 0.18807339449541285, "f1-score": 0.1834862385321101, "support": 32.0}}