{"economic__class_membership": {"precision": 1.0, "recall": 0.25, "f1-score": 0.4, "support": 4.0}, "economic__ecology_of_group": {"precision": 0.3333333333333333, "recall": 1.0, "f1-score": 0.5, "support": 1.0}, "economic__education_level": {"precision": 0.6666666666666666, "recall": 0.5, "f1-score": 0.5714285714285714, "support": 4.0}, "economic__employment_status": {"precision": 0.7777777777777778, "recall": 0.7777777777777778, "f1-score": 0.7777777777777778, "support": 9.0}, "economic__income_wealth_economic_status": {"precision": 0.7142857142857143, "recall": 0.7142857142857143, "f1-score": 0.7142857142857143, "support": 7.0}, "economic__occupation_profession": {"precision": 0.75, "recall": 0.75, "f1-score": 0.75, "support": 8.0}, "micro avg": {"precision": 0.7096774193548387, "recall": 0.6666666666666666, "f1-score": 0.6875, "support": 33.0}, "macro avg": {"precision": 0.707010582010582, "recall": 0.6653439153439153, "f1-score": 0.618915343915344, "support": 33.0}, "weighted avg": {"precision": 0.7575757575757576, "recall": 0.6666666666666666, "f1-score": 0.6783549783549784, "support": 33.0}, "samples avg": {"precision": 0.2193877551020408, "recall": 0.20408163265306123, "f1-score": 0.2074829931972789, "support": 33.0}}