{"economic__education_level": {"precision": 1.0, "recall": 0.6666666666666666, "f1-score": 0.8, "support": 3.0}, "economic__employment_status": {"precision": 0.7272727272727273, "recall": 0.8, "f1-score": 0.7619047619047619, "support": 10.0}, "economic__income_wealth_economic_status": {"precision": 0.5714285714285714, "recall": 0.8, "f1-score": 0.6666666666666666, "support": 5.0}, "economic__occupation_profession": {"precision": 0.7368421052631579, "recall": 0.7368421052631579, "f1-score": 0.7368421052631579, "support": 19.0}, "micro avg": {"precision": 0.717948717948718, "recall": 0.7567567567567568, "f1-score": 0.7368421052631579, "support": 37.0}, "macro avg": {"precision": 0.7588858509911142, "recall": 0.7508771929824561, "f1-score": 0.7413533834586467, "support": 37.0}, "weighted avg": {"precision": 0.7332397332397332, "recall": 0.7567567567567568, "f1-score": 0.7392535392535392, "support": 37.0}, "samples avg": {"precision": 0.3051948051948052, "recall": 0.35064935064935066, "f1-score": 0.3203463203463204, "support": 37.0}}