{"economic": {"precision": 0.825, "recall": 0.8918918918918919, "f1-score": 0.8571428571428571, "support": 37.0}, "noneconomic": {"precision": 0.9436619718309859, "recall": 0.8701298701298701, "f1-score": 0.9054054054054054, "support": 77.0}, "micro avg": {"precision": 0.9009009009009009, "recall": 0.8771929824561403, "f1-score": 0.8888888888888888, "support": 114.0}, "macro avg": {"precision": 0.8843309859154929, "recall": 0.881010881010881, "f1-score": 0.8812741312741312, "support": 114.0}, "weighted avg": {"precision": 0.9051488757104028, "recall": 0.8771929824561403, "f1-score": 0.8897412450044028, "support": 114.0}, "samples avg": {"precision": 0.8513513513513513, "recall": 0.8468468468468469, "f1-score": 0.8408408408408409, "support": 114.0}}