{"noneconomic__age": {"precision": 0.8333333333333334, "recall": 0.7142857142857143, "f1-score": 0.7692307692307693, "support": 7.0}, "noneconomic__crime": {"precision": 1.0, "recall": 0.3333333333333333, "f1-score": 0.5, "support": 3.0}, "noneconomic__ethnicity": {"precision": 0.75, "recall": 1.0, "f1-score": 0.8571428571428571, "support": 3.0}, "noneconomic__family": {"precision": 1.0, "recall": 0.8, "f1-score": 0.8888888888888888, "support": 5.0}, "noneconomic__gender_sexuality": {"precision": 1.0, "recall": 0.8, "f1-score": 0.8888888888888888, "support": 10.0}, "noneconomic__health": {"precision": 1.0, "recall": 0.6666666666666666, "f1-score": 0.8, "support": 3.0}, "noneconomic__nationality": {"precision": 0.3333333333333333, "recall": 0.75, "f1-score": 0.46153846153846156, "support": 4.0}, "noneconomic__place_location": {"precision": 0.0, "recall": 0.0, "f1-score": 0.0, "support": 1.0}, "noneconomic__religion": {"precision": 0.6666666666666666, "recall": 1.0, "f1-score": 0.8, "support": 4.0}, "noneconomic__shared_values_mentalities": {"precision": 1.0, "recall": 0.7692307692307693, "f1-score": 0.8695652173913043, "support": 13.0}, "micro avg": {"precision": 0.8, "recall": 0.7547169811320755, "f1-score": 0.7766990291262136, "support": 53.0}, "macro avg": {"precision": 0.7583333333333334, "recall": 0.6833516483516484, "f1-score": 0.683525508308117, "support": 53.0}, "weighted avg": {"precision": 0.869496855345912, "recall": 0.7547169811320755, "f1-score": 0.7837713011626055, "support": 53.0}, "samples avg": {"precision": 0.41358024691358025, "recall": 0.40946502057613166, "f1-score": 0.4090534979423868, "support": 53.0}}