{"economic__class_membership": {"precision": 0.75, "recall": 0.6, "f1-score": 0.6666666666666666, "support": 5.0}, "economic__ecology_of_group": {"precision": 1.0, "recall": 1.0, "f1-score": 1.0, "support": 2.0}, "economic__education_level": {"precision": 0.6666666666666666, "recall": 1.0, "f1-score": 0.8, "support": 2.0}, "economic__employment_status": {"precision": 0.8, "recall": 1.0, "f1-score": 0.8888888888888888, "support": 4.0}, "economic__income_wealth_economic_status": {"precision": 0.875, "recall": 0.6363636363636364, "f1-score": 0.7368421052631579, "support": 11.0}, "economic__occupation_profession": {"precision": 1.0, "recall": 0.7058823529411765, "f1-score": 0.8275862068965517, "support": 17.0}, "micro avg": {"precision": 0.8823529411764706, "recall": 0.7317073170731707, "f1-score": 0.8, "support": 41.0}, "macro avg": {"precision": 0.8486111111111111, "recall": 0.8237076648841355, "f1-score": 0.8199973112858775, "support": 41.0}, "weighted avg": {"precision": 0.9002032520325203, "recall": 0.7317073170731707, "f1-score": 0.7966614040006099, "support": 41.0}, "samples avg": {"precision": 0.25, "recall": 0.24568965517241378, "f1-score": 0.2471264367816092, "support": 41.0}}