{"economic__education_level": {"precision": 1.0, "recall": 1.0, "f1-score": 1.0, "support": 4.0}, "economic__employment_status": {"precision": 0.75, "recall": 0.5, "f1-score": 0.6, "support": 6.0}, "economic__income_wealth_economic_status": {"precision": 0.7, "recall": 0.7, "f1-score": 0.7, "support": 10.0}, "economic__occupation_profession": {"precision": 1.0, "recall": 0.7894736842105263, "f1-score": 0.8823529411764706, "support": 19.0}, "micro avg": {"precision": 0.8787878787878788, "recall": 0.7435897435897436, "f1-score": 0.8055555555555556, "support": 39.0}, "macro avg": {"precision": 0.8625, "recall": 0.7473684210526317, "f1-score": 0.7955882352941176, "support": 39.0}, "weighted avg": {"precision": 0.8846153846153846, "recall": 0.7435897435897436, "f1-score": 0.8042232277526395, "support": 39.0}, "samples avg": {"precision": 0.21481481481481482, "recall": 0.2111111111111111, "f1-score": 0.21234567901234566, "support": 39.0}}