{"economic": {"precision": 0.627906976744186, "recall": 0.9310344827586207, "f1-score": 0.75, "support": 29.0}, "noneconomic": {"precision": 0.8333333333333334, "recall": 0.9230769230769231, "f1-score": 0.8759124087591241, "support": 65.0}, "micro avg": {"precision": 0.7565217391304347, "recall": 0.925531914893617, "f1-score": 0.8325358851674641, "support": 94.0}, "macro avg": {"precision": 0.7306201550387597, "recall": 0.927055702917772, "f1-score": 0.8129562043795621, "support": 94.0}, "weighted avg": {"precision": 0.7699571169388092, "recall": 0.925531914893617, "f1-score": 0.8370670911632242, "support": 94.0}, "samples avg": {"precision": 0.7653061224489796, "recall": 0.8571428571428571, "f1-score": 0.7959183673469388, "support": 94.0}}