{"economic": {"precision": 0.8387096774193549, "recall": 0.7428571428571429, "f1-score": 0.7878787878787878, "support": 35.0}, "noneconomic": {"precision": 0.8225806451612904, "recall": 0.9444444444444444, "f1-score": 0.8793103448275862, "support": 54.0}, "micro avg": {"precision": 0.8279569892473119, "recall": 0.8651685393258427, "f1-score": 0.8461538461538461, "support": 89.0}, "macro avg": {"precision": 0.8306451612903226, "recall": 0.8436507936507937, "f1-score": 0.833594566353187, "support": 89.0}, "weighted avg": {"precision": 0.8289235230155855, "recall": 0.8651685393258427, "f1-score": 0.8433541145668229, "support": 89.0}, "samples avg": {"precision": 0.7340425531914894, "recall": 0.7446808510638298, "f1-score": 0.7304964539007093, "support": 89.0}}