{"economic__education_level": {"precision": 0.6666666666666666, "recall": 0.5, "f1-score": 0.5714285714285714, "support": 4.0}, "economic__employment_status": {"precision": 1.0, "recall": 1.0, "f1-score": 1.0, "support": 2.0}, "economic__income_wealth_economic_status": {"precision": 1.0, "recall": 0.25, "f1-score": 0.4, "support": 8.0}, "economic__occupation_profession": {"precision": 0.9230769230769231, "recall": 0.5, "f1-score": 0.6486486486486487, "support": 24.0}, "micro avg": {"precision": 0.9, "recall": 0.47368421052631576, "f1-score": 0.6206896551724138, "support": 38.0}, "macro avg": {"precision": 0.8974358974358974, "recall": 0.5625, "f1-score": 0.655019305019305, "support": 38.0}, "weighted avg": {"precision": 0.9163292847503373, "recall": 0.47368421052631576, "f1-score": 0.6066653119284698, "support": 38.0}, "samples avg": {"precision": 0.14414414414414414, "recall": 0.15315315315315314, "f1-score": 0.14714714714714713, "support": 38.0}}