{"economic__class_membership": {"precision": 0.0, "recall": 0.0, "f1-score": 0.0, "support": 0.0}, "economic__ecology_of_group": {"precision": 0.2, "recall": 0.5, "f1-score": 0.2857142857142857, "support": 2.0}, "economic__education_level": {"precision": 1.0, "recall": 0.3333333333333333, "f1-score": 0.5, "support": 3.0}, "economic__employment_status": {"precision": 1.0, "recall": 0.2, "f1-score": 0.3333333333333333, "support": 5.0}, "economic__income_wealth_economic_status": {"precision": 0.6666666666666666, "recall": 0.3333333333333333, "f1-score": 0.4444444444444444, "support": 6.0}, "economic__occupation_profession": {"precision": 0.5333333333333333, "recall": 0.5, "f1-score": 0.5161290322580645, "support": 16.0}, "micro avg": {"precision": 0.52, "recall": 0.40625, "f1-score": 0.45614035087719296, "support": 32.0}, "macro avg": {"precision": 0.5666666666666667, "recall": 0.31111111111111106, "f1-score": 0.3466035159583547, "support": 32.0}, "weighted avg": {"precision": 0.6541666666666667, "recall": 0.40625, "f1-score": 0.4582133256528418, "support": 32.0}, "samples avg": {"precision": 0.12371134020618557, "recall": 0.13402061855670103, "f1-score": 0.12714776632302405, "support": 32.0}}