{"economic__education_level": {"precision": 1.0, "recall": 0.5, "f1-score": 0.6666666666666666, "support": 4.0}, "economic__employment_status": {"precision": 0.6666666666666666, "recall": 1.0, "f1-score": 0.8, "support": 2.0}, "economic__income_wealth_economic_status": {"precision": 0.5, "recall": 0.42857142857142855, "f1-score": 0.46153846153846156, "support": 7.0}, "economic__occupation_profession": {"precision": 0.9230769230769231, "recall": 0.5217391304347826, "f1-score": 0.6666666666666666, "support": 23.0}, "micro avg": {"precision": 0.7916666666666666, "recall": 0.5277777777777778, "f1-score": 0.6333333333333333, "support": 36.0}, "macro avg": {"precision": 0.7724358974358974, "recall": 0.6125776397515528, "f1-score": 0.6487179487179487, "support": 36.0}, "weighted avg": {"precision": 0.8351139601139601, "recall": 0.5277777777777778, "f1-score": 0.6341880341880342, "support": 36.0}, "samples avg": {"precision": 0.17553191489361702, "recall": 0.19148936170212766, "f1-score": 0.18085106382978725, "support": 36.0}}