{"noneconomic__age": {"precision": 0.8, "recall": 0.5, "f1-score": 0.6153846153846154, "support": 16.0}, "noneconomic__crime": {"precision": 1.0, "recall": 1.0, "f1-score": 1.0, "support": 8.0}, "noneconomic__ethnicity": {"precision": 0.7142857142857143, "recall": 0.8333333333333334, "f1-score": 0.7692307692307693, "support": 6.0}, "noneconomic__family": {"precision": 0.16666666666666666, "recall": 1.0, "f1-score": 0.2857142857142857, "support": 1.0}, "noneconomic__gender_sexuality": {"precision": 1.0, "recall": 0.88, "f1-score": 0.9361702127659575, "support": 25.0}, "noneconomic__health": {"precision": 0.7142857142857143, "recall": 0.625, "f1-score": 0.6666666666666666, "support": 8.0}, "noneconomic__nationality": {"precision": 0.6, "recall": 0.3333333333333333, "f1-score": 0.42857142857142855, "support": 9.0}, "noneconomic__place_location": {"precision": 0.0, "recall": 0.0, "f1-score": 0.0, "support": 2.0}, "noneconomic__religion": {"precision": 0.5714285714285714, "recall": 0.8, "f1-score": 0.6666666666666666, "support": 5.0}, "noneconomic__shared_values_mentalities": {"precision": 0.6666666666666666, "recall": 0.3333333333333333, "f1-score": 0.4444444444444444, "support": 18.0}, "micro avg": {"precision": 0.7654320987654321, "recall": 0.6326530612244898, "f1-score": 0.6927374301675978, "support": 98.0}, "macro avg": {"precision": 0.6233333333333333, "recall": 0.6305, "f1-score": 0.5812849089444835, "support": 98.0}, "weighted avg": {"precision": 0.7777939747327502, "recall": 0.6326530612244898, "f1-score": 0.6803603835735839, "support": 98.0}, "samples avg": {"precision": 0.47297297297297297, "recall": 0.4744744744744745, "f1-score": 0.4624624624624624, "support": 98.0}}