{"economic": {"precision": 0.90625, "recall": 0.8285714285714286, "f1-score": 0.8656716417910447, "support": 35.0}, "noneconomic": {"precision": 0.8035714285714286, "recall": 0.8333333333333334, "f1-score": 0.8181818181818182, "support": 54.0}, "micro avg": {"precision": 0.8409090909090909, "recall": 0.8314606741573034, "f1-score": 0.8361581920903954, "support": 89.0}, "macro avg": {"precision": 0.8549107142857143, "recall": 0.830952380952381, "f1-score": 0.8419267299864315, "support": 89.0}, "weighted avg": {"precision": 0.8439506420545746, "recall": 0.8314606741573034, "f1-score": 0.8368575915112892, "support": 89.0}, "samples avg": {"precision": 0.776595744680851, "recall": 0.7393617021276596, "f1-score": 0.7482269503546101, "support": 89.0}}