{"economic": {"precision": 0.7352941176470589, "recall": 0.7575757575757576, "f1-score": 0.746268656716418, "support": 33.0}, "noneconomic": {"precision": 0.8297872340425532, "recall": 0.8125, "f1-score": 0.8210526315789474, "support": 48.0}, "micro avg": {"precision": 0.7901234567901234, "recall": 0.7901234567901234, "f1-score": 0.7901234567901234, "support": 81.0}, "macro avg": {"precision": 0.782540675844806, "recall": 0.7850378787878788, "f1-score": 0.7836606441476827, "support": 81.0}, "weighted avg": {"precision": 0.7912900384740185, "recall": 0.7901234567901234, "f1-score": 0.7905850862645835, "support": 81.0}, "samples avg": {"precision": 0.76875, "recall": 0.75, "f1-score": 0.7499999999999999, "support": 81.0}}