{"noneconomic__age": {"precision": 0.75, "recall": 0.5, "f1-score": 0.6, "support": 12.0}, "noneconomic__crime": {"precision": 1.0, "recall": 0.6666666666666666, "f1-score": 0.8, "support": 3.0}, "noneconomic__ethnicity": {"precision": 1.0, "recall": 1.0, "f1-score": 1.0, "support": 1.0}, "noneconomic__family": {"precision": 0.5, "recall": 1.0, "f1-score": 0.6666666666666666, "support": 5.0}, "noneconomic__gender_sexuality": {"precision": 0.5, "recall": 0.5, "f1-score": 0.5, "support": 2.0}, "noneconomic__health": {"precision": 0.0, "recall": 0.0, "f1-score": 0.0, "support": 1.0}, "noneconomic__nationality": {"precision": 0.8, "recall": 0.47058823529411764, "f1-score": 0.5925925925925926, "support": 17.0}, "noneconomic__place_location": {"precision": 0.0, "recall": 0.0, "f1-score": 0.0, "support": 2.0}, "noneconomic__religion": {"precision": 0.0, "recall": 0.0, "f1-score": 0.0, "support": 0.0}, "noneconomic__shared_values_mentalities": {"precision": 0.6842105263157895, "recall": 0.6190476190476191, "f1-score": 0.65, "support": 21.0}, "micro avg": {"precision": 0.6101694915254238, "recall": 0.5625, "f1-score": 0.5853658536585366, "support": 64.0}, "macro avg": {"precision": 0.5234210526315789, "recall": 0.47563025210084026, "f1-score": 0.4809259259259259, "support": 64.0}, "weighted avg": {"precision": 0.6948190789473685, "recall": 0.5625, "f1-score": 0.6040219907407407, "support": 64.0}, "samples avg": {"precision": 0.31560283687943264, "recall": 0.3262411347517731, "f1-score": 0.3099290780141844, "support": 64.0}}