{"economic": {"precision": 1.0, "recall": 0.8378378378378378, "f1-score": 0.9117647058823529, "support": 37.0}, "noneconomic": {"precision": 0.9102564102564102, "recall": 0.922077922077922, "f1-score": 0.9161290322580645, "support": 77.0}, "micro avg": {"precision": 0.9357798165137615, "recall": 0.8947368421052632, "f1-score": 0.9147982062780269, "support": 114.0}, "macro avg": {"precision": 0.9551282051282051, "recall": 0.87995787995788, "f1-score": 0.9139468690702087, "support": 114.0}, "weighted avg": {"precision": 0.9393837156995052, "recall": 0.8947368421052632, "f1-score": 0.9147125403641932, "support": 114.0}, "samples avg": {"precision": 0.8513513513513513, "recall": 0.8513513513513513, "f1-score": 0.8468468468468469, "support": 114.0}}