{"economic": {"precision": 0.9310344827586207, "recall": 0.7297297297297297, "f1-score": 0.8181818181818182, "support": 37.0}, "noneconomic": {"precision": 0.9090909090909091, "recall": 0.9090909090909091, "f1-score": 0.9090909090909091, "support": 77.0}, "micro avg": {"precision": 0.9150943396226415, "recall": 0.8508771929824561, "f1-score": 0.8818181818181818, "support": 114.0}, "macro avg": {"precision": 0.9200626959247649, "recall": 0.8194103194103194, "f1-score": 0.8636363636363636, "support": 114.0}, "weighted avg": {"precision": 0.9162129461584997, "recall": 0.8508771929824561, "f1-score": 0.879585326953748, "support": 114.0}, "samples avg": {"precision": 0.8333333333333334, "recall": 0.8198198198198198, "f1-score": 0.8198198198198198, "support": 114.0}}