{"economic": {"precision": 0.875, "recall": 0.9722222222222222, "f1-score": 0.9210526315789473, "support": 36.0}, "noneconomic": {"precision": 0.8421052631578947, "recall": 0.7111111111111111, "f1-score": 0.7710843373493976, "support": 45.0}, "micro avg": {"precision": 0.8589743589743589, "recall": 0.8271604938271605, "f1-score": 0.8427672955974843, "support": 81.0}, "macro avg": {"precision": 0.8585526315789473, "recall": 0.8416666666666667, "f1-score": 0.8460684844641725, "support": 81.0}, "weighted avg": {"precision": 0.8567251461988303, "recall": 0.8271604938271605, "f1-score": 0.8377369125625309, "support": 81.0}, "samples avg": {"precision": 0.8246753246753247, "recall": 0.7987012987012987, "f1-score": 0.8008658008658008, "support": 81.0}}