{"noneconomic__age": {"precision": 0.42857142857142855, "recall": 0.75, "f1-score": 0.5454545454545454, "support": 4.0}, "noneconomic__crime": {"precision": 1.0, "recall": 0.7777777777777778, "f1-score": 0.875, "support": 9.0}, "noneconomic__ethnicity": {"precision": 0.5, "recall": 1.0, "f1-score": 0.6666666666666666, "support": 1.0}, "noneconomic__family": {"precision": 0.8, "recall": 1.0, "f1-score": 0.8888888888888888, "support": 4.0}, "noneconomic__gender_sexuality": {"precision": 0.6666666666666666, "recall": 0.3333333333333333, "f1-score": 0.4444444444444444, "support": 6.0}, "noneconomic__health": {"precision": 0.75, "recall": 1.0, "f1-score": 0.8571428571428571, "support": 3.0}, "noneconomic__nationality": {"precision": 0.6666666666666666, "recall": 0.8888888888888888, "f1-score": 0.7619047619047619, "support": 9.0}, "noneconomic__place_location": {"precision": 1.0, "recall": 0.25, "f1-score": 0.4, "support": 4.0}, "noneconomic__religion": {"precision": 1.0, "recall": 1.0, "f1-score": 1.0, "support": 1.0}, "noneconomic__shared_values_mentalities": {"precision": 0.9090909090909091, "recall": 0.7692307692307693, "f1-score": 0.8333333333333334, "support": 13.0}, "micro avg": {"precision": 0.7547169811320755, "recall": 0.7407407407407407, "f1-score": 0.7476635514018691, "support": 54.0}, "macro avg": {"precision": 0.7720995670995671, "recall": 0.7769230769230769, "f1-score": 0.7272835497835497, "support": 54.0}, "weighted avg": {"precision": 0.8052308802308802, "recall": 0.7407407407407407, "f1-score": 0.7371779969002191, "support": 54.0}, "samples avg": {"precision": 0.4229166666666666, "recall": 0.44791666666666663, "f1-score": 0.4291666666666666, "support": 54.0}}