{"noneconomic__age": {"precision": 0.7857142857142857, "recall": 0.9166666666666666, "f1-score": 0.8461538461538461, "support": 12.0}, "noneconomic__crime": {"precision": 1.0, "recall": 1.0, "f1-score": 1.0, "support": 3.0}, "noneconomic__ethnicity": {"precision": 1.0, "recall": 1.0, "f1-score": 1.0, "support": 1.0}, "noneconomic__family": {"precision": 0.8, "recall": 0.8, "f1-score": 0.8, "support": 5.0}, "noneconomic__gender_sexuality": {"precision": 1.0, "recall": 1.0, "f1-score": 1.0, "support": 2.0}, "noneconomic__health": {"precision": 0.0, "recall": 0.0, "f1-score": 0.0, "support": 1.0}, "noneconomic__nationality": {"precision": 1.0, "recall": 0.8823529411764706, "f1-score": 0.9375, "support": 17.0}, "noneconomic__place_location": {"precision": 0.5, "recall": 1.0, "f1-score": 0.6666666666666666, "support": 2.0}, "noneconomic__religion": {"precision": 0.0, "recall": 0.0, "f1-score": 0.0, "support": 0.0}, "noneconomic__shared_values_mentalities": {"precision": 0.8947368421052632, "recall": 0.8095238095238095, "f1-score": 0.85, "support": 21.0}, "micro avg": {"precision": 0.7857142857142857, "recall": 0.859375, "f1-score": 0.8208955223880597, "support": 64.0}, "macro avg": {"precision": 0.6980451127819548, "recall": 0.7408543417366947, "f1-score": 0.7100320512820513, "support": 64.0}, "weighted avg": {"precision": 0.8784069548872181, "recall": 0.859375, "f1-score": 0.8636668669871794, "support": 64.0}, "samples avg": {"precision": 0.4698581560283688, "recall": 0.5124113475177305, "f1-score": 0.47659574468085103, "support": 64.0}}