{"economic": {"precision": 0.9545454545454546, "recall": 0.7241379310344828, "f1-score": 0.8235294117647058, "support": 29.0}, "noneconomic": {"precision": 0.8125, "recall": 1.0, "f1-score": 0.896551724137931, "support": 65.0}, "micro avg": {"precision": 0.8431372549019608, "recall": 0.9148936170212766, "f1-score": 0.8775510204081632, "support": 94.0}, "macro avg": {"precision": 0.8835227272727273, "recall": 0.8620689655172413, "f1-score": 0.8600405679513184, "support": 94.0}, "weighted avg": {"precision": 0.8563225338491296, "recall": 0.9148936170212766, "f1-score": 0.8740235639376807, "support": 94.0}, "samples avg": {"precision": 0.826530612244898, "recall": 0.8469387755102041, "f1-score": 0.8333333333333333, "support": 94.0}}