{"economic__class_membership": {"precision": 1.0, "recall": 0.25, "f1-score": 0.4, "support": 4.0}, "economic__ecology_of_group": {"precision": 0.0, "recall": 0.0, "f1-score": 0.0, "support": 1.0}, "economic__education_level": {"precision": 0.3333333333333333, "recall": 0.75, "f1-score": 0.46153846153846156, "support": 4.0}, "economic__employment_status": {"precision": 0.6666666666666666, "recall": 0.2222222222222222, "f1-score": 0.3333333333333333, "support": 9.0}, "economic__income_wealth_economic_status": {"precision": 0.8333333333333334, "recall": 0.7142857142857143, "f1-score": 0.7692307692307693, "support": 7.0}, "economic__occupation_profession": {"precision": 0.75, "recall": 0.375, "f1-score": 0.5, "support": 8.0}, "micro avg": {"precision": 0.6086956521739131, "recall": 0.42424242424242425, "f1-score": 0.5, "support": 33.0}, "macro avg": {"precision": 0.5972222222222222, "recall": 0.3852513227513228, "f1-score": 0.4106837606837607, "support": 33.0}, "weighted avg": {"precision": 0.702020202020202, "recall": 0.42424242424242425, "f1-score": 0.47972027972027975, "support": 33.0}, "samples avg": {"precision": 0.12755102040816327, "recall": 0.14285714285714285, "f1-score": 0.13265306122448978, "support": 33.0}}