{"economic__class_membership": {"precision": 0.0, "recall": 0.0, "f1-score": 0.0, "support": 0.0}, "economic__ecology_of_group": {"precision": 0.3333333333333333, "recall": 0.25, "f1-score": 0.2857142857142857, "support": 4.0}, "economic__education_level": {"precision": 1.0, "recall": 1.0, "f1-score": 1.0, "support": 3.0}, "economic__employment_status": {"precision": 0.6666666666666666, "recall": 1.0, "f1-score": 0.8, "support": 2.0}, "economic__income_wealth_economic_status": {"precision": 0.6, "recall": 0.6, "f1-score": 0.6, "support": 5.0}, "economic__occupation_profession": {"precision": 0.8461538461538461, "recall": 0.6875, "f1-score": 0.7586206896551724, "support": 16.0}, "micro avg": {"precision": 0.7407407407407407, "recall": 0.6666666666666666, "f1-score": 0.7017543859649122, "support": 30.0}, "macro avg": {"precision": 0.5743589743589744, "recall": 0.5895833333333333, "f1-score": 0.5740558292282429, "support": 30.0}, "weighted avg": {"precision": 0.7401709401709401, "recall": 0.6666666666666666, "f1-score": 0.6960262725779968, "support": 30.0}, "samples avg": {"precision": 0.2159090909090909, "recall": 0.22727272727272727, "f1-score": 0.2196969696969697, "support": 30.0}}