{"economic__education_level": {"precision": 1.0, "recall": 0.8, "f1-score": 0.8888888888888888, "support": 5.0}, "economic__employment_status": {"precision": 0.5714285714285714, "recall": 1.0, "f1-score": 0.7272727272727273, "support": 4.0}, "economic__income_wealth_economic_status": {"precision": 1.0, "recall": 0.7272727272727273, "f1-score": 0.8421052631578947, "support": 11.0}, "economic__occupation_profession": {"precision": 0.7894736842105263, "recall": 0.9375, "f1-score": 0.8571428571428571, "support": 16.0}, "micro avg": {"precision": 0.8157894736842105, "recall": 0.8611111111111112, "f1-score": 0.8378378378378378, "support": 36.0}, "macro avg": {"precision": 0.8402255639097744, "recall": 0.8661931818181818, "f1-score": 0.828852434115592, "support": 36.0}, "weighted avg": {"precision": 0.858813700918964, "recall": 0.8611111111111112, "f1-score": 0.8425271934043863, "support": 36.0}, "samples avg": {"precision": 0.32941176470588235, "recall": 0.34705882352941175, "f1-score": 0.33333333333333326, "support": 36.0}}