{"noneconomic__age": {"precision": 0.8125, "recall": 1.0, "f1-score": 0.896551724137931, "support": 13.0}, "noneconomic__crime": {"precision": 1.0, "recall": 0.8, "f1-score": 0.8888888888888888, "support": 5.0}, "noneconomic__ethnicity": {"precision": 0.0, "recall": 0.0, "f1-score": 0.0, "support": 1.0}, "noneconomic__family": {"precision": 0.875, "recall": 1.0, "f1-score": 0.9333333333333333, "support": 7.0}, "noneconomic__gender_sexuality": {"precision": 1.0, "recall": 0.75, "f1-score": 0.8571428571428571, "support": 4.0}, "noneconomic__health": {"precision": 0.6666666666666666, "recall": 1.0, "f1-score": 0.8, "support": 2.0}, "noneconomic__nationality": {"precision": 0.8888888888888888, "recall": 0.8888888888888888, "f1-score": 0.8888888888888888, "support": 9.0}, "noneconomic__place_location": {"precision": 0.0, "recall": 0.0, "f1-score": 0.0, "support": 2.0}, "noneconomic__religion": {"precision": 0.0, "recall": 0.0, "f1-score": 0.0, "support": 0.0}, "noneconomic__shared_values_mentalities": {"precision": 0.875, "recall": 0.5384615384615384, "f1-score": 0.6666666666666666, "support": 13.0}, "micro avg": {"precision": 0.8461538461538461, "recall": 0.7857142857142857, "f1-score": 0.8148148148148148, "support": 56.0}, "macro avg": {"precision": 0.6118055555555555, "recall": 0.5977350427350426, "f1-score": 0.5931472359058566, "support": 56.0}, "weighted avg": {"precision": 0.8284970238095237, "recall": 0.7857142857142857, "f1-score": 0.7915747908358746, "support": 56.0}, "samples avg": {"precision": 0.4647058823529412, "recall": 0.4647058823529412, "f1-score": 0.45882352941176463, "support": 56.0}}