{"economic": {"precision": 0.84, "recall": 0.7241379310344828, "f1-score": 0.7777777777777778, "support": 29.0}, "noneconomic": {"precision": 0.9365079365079365, "recall": 0.8939393939393939, "f1-score": 0.9147286821705426, "support": 66.0}, "micro avg": {"precision": 0.9090909090909091, "recall": 0.8421052631578947, "f1-score": 0.8743169398907104, "support": 95.0}, "macro avg": {"precision": 0.8882539682539683, "recall": 0.8090386624869383, "f1-score": 0.8462532299741602, "support": 95.0}, "weighted avg": {"precision": 0.9070476190476191, "recall": 0.8421052631578947, "f1-score": 0.8729226166190671, "support": 95.0}, "samples avg": {"precision": 0.8409090909090909, "recall": 0.8238636363636364, "f1-score": 0.8219696969696969, "support": 95.0}}