{"economic__class_membership": {"precision": 0.0, "recall": 0.0, "f1-score": 0.0, "support": 0.0}, "economic__ecology_of_group": {"precision": 0.0, "recall": 0.0, "f1-score": 0.0, "support": 4.0}, "economic__education_level": {"precision": 1.0, "recall": 0.6666666666666666, "f1-score": 0.8, "support": 3.0}, "economic__employment_status": {"precision": 0.2, "recall": 1.0, "f1-score": 0.3333333333333333, "support": 2.0}, "economic__income_wealth_economic_status": {"precision": 0.6, "recall": 0.6, "f1-score": 0.6, "support": 5.0}, "economic__occupation_profession": {"precision": 0.7647058823529411, "recall": 0.8125, "f1-score": 0.7878787878787878, "support": 16.0}, "micro avg": {"precision": 0.5555555555555556, "recall": 0.6666666666666666, "f1-score": 0.6060606060606061, "support": 30.0}, "macro avg": {"precision": 0.42745098039215684, "recall": 0.5131944444444444, "f1-score": 0.42020202020202024, "support": 30.0}, "weighted avg": {"precision": 0.6211764705882352, "recall": 0.6666666666666666, "f1-score": 0.6224242424242424, "support": 30.0}, "samples avg": {"precision": 0.17045454545454544, "recall": 0.22727272727272727, "f1-score": 0.18939393939393936, "support": 30.0}}