{"noneconomic__age": {"precision": 0.6666666666666666, "recall": 0.8, "f1-score": 0.7272727272727273, "support": 5.0}, "noneconomic__crime": {"precision": 1.0, "recall": 1.0, "f1-score": 1.0, "support": 1.0}, "noneconomic__ethnicity": {"precision": 0.6666666666666666, "recall": 1.0, "f1-score": 0.8, "support": 2.0}, "noneconomic__family": {"precision": 0.16666666666666666, "recall": 1.0, "f1-score": 0.2857142857142857, "support": 1.0}, "noneconomic__gender_sexuality": {"precision": 0.6666666666666666, "recall": 0.6666666666666666, "f1-score": 0.6666666666666666, "support": 3.0}, "noneconomic__health": {"precision": 1.0, "recall": 0.25, "f1-score": 0.4, "support": 4.0}, "noneconomic__nationality": {"precision": 0.75, "recall": 0.4, "f1-score": 0.5217391304347826, "support": 15.0}, "noneconomic__place_location": {"precision": 0.6666666666666666, "recall": 0.3333333333333333, "f1-score": 0.4444444444444444, "support": 6.0}, "noneconomic__religion": {"precision": 0.6, "recall": 1.0, "f1-score": 0.75, "support": 3.0}, "noneconomic__shared_values_mentalities": {"precision": 0.75, "recall": 0.17647058823529413, "f1-score": 0.2857142857142857, "support": 17.0}, "micro avg": {"precision": 0.625, "recall": 0.43859649122807015, "f1-score": 0.5154639175257731, "support": 57.0}, "macro avg": {"precision": 0.6933333333333332, "recall": 0.6626470588235294, "f1-score": 0.5881551540247192, "support": 57.0}, "weighted avg": {"precision": 0.7304093567251462, "recall": 0.43859649122807015, "f1-score": 0.48635042811244183, "support": 57.0}, "samples avg": {"precision": 0.26190476190476186, "recall": 0.24675324675324675, "f1-score": 0.24458874458874463, "support": 57.0}}