{"economic__education_level": {"precision": 1.0, "recall": 0.8, "f1-score": 0.8888888888888888, "support": 5.0}, "economic__employment_status": {"precision": 0.8, "recall": 1.0, "f1-score": 0.8888888888888888, "support": 4.0}, "economic__income_wealth_economic_status": {"precision": 1.0, "recall": 0.5454545454545454, "f1-score": 0.7058823529411765, "support": 11.0}, "economic__occupation_profession": {"precision": 0.8461538461538461, "recall": 0.6875, "f1-score": 0.7586206896551724, "support": 16.0}, "micro avg": {"precision": 0.8928571428571429, "recall": 0.6944444444444444, "f1-score": 0.78125, "support": 36.0}, "macro avg": {"precision": 0.9115384615384615, "recall": 0.7582386363636364, "f1-score": 0.8105702050935317, "support": 36.0}, "weighted avg": {"precision": 0.9094017094017093, "recall": 0.6944444444444444, "f1-score": 0.7750732476898805, "support": 36.0}, "samples avg": {"precision": 0.29411764705882354, "recall": 0.2823529411764706, "f1-score": 0.28627450980392155, "support": 36.0}}