{"noneconomic__age": {"precision": 1.0, "recall": 1.0, "f1-score": 1.0, "support": 7.0}, "noneconomic__crime": {"precision": 1.0, "recall": 0.6666666666666666, "f1-score": 0.8, "support": 3.0}, "noneconomic__ethnicity": {"precision": 0.75, "recall": 1.0, "f1-score": 0.8571428571428571, "support": 3.0}, "noneconomic__family": {"precision": 1.0, "recall": 1.0, "f1-score": 1.0, "support": 5.0}, "noneconomic__gender_sexuality": {"precision": 0.8888888888888888, "recall": 0.8, "f1-score": 0.8421052631578947, "support": 10.0}, "noneconomic__health": {"precision": 0.3333333333333333, "recall": 0.3333333333333333, "f1-score": 0.3333333333333333, "support": 3.0}, "noneconomic__nationality": {"precision": 0.6, "recall": 0.75, "f1-score": 0.6666666666666666, "support": 4.0}, "noneconomic__place_location": {"precision": 0.0, "recall": 0.0, "f1-score": 0.0, "support": 1.0}, "noneconomic__religion": {"precision": 1.0, "recall": 1.0, "f1-score": 1.0, "support": 4.0}, "noneconomic__shared_values_mentalities": {"precision": 1.0, "recall": 0.6153846153846154, "f1-score": 0.7619047619047619, "support": 13.0}, "micro avg": {"precision": 0.8723404255319149, "recall": 0.7735849056603774, "f1-score": 0.82, "support": 53.0}, "macro avg": {"precision": 0.7572222222222222, "recall": 0.7165384615384616, "f1-score": 0.7261152882205514, "support": 53.0}, "weighted avg": {"precision": 0.8780922431865829, "recall": 0.7735849056603774, "f1-score": 0.8106398070648319, "support": 53.0}, "samples avg": {"precision": 0.434156378600823, "recall": 0.4279835390946502, "f1-score": 0.42716049382716054, "support": 53.0}}