{"economic": {"precision": 0.9411764705882353, "recall": 0.9142857142857143, "f1-score": 0.927536231884058, "support": 35.0}, "noneconomic": {"precision": 0.92, "recall": 0.8518518518518519, "f1-score": 0.8846153846153846, "support": 54.0}, "micro avg": {"precision": 0.9285714285714286, "recall": 0.8764044943820225, "f1-score": 0.9017341040462428, "support": 89.0}, "macro avg": {"precision": 0.9305882352941177, "recall": 0.8830687830687831, "f1-score": 0.9060758082497213, "support": 89.0}, "weighted avg": {"precision": 0.9283278255122274, "recall": 0.8764044943820225, "f1-score": 0.9014943694963237, "support": 89.0}, "samples avg": {"precision": 0.7393617021276596, "recall": 0.7446808510638298, "f1-score": 0.7375886524822696, "support": 89.0}}