{"economic__class_membership": {"precision": 0.0, "recall": 0.0, "f1-score": 0.0, "support": 0.0}, "economic__ecology_of_group": {"precision": 1.0, "recall": 0.25, "f1-score": 0.4, "support": 4.0}, "economic__education_level": {"precision": 1.0, "recall": 0.6666666666666666, "f1-score": 0.8, "support": 3.0}, "economic__employment_status": {"precision": 0.6666666666666666, "recall": 1.0, "f1-score": 0.8, "support": 2.0}, "economic__income_wealth_economic_status": {"precision": 0.6666666666666666, "recall": 0.4, "f1-score": 0.5, "support": 5.0}, "economic__occupation_profession": {"precision": 0.6470588235294118, "recall": 0.6875, "f1-score": 0.6666666666666666, "support": 16.0}, "micro avg": {"precision": 0.6666666666666666, "recall": 0.6, "f1-score": 0.631578947368421, "support": 30.0}, "macro avg": {"precision": 0.6633986928104575, "recall": 0.5006944444444444, "f1-score": 0.5277777777777778, "support": 30.0}, "weighted avg": {"precision": 0.7339869281045753, "recall": 0.6, "f1-score": 0.6255555555555555, "support": 30.0}, "samples avg": {"precision": 0.1875, "recall": 0.19318181818181818, "f1-score": 0.18939393939393942, "support": 30.0}}