{"economic__class_membership": {"precision": 0.16666666666666666, "recall": 0.4, "f1-score": 0.23529411764705882, "support": 5.0}, "economic__ecology_of_group": {"precision": 0.0, "recall": 0.0, "f1-score": 0.0, "support": 3.0}, "economic__education_level": {"precision": 0.21052631578947367, "recall": 0.6666666666666666, "f1-score": 0.32, "support": 6.0}, "economic__employment_status": {"precision": 0.8333333333333334, "recall": 0.29411764705882354, "f1-score": 0.43478260869565216, "support": 17.0}, "economic__income_wealth_economic_status": {"precision": 0.8333333333333334, "recall": 0.8333333333333334, "f1-score": 0.8333333333333334, "support": 6.0}, "economic__occupation_profession": {"precision": 0.375, "recall": 0.631578947368421, "f1-score": 0.47058823529411764, "support": 19.0}, "micro avg": {"precision": 0.37333333333333335, "recall": 0.5, "f1-score": 0.42748091603053434, "support": 56.0}, "macro avg": {"precision": 0.40314327485380114, "recall": 0.47094943240454085, "f1-score": 0.3823330491616937, "support": 56.0}, "weighted avg": {"precision": 0.5069313909774437, "recall": 0.5, "f1-score": 0.43623127511874316, "support": 56.0}, "samples avg": {"precision": 0.12949640287769784, "recall": 0.18705035971223022, "f1-score": 0.145083932853717, "support": 56.0}}