{"economic__education_level": {"precision": 1.0, "recall": 0.75, "f1-score": 0.8571428571428571, "support": 4.0}, "economic__employment_status": {"precision": 1.0, "recall": 1.0, "f1-score": 1.0, "support": 2.0}, "economic__income_wealth_economic_status": {"precision": 0.75, "recall": 0.375, "f1-score": 0.5, "support": 8.0}, "economic__occupation_profession": {"precision": 0.8, "recall": 0.3333333333333333, "f1-score": 0.47058823529411764, "support": 24.0}, "micro avg": {"precision": 0.8421052631578947, "recall": 0.42105263157894735, "f1-score": 0.5614035087719298, "support": 38.0}, "macro avg": {"precision": 0.8875, "recall": 0.6145833333333334, "f1-score": 0.7069327731092437, "support": 38.0}, "weighted avg": {"precision": 0.8210526315789475, "recall": 0.42105263157894735, "f1-score": 0.5453339230429013, "support": 38.0}, "samples avg": {"precision": 0.14414414414414414, "recall": 0.13963963963963963, "f1-score": 0.14114114114114112, "support": 38.0}}