{"economic__class_membership": {"precision": 1.0, "recall": 0.25, "f1-score": 0.4, "support": 4.0}, "economic__ecology_of_group": {"precision": 0.0, "recall": 0.0, "f1-score": 0.0, "support": 1.0}, "economic__education_level": {"precision": 0.75, "recall": 0.75, "f1-score": 0.75, "support": 4.0}, "economic__employment_status": {"precision": 1.0, "recall": 0.6666666666666666, "f1-score": 0.8, "support": 9.0}, "economic__income_wealth_economic_status": {"precision": 0.7142857142857143, "recall": 0.7142857142857143, "f1-score": 0.7142857142857143, "support": 7.0}, "economic__occupation_profession": {"precision": 1.0, "recall": 0.375, "f1-score": 0.5454545454545454, "support": 8.0}, "micro avg": {"precision": 0.8571428571428571, "recall": 0.5454545454545454, "f1-score": 0.6666666666666666, "support": 33.0}, "macro avg": {"precision": 0.7440476190476191, "recall": 0.4593253968253968, "f1-score": 0.53495670995671, "support": 33.0}, "weighted avg": {"precision": 0.8787878787878788, "recall": 0.5454545454545454, "f1-score": 0.6413223140495868, "support": 33.0}, "samples avg": {"precision": 0.17857142857142858, "recall": 0.17346938775510204, "f1-score": 0.17346938775510204, "support": 33.0}}