{"economic": {"precision": 0.8055555555555556, "recall": 0.7837837837837838, "f1-score": 0.7945205479452054, "support": 37.0}, "noneconomic": {"precision": 0.8701298701298701, "recall": 0.8701298701298701, "f1-score": 0.8701298701298701, "support": 77.0}, "micro avg": {"precision": 0.8495575221238938, "recall": 0.8421052631578947, "f1-score": 0.8458149779735683, "support": 114.0}, "macro avg": {"precision": 0.8378427128427128, "recall": 0.8269568269568269, "f1-score": 0.8323252090375377, "support": 114.0}, "weighted avg": {"precision": 0.8491715399610137, "recall": 0.8421052631578947, "f1-score": 0.8455900024032684, "support": 114.0}, "samples avg": {"precision": 0.7882882882882883, "recall": 0.8063063063063063, "f1-score": 0.7867867867867868, "support": 114.0}}