{"economic": {"precision": 0.7586206896551724, "recall": 0.7586206896551724, "f1-score": 0.7586206896551724, "support": 29.0}, "noneconomic": {"precision": 0.8493150684931506, "recall": 0.9538461538461539, "f1-score": 0.8985507246376812, "support": 65.0}, "micro avg": {"precision": 0.8235294117647058, "recall": 0.8936170212765957, "f1-score": 0.8571428571428571, "support": 94.0}, "macro avg": {"precision": 0.8039678790741616, "recall": 0.8562334217506631, "f1-score": 0.8285857071464268, "support": 94.0}, "weighted avg": {"precision": 0.8213348877878169, "recall": 0.8936170212765957, "f1-score": 0.8553808202281838, "support": 94.0}, "samples avg": {"precision": 0.8163265306122449, "recall": 0.8367346938775511, "f1-score": 0.8197278911564627, "support": 94.0}}