{"noneconomic__age": {"precision": 0.75, "recall": 0.5, "f1-score": 0.6, "support": 6.0}, "noneconomic__crime": {"precision": 0.6666666666666666, "recall": 0.4, "f1-score": 0.5, "support": 5.0}, "noneconomic__ethnicity": {"precision": 0.0, "recall": 0.0, "f1-score": 0.0, "support": 0.0}, "noneconomic__family": {"precision": 0.7142857142857143, "recall": 0.9090909090909091, "f1-score": 0.8, "support": 11.0}, "noneconomic__gender_sexuality": {"precision": 1.0, "recall": 0.8571428571428571, "f1-score": 0.9230769230769231, "support": 7.0}, "noneconomic__health": {"precision": 1.0, "recall": 0.75, "f1-score": 0.8571428571428571, "support": 4.0}, "noneconomic__nationality": {"precision": 0.6923076923076923, "recall": 0.9, "f1-score": 0.782608695652174, "support": 10.0}, "noneconomic__place_location": {"precision": 0.0, "recall": 0.0, "f1-score": 0.0, "support": 6.0}, "noneconomic__religion": {"precision": 0.0, "recall": 0.0, "f1-score": 0.0, "support": 0.0}, "noneconomic__shared_values_mentalities": {"precision": 0.85, "recall": 0.7391304347826086, "f1-score": 0.7906976744186046, "support": 23.0}, "micro avg": {"precision": 0.746268656716418, "recall": 0.6944444444444444, "f1-score": 0.7194244604316546, "support": 72.0}, "macro avg": {"precision": 0.5673260073260072, "recall": 0.5055364201016375, "f1-score": 0.5253526150290558, "support": 72.0}, "weighted avg": {"precision": 0.738382682132682, "recall": 0.6944444444444444, "f1-score": 0.7055867133091602, "support": 72.0}, "samples avg": {"precision": 0.48863636363636365, "recall": 0.5170454545454546, "f1-score": 0.4924242424242424, "support": 72.0}}