{"economic": {"precision": 0.8421052631578947, "recall": 0.9411764705882353, "f1-score": 0.8888888888888888, "support": 34.0}, "noneconomic": {"precision": 0.8235294117647058, "recall": 0.9545454545454546, "f1-score": 0.8842105263157894, "support": 44.0}, "micro avg": {"precision": 0.8314606741573034, "recall": 0.9487179487179487, "f1-score": 0.8862275449101796, "support": 78.0}, "macro avg": {"precision": 0.8328173374613003, "recall": 0.9478609625668449, "f1-score": 0.8865497076023392, "support": 78.0}, "weighted avg": {"precision": 0.8316265777566088, "recall": 0.9487179487179487, "f1-score": 0.886249812565602, "support": 78.0}, "samples avg": {"precision": 0.7962962962962963, "recall": 0.8333333333333334, "f1-score": 0.8065843621399178, "support": 78.0}}