{"noneconomic__age": {"precision": 0.6666666666666666, "recall": 0.5, "f1-score": 0.5714285714285714, "support": 4.0}, "noneconomic__crime": {"precision": 1.0, "recall": 0.8181818181818182, "f1-score": 0.9, "support": 11.0}, "noneconomic__ethnicity": {"precision": 0.5, "recall": 0.75, "f1-score": 0.6, "support": 4.0}, "noneconomic__family": {"precision": 1.0, "recall": 0.75, "f1-score": 0.8571428571428571, "support": 4.0}, "noneconomic__gender_sexuality": {"precision": 1.0, "recall": 0.9090909090909091, "f1-score": 0.9523809523809523, "support": 22.0}, "noneconomic__health": {"precision": 1.0, "recall": 0.8, "f1-score": 0.8888888888888888, "support": 5.0}, "noneconomic__nationality": {"precision": 1.0, "recall": 0.6666666666666666, "f1-score": 0.8, "support": 9.0}, "noneconomic__place_location": {"precision": 0.5, "recall": 0.3333333333333333, "f1-score": 0.4, "support": 6.0}, "noneconomic__religion": {"precision": 0.6666666666666666, "recall": 0.8, "f1-score": 0.7272727272727273, "support": 5.0}, "noneconomic__shared_values_mentalities": {"precision": 0.8333333333333334, "recall": 0.5, "f1-score": 0.625, "support": 10.0}, "micro avg": {"precision": 0.8656716417910447, "recall": 0.725, "f1-score": 0.7891156462585034, "support": 80.0}, "macro avg": {"precision": 0.8166666666666667, "recall": 0.6827272727272727, "f1-score": 0.7322113997113997, "support": 80.0}, "weighted avg": {"precision": 0.8791666666666667, "recall": 0.725, "f1-score": 0.7862184343434345, "support": 80.0}, "samples avg": {"precision": 0.5189003436426116, "recall": 0.5223367697594501, "f1-score": 0.5164948453608248, "support": 80.0}}