{"economic": {"precision": 0.7619047619047619, "recall": 0.8888888888888888, "f1-score": 0.8205128205128205, "support": 36.0}, "noneconomic": {"precision": 0.825, "recall": 0.7333333333333333, "f1-score": 0.7764705882352941, "support": 45.0}, "micro avg": {"precision": 0.7926829268292683, "recall": 0.8024691358024691, "f1-score": 0.7975460122699386, "support": 81.0}, "macro avg": {"precision": 0.7934523809523809, "recall": 0.8111111111111111, "f1-score": 0.7984917043740574, "support": 81.0}, "weighted avg": {"precision": 0.796957671957672, "recall": 0.8024691358024691, "f1-score": 0.7960449136919726, "support": 81.0}, "samples avg": {"precision": 0.8051948051948052, "recall": 0.7792207792207793, "f1-score": 0.7792207792207791, "support": 81.0}}