{"economic__education_level": {"precision": 1.0, "recall": 1.0, "f1-score": 1.0, "support": 1.0}, "economic__employment_status": {"precision": 1.0, "recall": 0.8888888888888888, "f1-score": 0.9411764705882353, "support": 9.0}, "economic__income_wealth_economic_status": {"precision": 1.0, "recall": 0.4666666666666667, "f1-score": 0.6363636363636364, "support": 15.0}, "economic__occupation_profession": {"precision": 0.4, "recall": 0.8571428571428571, "f1-score": 0.5454545454545454, "support": 7.0}, "micro avg": {"precision": 0.7096774193548387, "recall": 0.6875, "f1-score": 0.6984126984126984, "support": 32.0}, "macro avg": {"precision": 0.85, "recall": 0.8031746031746032, "f1-score": 0.7807486631016043, "support": 32.0}, "weighted avg": {"precision": 0.86875, "recall": 0.6875, "f1-score": 0.7135695187165775, "support": 32.0}, "samples avg": {"precision": 0.16055045871559634, "recall": 0.1926605504587156, "f1-score": 0.1712538226299694, "support": 32.0}}