{"noneconomic__age": {"precision": 0.8333333333333334, "recall": 0.4166666666666667, "f1-score": 0.5555555555555556, "support": 12.0}, "noneconomic__crime": {"precision": 0.75, "recall": 1.0, "f1-score": 0.8571428571428571, "support": 3.0}, "noneconomic__ethnicity": {"precision": 1.0, "recall": 1.0, "f1-score": 1.0, "support": 1.0}, "noneconomic__family": {"precision": 1.0, "recall": 1.0, "f1-score": 1.0, "support": 5.0}, "noneconomic__gender_sexuality": {"precision": 1.0, "recall": 0.5, "f1-score": 0.6666666666666666, "support": 2.0}, "noneconomic__health": {"precision": 0.0, "recall": 0.0, "f1-score": 0.0, "support": 1.0}, "noneconomic__nationality": {"precision": 0.8235294117647058, "recall": 0.8235294117647058, "f1-score": 0.8235294117647058, "support": 17.0}, "noneconomic__place_location": {"precision": 1.0, "recall": 1.0, "f1-score": 1.0, "support": 2.0}, "noneconomic__religion": {"precision": 0.0, "recall": 0.0, "f1-score": 0.0, "support": 0.0}, "noneconomic__shared_values_mentalities": {"precision": 0.9333333333333333, "recall": 0.6666666666666666, "f1-score": 0.7777777777777778, "support": 21.0}, "micro avg": {"precision": 0.8823529411764706, "recall": 0.703125, "f1-score": 0.782608695652174, "support": 64.0}, "macro avg": {"precision": 0.7340196078431372, "recall": 0.640686274509804, "f1-score": 0.6680672268907564, "support": 64.0}, "weighted avg": {"precision": 0.87265625, "recall": 0.703125, "f1-score": 0.7641369047619047, "support": 64.0}, "samples avg": {"precision": 0.41666666666666663, "recall": 0.4060283687943263, "f1-score": 0.4056737588652482, "support": 64.0}}