{"noneconomic__age": {"precision": 1.0, "recall": 0.7142857142857143, "f1-score": 0.8333333333333334, "support": 7.0}, "noneconomic__crime": {"precision": 1.0, "recall": 0.3333333333333333, "f1-score": 0.5, "support": 3.0}, "noneconomic__ethnicity": {"precision": 0.6, "recall": 1.0, "f1-score": 0.75, "support": 3.0}, "noneconomic__family": {"precision": 1.0, "recall": 1.0, "f1-score": 1.0, "support": 5.0}, "noneconomic__gender_sexuality": {"precision": 1.0, "recall": 0.9, "f1-score": 0.9473684210526315, "support": 10.0}, "noneconomic__health": {"precision": 1.0, "recall": 1.0, "f1-score": 1.0, "support": 3.0}, "noneconomic__nationality": {"precision": 0.5, "recall": 0.75, "f1-score": 0.6, "support": 4.0}, "noneconomic__place_location": {"precision": 0.0, "recall": 0.0, "f1-score": 0.0, "support": 1.0}, "noneconomic__religion": {"precision": 1.0, "recall": 1.0, "f1-score": 1.0, "support": 4.0}, "noneconomic__shared_values_mentalities": {"precision": 0.8181818181818182, "recall": 0.6923076923076923, "f1-score": 0.75, "support": 13.0}, "micro avg": {"precision": 0.8571428571428571, "recall": 0.7924528301886793, "f1-score": 0.8235294117647058, "support": 53.0}, "macro avg": {"precision": 0.7918181818181818, "recall": 0.738992673992674, "f1-score": 0.7380701754385965, "support": 53.0}, "weighted avg": {"precision": 0.8761578044596913, "recall": 0.7924528301886793, "f1-score": 0.8152267461105595, "support": 53.0}, "samples avg": {"precision": 0.41358024691358025, "recall": 0.42592592592592593, "f1-score": 0.4156378600823046, "support": 53.0}}