{"noneconomic__age": {"precision": 0.9333333333333333, "recall": 1.0, "f1-score": 0.9655172413793104, "support": 14.0}, "noneconomic__crime": {"precision": 1.0, "recall": 0.3333333333333333, "f1-score": 0.5, "support": 6.0}, "noneconomic__ethnicity": {"precision": 0.8333333333333334, "recall": 1.0, "f1-score": 0.9090909090909091, "support": 5.0}, "noneconomic__family": {"precision": 1.0, "recall": 0.8333333333333334, "f1-score": 0.9090909090909091, "support": 6.0}, "noneconomic__gender_sexuality": {"precision": 1.0, "recall": 0.9, "f1-score": 0.9473684210526315, "support": 20.0}, "noneconomic__health": {"precision": 1.0, "recall": 1.0, "f1-score": 1.0, "support": 2.0}, "noneconomic__nationality": {"precision": 1.0, "recall": 0.8, "f1-score": 0.8888888888888888, "support": 15.0}, "noneconomic__place_location": {"precision": 1.0, "recall": 0.5, "f1-score": 0.6666666666666666, "support": 4.0}, "noneconomic__religion": {"precision": 0.6666666666666666, "recall": 1.0, "f1-score": 0.8, "support": 4.0}, "noneconomic__shared_values_mentalities": {"precision": 0.75, "recall": 0.6, "f1-score": 0.6666666666666666, "support": 15.0}, "micro avg": {"precision": 0.9125, "recall": 0.8021978021978022, "f1-score": 0.8538011695906432, "support": 91.0}, "macro avg": {"precision": 0.9183333333333333, "recall": 0.7966666666666666, "f1-score": 0.8253289702835982, "support": 91.0}, "weighted avg": {"precision": 0.9247252747252748, "recall": 0.8021978021978022, "f1-score": 0.8424682395644284, "support": 91.0}, "samples avg": {"precision": 0.5840978593272171, "recall": 0.5825688073394495, "f1-score": 0.5761467889908256, "support": 91.0}}