{"economic__class_membership": {"precision": 0.25, "recall": 0.2, "f1-score": 0.2222222222222222, "support": 5.0}, "economic__ecology_of_group": {"precision": 1.0, "recall": 0.3333333333333333, "f1-score": 0.5, "support": 3.0}, "economic__education_level": {"precision": 1.0, "recall": 0.6666666666666666, "f1-score": 0.8, "support": 6.0}, "economic__employment_status": {"precision": 0.9230769230769231, "recall": 0.7058823529411765, "f1-score": 0.8, "support": 17.0}, "economic__income_wealth_economic_status": {"precision": 0.8333333333333334, "recall": 0.8333333333333334, "f1-score": 0.8333333333333334, "support": 6.0}, "economic__occupation_profession": {"precision": 0.7647058823529411, "recall": 0.6842105263157895, "f1-score": 0.7222222222222222, "support": 19.0}, "micro avg": {"precision": 0.8, "recall": 0.6428571428571429, "f1-score": 0.7128712871287128, "support": 56.0}, "macro avg": {"precision": 0.7951860231271995, "recall": 0.5705710354317165, "f1-score": 0.6462962962962963, "support": 56.0}, "weighted avg": {"precision": 0.8119949903038138, "recall": 0.6428571428571429, "f1-score": 0.7095238095238096, "support": 56.0}, "samples avg": {"precision": 0.2302158273381295, "recall": 0.24100719424460432, "f1-score": 0.23261390887290165, "support": 56.0}}