{"noneconomic__age": {"precision": 0.9166666666666666, "recall": 0.9166666666666666, "f1-score": 0.9166666666666666, "support": 12.0}, "noneconomic__crime": {"precision": 1.0, "recall": 1.0, "f1-score": 1.0, "support": 3.0}, "noneconomic__ethnicity": {"precision": 1.0, "recall": 1.0, "f1-score": 1.0, "support": 1.0}, "noneconomic__family": {"precision": 1.0, "recall": 0.8, "f1-score": 0.8888888888888888, "support": 5.0}, "noneconomic__gender_sexuality": {"precision": 0.3333333333333333, "recall": 0.5, "f1-score": 0.4, "support": 2.0}, "noneconomic__health": {"precision": 0.0, "recall": 0.0, "f1-score": 0.0, "support": 1.0}, "noneconomic__nationality": {"precision": 1.0, "recall": 0.5294117647058824, "f1-score": 0.6923076923076923, "support": 17.0}, "noneconomic__place_location": {"precision": 0.6666666666666666, "recall": 1.0, "f1-score": 0.8, "support": 2.0}, "noneconomic__religion": {"precision": 0.0, "recall": 0.0, "f1-score": 0.0, "support": 0.0}, "noneconomic__shared_values_mentalities": {"precision": 0.64, "recall": 0.7619047619047619, "f1-score": 0.6956521739130435, "support": 21.0}, "micro avg": {"precision": 0.746031746031746, "recall": 0.734375, "f1-score": 0.7401574803149606, "support": 64.0}, "macro avg": {"precision": 0.6556666666666666, "recall": 0.6507983193277311, "f1-score": 0.6393515421776291, "support": 64.0}, "weighted avg": {"precision": 0.819375, "recall": 0.734375, "f1-score": 0.7534745447788925, "support": 64.0}, "samples avg": {"precision": 0.4343971631205673, "recall": 0.43794326241134757, "f1-score": 0.42836879432624114, "support": 64.0}}