{"economic__class_membership": {"precision": 0.0, "recall": 0.0, "f1-score": 0.0, "support": 5.0}, "economic__ecology_of_group": {"precision": 1.0, "recall": 0.6666666666666666, "f1-score": 0.8, "support": 3.0}, "economic__education_level": {"precision": 1.0, "recall": 0.6666666666666666, "f1-score": 0.8, "support": 3.0}, "economic__employment_status": {"precision": 0.625, "recall": 1.0, "f1-score": 0.7692307692307693, "support": 5.0}, "economic__income_wealth_economic_status": {"precision": 1.0, "recall": 0.7, "f1-score": 0.8235294117647058, "support": 10.0}, "economic__occupation_profession": {"precision": 1.0, "recall": 0.5, "f1-score": 0.6666666666666666, "support": 12.0}, "micro avg": {"precision": 0.8461538461538461, "recall": 0.5789473684210527, "f1-score": 0.6875, "support": 38.0}, "macro avg": {"precision": 0.7708333333333334, "recall": 0.5888888888888889, "f1-score": 0.6432378079436903, "support": 38.0}, "weighted avg": {"precision": 0.819078947368421, "recall": 0.5789473684210527, "f1-score": 0.6547749464158134, "support": 38.0}, "samples avg": {"precision": 0.2345679012345679, "recall": 0.24074074074074073, "f1-score": 0.2345679012345679, "support": 38.0}}