{"economic": {"precision": 0.6875, "recall": 0.7586206896551724, "f1-score": 0.7213114754098361, "support": 29.0}, "noneconomic": {"precision": 0.9402985074626866, "recall": 0.9545454545454546, "f1-score": 0.9473684210526315, "support": 66.0}, "micro avg": {"precision": 0.8585858585858586, "recall": 0.8947368421052632, "f1-score": 0.8762886597938144, "support": 95.0}, "macro avg": {"precision": 0.8138992537313433, "recall": 0.8565830721003135, "f1-score": 0.8343399482312338, "support": 95.0}, "weighted avg": {"precision": 0.8631284367635507, "recall": 0.8947368421052632, "f1-score": 0.8783615639616729, "support": 95.0}, "samples avg": {"precision": 0.8465909090909091, "recall": 0.8636363636363636, "f1-score": 0.8409090909090909, "support": 95.0}}