{"economic__education_level": {"precision": 1.0, "recall": 1.0, "f1-score": 1.0, "support": 1.0}, "economic__employment_status": {"precision": 0.8333333333333334, "recall": 0.5555555555555556, "f1-score": 0.6666666666666666, "support": 9.0}, "economic__income_wealth_economic_status": {"precision": 0.75, "recall": 0.2, "f1-score": 0.3157894736842105, "support": 15.0}, "economic__occupation_profession": {"precision": 0.3333333333333333, "recall": 0.5714285714285714, "f1-score": 0.42105263157894735, "support": 7.0}, "micro avg": {"precision": 0.5652173913043478, "recall": 0.40625, "f1-score": 0.4727272727272727, "support": 32.0}, "macro avg": {"precision": 0.7291666666666667, "recall": 0.5817460317460317, "f1-score": 0.6008771929824561, "support": 32.0}, "weighted avg": {"precision": 0.6901041666666666, "recall": 0.40625, "f1-score": 0.4588815789473684, "support": 32.0}, "samples avg": {"precision": 0.10550458715596331, "recall": 0.11926605504587157, "f1-score": 0.11009174311926606, "support": 32.0}}