{"noneconomic__age": {"precision": 0.5, "recall": 0.5, "f1-score": 0.5, "support": 4.0}, "noneconomic__crime": {"precision": 1.0, "recall": 0.6666666666666666, "f1-score": 0.8, "support": 9.0}, "noneconomic__ethnicity": {"precision": 0.5, "recall": 1.0, "f1-score": 0.6666666666666666, "support": 1.0}, "noneconomic__family": {"precision": 0.75, "recall": 0.75, "f1-score": 0.75, "support": 4.0}, "noneconomic__gender_sexuality": {"precision": 1.0, "recall": 0.3333333333333333, "f1-score": 0.5, "support": 6.0}, "noneconomic__health": {"precision": 1.0, "recall": 0.6666666666666666, "f1-score": 0.8, "support": 3.0}, "noneconomic__nationality": {"precision": 0.8888888888888888, "recall": 0.8888888888888888, "f1-score": 0.8888888888888888, "support": 9.0}, "noneconomic__place_location": {"precision": 1.0, "recall": 0.25, "f1-score": 0.4, "support": 4.0}, "noneconomic__religion": {"precision": 0.5, "recall": 1.0, "f1-score": 0.6666666666666666, "support": 1.0}, "noneconomic__shared_values_mentalities": {"precision": 0.7142857142857143, "recall": 0.7692307692307693, "f1-score": 0.7407407407407407, "support": 13.0}, "micro avg": {"precision": 0.782608695652174, "recall": 0.6666666666666666, "f1-score": 0.72, "support": 54.0}, "macro avg": {"precision": 0.7853174603174604, "recall": 0.6824786324786325, "f1-score": 0.6712962962962963, "support": 54.0}, "weighted avg": {"precision": 0.8386243386243386, "recall": 0.6666666666666666, "f1-score": 0.706721536351166, "support": 54.0}, "samples avg": {"precision": 0.41666666666666663, "recall": 0.4166666666666667, "f1-score": 0.4083333333333333, "support": 54.0}}