{"economic": {"precision": 0.625, "recall": 0.5882352941176471, "f1-score": 0.6060606060606061, "support": 34.0}, "noneconomic": {"precision": 0.673469387755102, "recall": 0.75, "f1-score": 0.7096774193548387, "support": 44.0}, "micro avg": {"precision": 0.654320987654321, "recall": 0.6794871794871795, "f1-score": 0.6666666666666666, "support": 78.0}, "macro avg": {"precision": 0.6492346938775511, "recall": 0.6691176470588236, "f1-score": 0.6578690127077225, "support": 78.0}, "weighted avg": {"precision": 0.6523417059131345, "recall": 0.6794871794871795, "f1-score": 0.6645111161240193, "support": 78.0}, "samples avg": {"precision": 0.6172839506172839, "recall": 0.6049382716049383, "f1-score": 0.6008230452674896, "support": 78.0}}