{"economic__education_level": {"precision": 1.0, "recall": 0.75, "f1-score": 0.8571428571428571, "support": 4.0}, "economic__employment_status": {"precision": 1.0, "recall": 1.0, "f1-score": 1.0, "support": 2.0}, "economic__income_wealth_economic_status": {"precision": 0.8, "recall": 0.5714285714285714, "f1-score": 0.6666666666666666, "support": 7.0}, "economic__occupation_profession": {"precision": 0.84, "recall": 0.9130434782608695, "f1-score": 0.875, "support": 23.0}, "micro avg": {"precision": 0.8571428571428571, "recall": 0.8333333333333334, "f1-score": 0.8450704225352113, "support": 36.0}, "macro avg": {"precision": 0.9099999999999999, "recall": 0.8086180124223602, "f1-score": 0.8497023809523809, "support": 36.0}, "weighted avg": {"precision": 0.8588888888888889, "recall": 0.8333333333333334, "f1-score": 0.8394510582010581, "support": 36.0}, "samples avg": {"precision": 0.2978723404255319, "recall": 0.30851063829787234, "f1-score": 0.30141843971631205, "support": 36.0}}