{"economic": {"precision": 0.7222222222222222, "recall": 0.896551724137931, "f1-score": 0.8, "support": 29.0}, "noneconomic": {"precision": 0.8285714285714286, "recall": 0.8923076923076924, "f1-score": 0.8592592592592593, "support": 65.0}, "micro avg": {"precision": 0.7924528301886793, "recall": 0.8936170212765957, "f1-score": 0.84, "support": 94.0}, "macro avg": {"precision": 0.7753968253968254, "recall": 0.8944297082228116, "f1-score": 0.8296296296296297, "support": 94.0}, "weighted avg": {"precision": 0.7957615670381628, "recall": 0.8936170212765957, "f1-score": 0.8409771473601262, "support": 94.0}, "samples avg": {"precision": 0.8010204081632653, "recall": 0.8367346938775511, "f1-score": 0.8095238095238094, "support": 94.0}}