{"economic__class_membership": {"precision": 0.0, "recall": 0.0, "f1-score": 0.0, "support": 0.0}, "economic__ecology_of_group": {"precision": 0.0, "recall": 0.0, "f1-score": 0.0, "support": 4.0}, "economic__education_level": {"precision": 0.75, "recall": 1.0, "f1-score": 0.8571428571428571, "support": 3.0}, "economic__employment_status": {"precision": 0.0, "recall": 0.0, "f1-score": 0.0, "support": 2.0}, "economic__income_wealth_economic_status": {"precision": 1.0, "recall": 0.6, "f1-score": 0.75, "support": 5.0}, "economic__occupation_profession": {"precision": 0.8571428571428571, "recall": 0.375, "f1-score": 0.5217391304347826, "support": 16.0}, "micro avg": {"precision": 0.6666666666666666, "recall": 0.4, "f1-score": 0.5, "support": 30.0}, "macro avg": {"precision": 0.43452380952380953, "recall": 0.32916666666666666, "f1-score": 0.35481366459627334, "support": 30.0}, "weighted avg": {"precision": 0.6988095238095239, "recall": 0.4, "f1-score": 0.4889751552795031, "support": 30.0}, "samples avg": {"precision": 0.13636363636363635, "recall": 0.13636363636363635, "f1-score": 0.13636363636363635, "support": 30.0}}