{"noneconomic__age": {"precision": 0.8666666666666667, "recall": 0.8125, "f1-score": 0.8387096774193549, "support": 16.0}, "noneconomic__crime": {"precision": 1.0, "recall": 0.3333333333333333, "f1-score": 0.5, "support": 3.0}, "noneconomic__ethnicity": {"precision": 1.0, "recall": 0.8, "f1-score": 0.8888888888888888, "support": 5.0}, "noneconomic__family": {"precision": 1.0, "recall": 0.9375, "f1-score": 0.967741935483871, "support": 16.0}, "noneconomic__gender_sexuality": {"precision": 0.5, "recall": 0.3333333333333333, "f1-score": 0.4, "support": 3.0}, "noneconomic__health": {"precision": 1.0, "recall": 0.8888888888888888, "f1-score": 0.9411764705882353, "support": 9.0}, "noneconomic__nationality": {"precision": 0.9090909090909091, "recall": 0.7142857142857143, "f1-score": 0.8, "support": 14.0}, "noneconomic__place_location": {"precision": 0.6666666666666666, "recall": 0.2857142857142857, "f1-score": 0.4, "support": 7.0}, "noneconomic__religion": {"precision": 0.5, "recall": 0.5, "f1-score": 0.5, "support": 2.0}, "noneconomic__shared_values_mentalities": {"precision": 0.9333333333333333, "recall": 0.6363636363636364, "f1-score": 0.7567567567567568, "support": 22.0}, "micro avg": {"precision": 0.9078947368421053, "recall": 0.711340206185567, "f1-score": 0.7976878612716763, "support": 97.0}, "macro avg": {"precision": 0.8375757575757575, "recall": 0.6241919191919193, "f1-score": 0.6993273729137107, "support": 97.0}, "weighted avg": {"precision": 0.8999375195251482, "recall": 0.711340206185567, "f1-score": 0.7852258467509157, "support": 97.0}, "samples avg": {"precision": 0.417989417989418, "recall": 0.41402116402116407, "f1-score": 0.41216931216931213, "support": 97.0}}