{"noneconomic__age": {"precision": 0.75, "recall": 0.8181818181818182, "f1-score": 0.782608695652174, "support": 22.0}, "noneconomic__crime": {"precision": 1.0, "recall": 1.0, "f1-score": 1.0, "support": 1.0}, "noneconomic__ethnicity": {"precision": 0.75, "recall": 0.6, "f1-score": 0.6666666666666666, "support": 5.0}, "noneconomic__family": {"precision": 0.75, "recall": 1.0, "f1-score": 0.8571428571428571, "support": 9.0}, "noneconomic__gender_sexuality": {"precision": 0.9411764705882353, "recall": 0.9411764705882353, "f1-score": 0.9411764705882353, "support": 17.0}, "noneconomic__health": {"precision": 1.0, "recall": 0.8571428571428571, "f1-score": 0.9230769230769231, "support": 7.0}, "noneconomic__nationality": {"precision": 0.8666666666666667, "recall": 0.65, "f1-score": 0.7428571428571429, "support": 20.0}, "noneconomic__place_location": {"precision": 0.4, "recall": 0.5, "f1-score": 0.4444444444444444, "support": 4.0}, "noneconomic__religion": {"precision": 1.0, "recall": 0.6666666666666666, "f1-score": 0.8, "support": 6.0}, "noneconomic__shared_values_mentalities": {"precision": 0.7647058823529411, "recall": 0.8125, "f1-score": 0.7878787878787878, "support": 16.0}, "micro avg": {"precision": 0.8095238095238095, "recall": 0.794392523364486, "f1-score": 0.8018867924528302, "support": 107.0}, "macro avg": {"precision": 0.8222549019607843, "recall": 0.7845667812579578, "f1-score": 0.7945851988307231, "support": 107.0}, "weighted avg": {"precision": 0.8240058640278541, "recall": 0.794392523364486, "f1-score": 0.8015657014437999, "support": 107.0}, "samples avg": {"precision": 0.5359712230215827, "recall": 0.5707434052757794, "f1-score": 0.5419664268585132, "support": 107.0}}