{"economic": {"precision": 0.96, "recall": 0.6857142857142857, "f1-score": 0.8, "support": 35.0}, "noneconomic": {"precision": 0.8225806451612904, "recall": 0.9444444444444444, "f1-score": 0.8793103448275862, "support": 54.0}, "micro avg": {"precision": 0.8620689655172413, "recall": 0.8426966292134831, "f1-score": 0.8522727272727273, "support": 89.0}, "macro avg": {"precision": 0.8912903225806452, "recall": 0.8150793650793651, "f1-score": 0.8396551724137931, "support": 89.0}, "weighted avg": {"precision": 0.8766219644798842, "recall": 0.8426966292134831, "f1-score": 0.8481208833785354, "support": 89.0}, "samples avg": {"precision": 0.7446808510638298, "recall": 0.7340425531914894, "f1-score": 0.7304964539007093, "support": 89.0}}