{"noneconomic__age": {"precision": 0.8333333333333334, "recall": 0.4166666666666667, "f1-score": 0.5555555555555556, "support": 12.0}, "noneconomic__crime": {"precision": 0.6, "recall": 1.0, "f1-score": 0.75, "support": 3.0}, "noneconomic__ethnicity": {"precision": 1.0, "recall": 1.0, "f1-score": 1.0, "support": 1.0}, "noneconomic__family": {"precision": 1.0, "recall": 1.0, "f1-score": 1.0, "support": 5.0}, "noneconomic__gender_sexuality": {"precision": 1.0, "recall": 1.0, "f1-score": 1.0, "support": 2.0}, "noneconomic__health": {"precision": 1.0, "recall": 1.0, "f1-score": 1.0, "support": 1.0}, "noneconomic__nationality": {"precision": 0.8571428571428571, "recall": 0.7058823529411765, "f1-score": 0.7741935483870968, "support": 17.0}, "noneconomic__place_location": {"precision": 0.6666666666666666, "recall": 1.0, "f1-score": 0.8, "support": 2.0}, "noneconomic__religion": {"precision": 0.0, "recall": 0.0, "f1-score": 0.0, "support": 0.0}, "noneconomic__shared_values_mentalities": {"precision": 0.475, "recall": 0.9047619047619048, "f1-score": 0.6229508196721312, "support": 21.0}, "micro avg": {"precision": 0.6410256410256411, "recall": 0.78125, "f1-score": 0.704225352112676, "support": 64.0}, "macro avg": {"precision": 0.7432142857142857, "recall": 0.8027310924369748, "f1-score": 0.7502699923614784, "support": 64.0}, "weighted avg": {"precision": 0.7293712797619049, "recall": 0.78125, "f1-score": 0.7149988156619071, "support": 64.0}, "samples avg": {"precision": 0.4184397163120568, "recall": 0.44680851063829785, "f1-score": 0.42446808510638295, "support": 64.0}}