{"noneconomic__age": {"precision": 0.8666666666666667, "recall": 1.0, "f1-score": 0.9285714285714286, "support": 13.0}, "noneconomic__crime": {"precision": 1.0, "recall": 0.8, "f1-score": 0.8888888888888888, "support": 5.0}, "noneconomic__ethnicity": {"precision": 0.0, "recall": 0.0, "f1-score": 0.0, "support": 1.0}, "noneconomic__family": {"precision": 0.875, "recall": 1.0, "f1-score": 0.9333333333333333, "support": 7.0}, "noneconomic__gender_sexuality": {"precision": 1.0, "recall": 0.75, "f1-score": 0.8571428571428571, "support": 4.0}, "noneconomic__health": {"precision": 0.5, "recall": 0.5, "f1-score": 0.5, "support": 2.0}, "noneconomic__nationality": {"precision": 0.8181818181818182, "recall": 1.0, "f1-score": 0.9, "support": 9.0}, "noneconomic__place_location": {"precision": 0.6666666666666666, "recall": 1.0, "f1-score": 0.8, "support": 2.0}, "noneconomic__religion": {"precision": 0.0, "recall": 0.0, "f1-score": 0.0, "support": 0.0}, "noneconomic__shared_values_mentalities": {"precision": 0.6363636363636364, "recall": 0.5384615384615384, "f1-score": 0.5833333333333334, "support": 13.0}, "micro avg": {"precision": 0.8070175438596491, "recall": 0.8214285714285714, "f1-score": 0.8141592920353983, "support": 56.0}, "macro avg": {"precision": 0.6362878787878788, "recall": 0.6588461538461539, "f1-score": 0.6391269841269842, "support": 56.0}, "weighted avg": {"precision": 0.7921672077922077, "recall": 0.8214285714285714, "f1-score": 0.7993055555555556, "support": 56.0}, "samples avg": {"precision": 0.4764705882352941, "recall": 0.49019607843137253, "f1-score": 0.476078431372549, "support": 56.0}}