{"economic__class_membership": {"precision": 0.0, "recall": 0.0, "f1-score": 0.0, "support": 0.0}, "economic__ecology_of_group": {"precision": 0.0, "recall": 0.0, "f1-score": 0.0, "support": 4.0}, "economic__education_level": {"precision": 1.0, "recall": 0.6666666666666666, "f1-score": 0.8, "support": 3.0}, "economic__employment_status": {"precision": 1.0, "recall": 1.0, "f1-score": 1.0, "support": 2.0}, "economic__income_wealth_economic_status": {"precision": 1.0, "recall": 0.6, "f1-score": 0.75, "support": 5.0}, "economic__occupation_profession": {"precision": 1.0, "recall": 0.4375, "f1-score": 0.6086956521739131, "support": 16.0}, "micro avg": {"precision": 1.0, "recall": 0.4666666666666667, "f1-score": 0.6363636363636364, "support": 30.0}, "macro avg": {"precision": 0.6666666666666666, "recall": 0.45069444444444445, "f1-score": 0.5264492753623188, "support": 30.0}, "weighted avg": {"precision": 0.8666666666666667, "recall": 0.4666666666666667, "f1-score": 0.5963043478260869, "support": 30.0}, "samples avg": {"precision": 0.1590909090909091, "recall": 0.1590909090909091, "f1-score": 0.1590909090909091, "support": 30.0}}