{"economic": {"precision": 0.7727272727272727, "recall": 1.0, "f1-score": 0.8717948717948718, "support": 34.0}, "noneconomic": {"precision": 0.7636363636363637, "recall": 0.84, "f1-score": 0.8, "support": 50.0}, "micro avg": {"precision": 0.7676767676767676, "recall": 0.9047619047619048, "f1-score": 0.8306010928961749, "support": 84.0}, "macro avg": {"precision": 0.7681818181818182, "recall": 0.9199999999999999, "f1-score": 0.8358974358974359, "support": 84.0}, "weighted avg": {"precision": 0.7673160173160175, "recall": 0.9047619047619048, "f1-score": 0.829059829059829, "support": 84.0}, "samples avg": {"precision": 0.8117647058823529, "recall": 0.8705882352941177, "f1-score": 0.8235294117647058, "support": 84.0}}