{"economic__class_membership": {"precision": 1.0, "recall": 0.75, "f1-score": 0.8571428571428571, "support": 4.0}, "economic__ecology_of_group": {"precision": 0.5, "recall": 1.0, "f1-score": 0.6666666666666666, "support": 1.0}, "economic__education_level": {"precision": 1.0, "recall": 0.75, "f1-score": 0.8571428571428571, "support": 4.0}, "economic__employment_status": {"precision": 0.875, "recall": 0.7777777777777778, "f1-score": 0.8235294117647058, "support": 9.0}, "economic__income_wealth_economic_status": {"precision": 0.6, "recall": 0.8571428571428571, "f1-score": 0.7058823529411765, "support": 7.0}, "economic__occupation_profession": {"precision": 1.0, "recall": 0.625, "f1-score": 0.7692307692307693, "support": 8.0}, "micro avg": {"precision": 0.8064516129032258, "recall": 0.7575757575757576, "f1-score": 0.78125, "support": 33.0}, "macro avg": {"precision": 0.8291666666666666, "recall": 0.7933201058201057, "f1-score": 0.7799324858148388, "support": 33.0}, "weighted avg": {"precision": 0.8659090909090909, "recall": 0.7575757575757576, "f1-score": 0.7888059652765536, "support": 33.0}, "samples avg": {"precision": 0.22959183673469388, "recall": 0.22448979591836735, "f1-score": 0.22448979591836735, "support": 33.0}}