{"economic": {"precision": 0.8918918918918919, "recall": 0.9166666666666666, "f1-score": 0.9041095890410958, "support": 36.0}, "noneconomic": {"precision": 0.8648648648648649, "recall": 0.7111111111111111, "f1-score": 0.7804878048780488, "support": 45.0}, "micro avg": {"precision": 0.8783783783783784, "recall": 0.8024691358024691, "f1-score": 0.8387096774193549, "support": 81.0}, "macro avg": {"precision": 0.8783783783783784, "recall": 0.8138888888888889, "f1-score": 0.8422986969595723, "support": 81.0}, "weighted avg": {"precision": 0.876876876876877, "recall": 0.8024691358024691, "f1-score": 0.8354308200616253, "support": 81.0}, "samples avg": {"precision": 0.8051948051948052, "recall": 0.7727272727272727, "f1-score": 0.7792207792207793, "support": 81.0}}