{"noneconomic__age": {"precision": 0.6666666666666666, "recall": 1.0, "f1-score": 0.8, "support": 4.0}, "noneconomic__crime": {"precision": 1.0, "recall": 0.8888888888888888, "f1-score": 0.9411764705882353, "support": 9.0}, "noneconomic__ethnicity": {"precision": 1.0, "recall": 1.0, "f1-score": 1.0, "support": 1.0}, "noneconomic__family": {"precision": 0.8, "recall": 1.0, "f1-score": 0.8888888888888888, "support": 4.0}, "noneconomic__gender_sexuality": {"precision": 0.8333333333333334, "recall": 0.8333333333333334, "f1-score": 0.8333333333333334, "support": 6.0}, "noneconomic__health": {"precision": 1.0, "recall": 0.3333333333333333, "f1-score": 0.5, "support": 3.0}, "noneconomic__nationality": {"precision": 0.8, "recall": 0.8888888888888888, "f1-score": 0.8421052631578947, "support": 9.0}, "noneconomic__place_location": {"precision": 1.0, "recall": 0.25, "f1-score": 0.4, "support": 4.0}, "noneconomic__religion": {"precision": 1.0, "recall": 1.0, "f1-score": 1.0, "support": 1.0}, "noneconomic__shared_values_mentalities": {"precision": 0.7142857142857143, "recall": 0.7692307692307693, "f1-score": 0.7407407407407407, "support": 13.0}, "micro avg": {"precision": 0.8113207547169812, "recall": 0.7962962962962963, "f1-score": 0.8037383177570093, "support": 54.0}, "macro avg": {"precision": 0.8814285714285715, "recall": 0.7963675213675214, "f1-score": 0.7946244696709093, "support": 54.0}, "weighted avg": {"precision": 0.8398589065255732, "recall": 0.7962962962962963, "f1-score": 0.7876800146092658, "support": 54.0}, "samples avg": {"precision": 0.45625, "recall": 0.46875, "f1-score": 0.4583333333333333, "support": 54.0}}