{"economic__education_level": {"precision": 0.8, "recall": 1.0, "f1-score": 0.8888888888888888, "support": 4.0}, "economic__employment_status": {"precision": 1.0, "recall": 1.0, "f1-score": 1.0, "support": 2.0}, "economic__income_wealth_economic_status": {"precision": 0.6666666666666666, "recall": 0.75, "f1-score": 0.7058823529411765, "support": 8.0}, "economic__occupation_profession": {"precision": 0.9, "recall": 0.75, "f1-score": 0.8181818181818182, "support": 24.0}, "micro avg": {"precision": 0.8333333333333334, "recall": 0.7894736842105263, "f1-score": 0.8108108108108109, "support": 38.0}, "macro avg": {"precision": 0.8416666666666667, "recall": 0.875, "f1-score": 0.853238265002971, "support": 38.0}, "weighted avg": {"precision": 0.8456140350877193, "recall": 0.7894736842105263, "f1-score": 0.8115520530381212, "support": 38.0}, "samples avg": {"precision": 0.2702702702702703, "recall": 0.26576576576576577, "f1-score": 0.26726726726726724, "support": 38.0}}