{"economic__class_membership": {"precision": 0.0, "recall": 0.0, "f1-score": 0.0, "support": 0.0}, "economic__ecology_of_group": {"precision": 0.0, "recall": 0.0, "f1-score": 0.0, "support": 4.0}, "economic__education_level": {"precision": 1.0, "recall": 0.6666666666666666, "f1-score": 0.8, "support": 3.0}, "economic__employment_status": {"precision": 0.0, "recall": 0.0, "f1-score": 0.0, "support": 2.0}, "economic__income_wealth_economic_status": {"precision": 0.5, "recall": 0.2, "f1-score": 0.2857142857142857, "support": 5.0}, "economic__occupation_profession": {"precision": 0.625, "recall": 0.625, "f1-score": 0.625, "support": 16.0}, "micro avg": {"precision": 0.6190476190476191, "recall": 0.43333333333333335, "f1-score": 0.5098039215686274, "support": 30.0}, "macro avg": {"precision": 0.3541666666666667, "recall": 0.24861111111111112, "f1-score": 0.28511904761904766, "support": 30.0}, "weighted avg": {"precision": 0.5166666666666667, "recall": 0.43333333333333335, "f1-score": 0.46095238095238095, "support": 30.0}, "samples avg": {"precision": 0.14204545454545456, "recall": 0.14772727272727273, "f1-score": 0.14393939393939392, "support": 30.0}}