{"economic__education_level": {"precision": 0.0, "recall": 0.0, "f1-score": 0.0, "support": 1.0}, "economic__employment_status": {"precision": 0.7, "recall": 0.7777777777777778, "f1-score": 0.7368421052631579, "support": 9.0}, "economic__income_wealth_economic_status": {"precision": 0.7777777777777778, "recall": 0.4666666666666667, "f1-score": 0.5833333333333334, "support": 15.0}, "economic__occupation_profession": {"precision": 0.45454545454545453, "recall": 0.7142857142857143, "f1-score": 0.5555555555555556, "support": 7.0}, "micro avg": {"precision": 0.6333333333333333, "recall": 0.59375, "f1-score": 0.6129032258064516, "support": 32.0}, "macro avg": {"precision": 0.4830808080808081, "recall": 0.4896825396825397, "f1-score": 0.4689327485380117, "support": 32.0}, "weighted avg": {"precision": 0.6608901515151515, "recall": 0.59375, "f1-score": 0.602202119883041, "support": 32.0}, "samples avg": {"precision": 0.1651376146788991, "recall": 0.16972477064220184, "f1-score": 0.1651376146788991, "support": 32.0}}