{"economic": {"precision": 0.8333333333333334, "recall": 0.8108108108108109, "f1-score": 0.821917808219178, "support": 37.0}, "noneconomic": {"precision": 0.88, "recall": 0.8571428571428571, "f1-score": 0.868421052631579, "support": 77.0}, "micro avg": {"precision": 0.8648648648648649, "recall": 0.8421052631578947, "f1-score": 0.8533333333333334, "support": 114.0}, "macro avg": {"precision": 0.8566666666666667, "recall": 0.833976833976834, "f1-score": 0.8451694304253785, "support": 114.0}, "weighted avg": {"precision": 0.8648538011695907, "recall": 0.8421052631578947, "f1-score": 0.8533278943573787, "support": 114.0}, "samples avg": {"precision": 0.8153153153153153, "recall": 0.8108108108108109, "f1-score": 0.8048048048048049, "support": 114.0}}