{"noneconomic__age": {"precision": 0.625, "recall": 0.4166666666666667, "f1-score": 0.5, "support": 12.0}, "noneconomic__crime": {"precision": 1.0, "recall": 1.0, "f1-score": 1.0, "support": 3.0}, "noneconomic__ethnicity": {"precision": 1.0, "recall": 1.0, "f1-score": 1.0, "support": 1.0}, "noneconomic__family": {"precision": 0.8333333333333334, "recall": 1.0, "f1-score": 0.9090909090909091, "support": 5.0}, "noneconomic__gender_sexuality": {"precision": 0.5, "recall": 0.5, "f1-score": 0.5, "support": 2.0}, "noneconomic__health": {"precision": 1.0, "recall": 1.0, "f1-score": 1.0, "support": 1.0}, "noneconomic__nationality": {"precision": 0.8823529411764706, "recall": 0.8823529411764706, "f1-score": 0.8823529411764706, "support": 17.0}, "noneconomic__place_location": {"precision": 0.5, "recall": 1.0, "f1-score": 0.6666666666666666, "support": 2.0}, "noneconomic__religion": {"precision": 0.0, "recall": 0.0, "f1-score": 0.0, "support": 0.0}, "noneconomic__shared_values_mentalities": {"precision": 0.9333333333333333, "recall": 0.6666666666666666, "f1-score": 0.7777777777777778, "support": 21.0}, "micro avg": {"precision": 0.8103448275862069, "recall": 0.734375, "f1-score": 0.7704918032786885, "support": 64.0}, "macro avg": {"precision": 0.7274019607843137, "recall": 0.7465686274509804, "f1-score": 0.7235888294711824, "support": 64.0}, "weighted avg": {"precision": 0.8322916666666668, "recall": 0.734375, "f1-score": 0.7689393939393938, "support": 64.0}, "samples avg": {"precision": 0.4273049645390071, "recall": 0.425531914893617, "f1-score": 0.4212765957446808, "support": 64.0}}