{"noneconomic__age": {"precision": 0.6666666666666666, "recall": 0.25, "f1-score": 0.36363636363636365, "support": 16.0}, "noneconomic__crime": {"precision": 0.875, "recall": 0.875, "f1-score": 0.875, "support": 8.0}, "noneconomic__ethnicity": {"precision": 0.6666666666666666, "recall": 0.3333333333333333, "f1-score": 0.4444444444444444, "support": 6.0}, "noneconomic__family": {"precision": 0.125, "recall": 1.0, "f1-score": 0.2222222222222222, "support": 1.0}, "noneconomic__gender_sexuality": {"precision": 0.9473684210526315, "recall": 0.72, "f1-score": 0.8181818181818182, "support": 25.0}, "noneconomic__health": {"precision": 0.75, "recall": 0.375, "f1-score": 0.5, "support": 8.0}, "noneconomic__nationality": {"precision": 0.3, "recall": 0.3333333333333333, "f1-score": 0.3157894736842105, "support": 9.0}, "noneconomic__place_location": {"precision": 0.08333333333333333, "recall": 0.5, "f1-score": 0.14285714285714285, "support": 2.0}, "noneconomic__religion": {"precision": 1.0, "recall": 0.4, "f1-score": 0.5714285714285714, "support": 5.0}, "noneconomic__shared_values_mentalities": {"precision": 0.7058823529411765, "recall": 0.6666666666666666, "f1-score": 0.6857142857142857, "support": 18.0}, "micro avg": {"precision": 0.5955056179775281, "recall": 0.5408163265306123, "f1-score": 0.5668449197860963, "support": 98.0}, "macro avg": {"precision": 0.6119917440660474, "recall": 0.5453333333333334, "f1-score": 0.49392743221690594, "support": 98.0}, "weighted avg": {"precision": 0.7351880225774521, "recall": 0.5408163265306123, "f1-score": 0.5968309766376361, "support": 98.0}, "samples avg": {"precision": 0.42492492492492495, "recall": 0.4099099099099099, "f1-score": 0.40720720720720716, "support": 98.0}}