{"economic__education_level": {"precision": 1.0, "recall": 0.25, "f1-score": 0.4, "support": 4.0}, "economic__employment_status": {"precision": 1.0, "recall": 1.0, "f1-score": 1.0, "support": 2.0}, "economic__income_wealth_economic_status": {"precision": 1.0, "recall": 0.2857142857142857, "f1-score": 0.4444444444444444, "support": 7.0}, "economic__occupation_profession": {"precision": 1.0, "recall": 0.6956521739130435, "f1-score": 0.8205128205128205, "support": 23.0}, "micro avg": {"precision": 1.0, "recall": 0.5833333333333334, "f1-score": 0.7368421052631579, "support": 36.0}, "macro avg": {"precision": 1.0, "recall": 0.5578416149068323, "f1-score": 0.6662393162393162, "support": 36.0}, "weighted avg": {"precision": 1.0, "recall": 0.5833333333333334, "f1-score": 0.710636277302944, "support": 36.0}, "samples avg": {"precision": 0.2127659574468085, "recall": 0.2127659574468085, "f1-score": 0.2127659574468085, "support": 36.0}}