{"economic__education_level": {"precision": 0.5, "recall": 0.3333333333333333, "f1-score": 0.4, "support": 3.0}, "economic__employment_status": {"precision": 0.6363636363636364, "recall": 0.7, "f1-score": 0.6666666666666666, "support": 10.0}, "economic__income_wealth_economic_status": {"precision": 0.5, "recall": 0.2, "f1-score": 0.2857142857142857, "support": 5.0}, "economic__occupation_profession": {"precision": 0.7272727272727273, "recall": 0.42105263157894735, "f1-score": 0.5333333333333333, "support": 19.0}, "micro avg": {"precision": 0.6538461538461539, "recall": 0.4594594594594595, "f1-score": 0.5396825396825397, "support": 37.0}, "macro avg": {"precision": 0.5909090909090908, "recall": 0.41359649122807013, "f1-score": 0.4714285714285714, "support": 37.0}, "weighted avg": {"precision": 0.6535626535626535, "recall": 0.4594594594594595, "f1-score": 0.525096525096525, "support": 37.0}, "samples avg": {"precision": 0.18181818181818182, "recall": 0.2077922077922078, "f1-score": 0.19047619047619047, "support": 37.0}}