{"economic": {"precision": 0.8695652173913043, "recall": 0.6896551724137931, "f1-score": 0.7692307692307693, "support": 29.0}, "noneconomic": {"precision": 0.9180327868852459, "recall": 0.8484848484848485, "f1-score": 0.8818897637795275, "support": 66.0}, "micro avg": {"precision": 0.9047619047619048, "recall": 0.8, "f1-score": 0.8491620111731844, "support": 95.0}, "macro avg": {"precision": 0.8937990021382751, "recall": 0.7690700104493209, "f1-score": 0.8255602665051485, "support": 95.0}, "weighted avg": {"precision": 0.9032374235660428, "recall": 0.8, "f1-score": 0.8474991233383276, "support": 95.0}, "samples avg": {"precision": 0.8295454545454546, "recall": 0.7840909090909091, "f1-score": 0.7954545454545454, "support": 95.0}}