{"economic": {"precision": 0.6818181818181818, "recall": 0.8823529411764706, "f1-score": 0.7692307692307693, "support": 34.0}, "noneconomic": {"precision": 0.9019607843137255, "recall": 0.92, "f1-score": 0.9108910891089109, "support": 50.0}, "micro avg": {"precision": 0.8, "recall": 0.9047619047619048, "f1-score": 0.8491620111731844, "support": 84.0}, "macro avg": {"precision": 0.7918894830659536, "recall": 0.9011764705882352, "f1-score": 0.8400609291698401, "support": 84.0}, "weighted avg": {"precision": 0.8128554452083864, "recall": 0.9047619047619048, "f1-score": 0.8535523882058537, "support": 84.0}, "samples avg": {"precision": 0.788235294117647, "recall": 0.8529411764705882, "f1-score": 0.807843137254902, "support": 84.0}}