{"noneconomic__age": {"precision": 1.0, "recall": 1.0, "f1-score": 1.0, "support": 5.0}, "noneconomic__crime": {"precision": 1.0, "recall": 1.0, "f1-score": 1.0, "support": 1.0}, "noneconomic__ethnicity": {"precision": 1.0, "recall": 1.0, "f1-score": 1.0, "support": 2.0}, "noneconomic__family": {"precision": 0.3333333333333333, "recall": 1.0, "f1-score": 0.5, "support": 1.0}, "noneconomic__gender_sexuality": {"precision": 1.0, "recall": 1.0, "f1-score": 1.0, "support": 3.0}, "noneconomic__health": {"precision": 1.0, "recall": 0.25, "f1-score": 0.4, "support": 4.0}, "noneconomic__nationality": {"precision": 0.8666666666666667, "recall": 0.8666666666666667, "f1-score": 0.8666666666666667, "support": 15.0}, "noneconomic__place_location": {"precision": 1.0, "recall": 0.5, "f1-score": 0.6666666666666666, "support": 6.0}, "noneconomic__religion": {"precision": 1.0, "recall": 1.0, "f1-score": 1.0, "support": 3.0}, "noneconomic__shared_values_mentalities": {"precision": 0.8571428571428571, "recall": 0.7058823529411765, "f1-score": 0.7741935483870968, "support": 17.0}, "micro avg": {"precision": 0.88, "recall": 0.7719298245614035, "f1-score": 0.822429906542056, "support": 57.0}, "macro avg": {"precision": 0.9057142857142857, "recall": 0.8322549019607843, "f1-score": 0.8207526881720429, "support": 57.0}, "weighted avg": {"precision": 0.9106098579782791, "recall": 0.7719298245614035, "f1-score": 0.8116015846066781, "support": 57.0}, "samples avg": {"precision": 0.44805194805194803, "recall": 0.44696969696969696, "f1-score": 0.4435992578849721, "support": 57.0}}