{"economic": {"precision": 0.8611111111111112, "recall": 0.8611111111111112, "f1-score": 0.8611111111111112, "support": 36.0}, "noneconomic": {"precision": 0.7843137254901961, "recall": 0.8888888888888888, "f1-score": 0.8333333333333334, "support": 45.0}, "micro avg": {"precision": 0.8160919540229885, "recall": 0.8765432098765432, "f1-score": 0.8452380952380952, "support": 81.0}, "macro avg": {"precision": 0.8227124183006536, "recall": 0.875, "f1-score": 0.8472222222222223, "support": 81.0}, "weighted avg": {"precision": 0.8184458968772694, "recall": 0.8765432098765432, "f1-score": 0.845679012345679, "support": 81.0}, "samples avg": {"precision": 0.7662337662337663, "recall": 0.8181818181818182, "f1-score": 0.7792207792207793, "support": 81.0}}