{"noneconomic__age": {"precision": 1.0, "recall": 0.7142857142857143, "f1-score": 0.8333333333333334, "support": 7.0}, "noneconomic__crime": {"precision": 0.0, "recall": 0.0, "f1-score": 0.0, "support": 3.0}, "noneconomic__ethnicity": {"precision": 0.5, "recall": 1.0, "f1-score": 0.6666666666666666, "support": 3.0}, "noneconomic__family": {"precision": 1.0, "recall": 1.0, "f1-score": 1.0, "support": 5.0}, "noneconomic__gender_sexuality": {"precision": 1.0, "recall": 0.7, "f1-score": 0.8235294117647058, "support": 10.0}, "noneconomic__health": {"precision": 1.0, "recall": 0.6666666666666666, "f1-score": 0.8, "support": 3.0}, "noneconomic__nationality": {"precision": 0.4, "recall": 0.5, "f1-score": 0.4444444444444444, "support": 4.0}, "noneconomic__place_location": {"precision": 0.0, "recall": 0.0, "f1-score": 0.0, "support": 1.0}, "noneconomic__religion": {"precision": 0.5, "recall": 0.75, "f1-score": 0.6, "support": 4.0}, "noneconomic__shared_values_mentalities": {"precision": 0.9, "recall": 0.6923076923076923, "f1-score": 0.782608695652174, "support": 13.0}, "micro avg": {"precision": 0.782608695652174, "recall": 0.6792452830188679, "f1-score": 0.7272727272727273, "support": 53.0}, "macro avg": {"precision": 0.6300000000000001, "recall": 0.6023260073260073, "f1-score": 0.5950582551861323, "support": 53.0}, "weighted avg": {"precision": 0.7886792452830189, "recall": 0.6792452830188679, "f1-score": 0.7135909107969138, "support": 53.0}, "samples avg": {"precision": 0.35802469135802467, "recall": 0.3662551440329218, "f1-score": 0.35349794238683124, "support": 53.0}}