{"noneconomic__age": {"precision": 1.0, "recall": 0.16666666666666666, "f1-score": 0.2857142857142857, "support": 6.0}, "noneconomic__crime": {"precision": 1.0, "recall": 0.4, "f1-score": 0.5714285714285714, "support": 5.0}, "noneconomic__ethnicity": {"precision": 0.0, "recall": 0.0, "f1-score": 0.0, "support": 0.0}, "noneconomic__family": {"precision": 0.9090909090909091, "recall": 0.9090909090909091, "f1-score": 0.9090909090909091, "support": 11.0}, "noneconomic__gender_sexuality": {"precision": 1.0, "recall": 0.7142857142857143, "f1-score": 0.8333333333333334, "support": 7.0}, "noneconomic__health": {"precision": 1.0, "recall": 0.75, "f1-score": 0.8571428571428571, "support": 4.0}, "noneconomic__nationality": {"precision": 0.7692307692307693, "recall": 1.0, "f1-score": 0.8695652173913043, "support": 10.0}, "noneconomic__place_location": {"precision": 1.0, "recall": 0.16666666666666666, "f1-score": 0.2857142857142857, "support": 6.0}, "noneconomic__religion": {"precision": 0.0, "recall": 0.0, "f1-score": 0.0, "support": 0.0}, "noneconomic__shared_values_mentalities": {"precision": 0.8421052631578947, "recall": 0.6956521739130435, "f1-score": 0.7619047619047619, "support": 23.0}, "micro avg": {"precision": 0.8421052631578947, "recall": 0.6666666666666666, "f1-score": 0.7441860465116279, "support": 72.0}, "macro avg": {"precision": 0.7520426941479573, "recall": 0.4802362130623001, "f1-score": 0.5373894221720309, "support": 72.0}, "weighted avg": {"precision": 0.9036212325686009, "recall": 0.6666666666666666, "f1-score": 0.7189872325741891, "support": 72.0}, "samples avg": {"precision": 0.5397727272727273, "recall": 0.5170454545454546, "f1-score": 0.5227272727272727, "support": 72.0}}