{"noneconomic__age": {"precision": 1.0, "recall": 0.42857142857142855, "f1-score": 0.6, "support": 7.0}, "noneconomic__crime": {"precision": 1.0, "recall": 1.0, "f1-score": 1.0, "support": 4.0}, "noneconomic__ethnicity": {"precision": 1.0, "recall": 1.0, "f1-score": 1.0, "support": 5.0}, "noneconomic__family": {"precision": 1.0, "recall": 1.0, "f1-score": 1.0, "support": 6.0}, "noneconomic__gender_sexuality": {"precision": 0.8333333333333334, "recall": 0.7142857142857143, "f1-score": 0.7692307692307693, "support": 7.0}, "noneconomic__health": {"precision": 1.0, "recall": 0.6666666666666666, "f1-score": 0.8, "support": 6.0}, "noneconomic__nationality": {"precision": 0.7857142857142857, "recall": 0.8461538461538461, "f1-score": 0.8148148148148148, "support": 13.0}, "noneconomic__place_location": {"precision": 1.0, "recall": 0.2857142857142857, "f1-score": 0.4444444444444444, "support": 7.0}, "noneconomic__religion": {"precision": 0.4, "recall": 1.0, "f1-score": 0.5714285714285714, "support": 2.0}, "noneconomic__shared_values_mentalities": {"precision": 0.7142857142857143, "recall": 0.5263157894736842, "f1-score": 0.6060606060606061, "support": 19.0}, "micro avg": {"precision": 0.8253968253968254, "recall": 0.6842105263157895, "f1-score": 0.7482014388489209, "support": 76.0}, "macro avg": {"precision": 0.8733333333333333, "recall": 0.7467707730865626, "f1-score": 0.7605979205979205, "support": 76.0}, "weighted avg": {"precision": 0.8607769423558898, "recall": 0.6842105263157895, "f1-score": 0.7335043124516808, "support": 76.0}, "samples avg": {"precision": 0.42788461538461536, "recall": 0.3958333333333333, "f1-score": 0.4019230769230769, "support": 76.0}}