{"noneconomic__age": {"precision": 0.9230769230769231, "recall": 0.8, "f1-score": 0.8571428571428571, "support": 15.0}, "noneconomic__crime": {"precision": 1.0, "recall": 1.0, "f1-score": 1.0, "support": 8.0}, "noneconomic__ethnicity": {"precision": 1.0, "recall": 1.0, "f1-score": 1.0, "support": 16.0}, "noneconomic__family": {"precision": 0.7142857142857143, "recall": 1.0, "f1-score": 0.8333333333333334, "support": 5.0}, "noneconomic__gender_sexuality": {"precision": 0.8571428571428571, "recall": 0.6666666666666666, "f1-score": 0.75, "support": 9.0}, "noneconomic__health": {"precision": 0.0, "recall": 0.0, "f1-score": 0.0, "support": 2.0}, "noneconomic__nationality": {"precision": 1.0, "recall": 0.42857142857142855, "f1-score": 0.6, "support": 14.0}, "noneconomic__place_location": {"precision": 1.0, "recall": 1.0, "f1-score": 1.0, "support": 1.0}, "noneconomic__religion": {"precision": 0.7142857142857143, "recall": 1.0, "f1-score": 0.8333333333333334, "support": 10.0}, "noneconomic__shared_values_mentalities": {"precision": 0.9333333333333333, "recall": 0.56, "f1-score": 0.7, "support": 25.0}, "micro avg": {"precision": 0.896551724137931, "recall": 0.7428571428571429, "f1-score": 0.8125, "support": 105.0}, "macro avg": {"precision": 0.8142124542124541, "recall": 0.7455238095238096, "f1-score": 0.7573809523809525, "support": 105.0}, "weighted avg": {"precision": 0.9010291296005583, "recall": 0.7428571428571429, "f1-score": 0.7905442176870748, "support": 105.0}, "samples avg": {"precision": 0.4580152671755725, "recall": 0.4516539440203562, "f1-score": 0.44656488549618323, "support": 105.0}}