{"economic": {"precision": 0.5, "recall": 0.7586206896551724, "f1-score": 0.6027397260273972, "support": 29.0}, "noneconomic": {"precision": 0.8813559322033898, "recall": 0.7878787878787878, "f1-score": 0.832, "support": 66.0}, "micro avg": {"precision": 0.7184466019417476, "recall": 0.7789473684210526, "f1-score": 0.7474747474747475, "support": 95.0}, "macro avg": {"precision": 0.6906779661016949, "recall": 0.7732497387669801, "f1-score": 0.7173698630136986, "support": 95.0}, "weighted avg": {"precision": 0.7649420160570918, "recall": 0.7789473684210526, "f1-score": 0.7620152847873106, "support": 95.0}, "samples avg": {"precision": 0.7215909090909091, "recall": 0.7443181818181818, "f1-score": 0.7159090909090909, "support": 95.0}}