{"economic": {"precision": 0.7741935483870968, "recall": 0.8275862068965517, "f1-score": 0.8, "support": 29.0}, "noneconomic": {"precision": 0.8695652173913043, "recall": 0.9230769230769231, "f1-score": 0.8955223880597015, "support": 65.0}, "micro avg": {"precision": 0.84, "recall": 0.8936170212765957, "f1-score": 0.865979381443299, "support": 94.0}, "macro avg": {"precision": 0.8218793828892006, "recall": 0.8753315649867375, "f1-score": 0.8477611940298508, "support": 94.0}, "weighted avg": {"precision": 0.8401420429112829, "recall": 0.8936170212765957, "f1-score": 0.866052715147666, "support": 94.0}, "samples avg": {"precision": 0.8214285714285714, "recall": 0.8367346938775511, "f1-score": 0.8231292517006803, "support": 94.0}}