{"noneconomic__age": {"precision": 0.9285714285714286, "recall": 1.0, "f1-score": 0.9629629629629629, "support": 13.0}, "noneconomic__crime": {"precision": 0.8333333333333334, "recall": 1.0, "f1-score": 0.9090909090909091, "support": 5.0}, "noneconomic__ethnicity": {"precision": 1.0, "recall": 1.0, "f1-score": 1.0, "support": 1.0}, "noneconomic__family": {"precision": 1.0, "recall": 1.0, "f1-score": 1.0, "support": 7.0}, "noneconomic__gender_sexuality": {"precision": 0.5, "recall": 0.75, "f1-score": 0.6, "support": 4.0}, "noneconomic__health": {"precision": 0.5, "recall": 1.0, "f1-score": 0.6666666666666666, "support": 2.0}, "noneconomic__nationality": {"precision": 0.75, "recall": 1.0, "f1-score": 0.8571428571428571, "support": 9.0}, "noneconomic__place_location": {"precision": 0.5, "recall": 0.5, "f1-score": 0.5, "support": 2.0}, "noneconomic__religion": {"precision": 0.0, "recall": 0.0, "f1-score": 0.0, "support": 0.0}, "noneconomic__shared_values_mentalities": {"precision": 0.7692307692307693, "recall": 0.7692307692307693, "f1-score": 0.7692307692307693, "support": 13.0}, "micro avg": {"precision": 0.7727272727272727, "recall": 0.9107142857142857, "f1-score": 0.8360655737704918, "support": 56.0}, "macro avg": {"precision": 0.6781135531135531, "recall": 0.801923076923077, "f1-score": 0.7265094165094165, "support": 56.0}, "weighted avg": {"precision": 0.803358843537415, "recall": 0.9107142857142857, "f1-score": 0.848421287707002, "support": 56.0}, "samples avg": {"precision": 0.5117647058823529, "recall": 0.5352941176470588, "f1-score": 0.5176470588235295, "support": 56.0}}