{"noneconomic__age": {"precision": 0.5714285714285714, "recall": 1.0, "f1-score": 0.7272727272727273, "support": 4.0}, "noneconomic__crime": {"precision": 1.0, "recall": 0.8888888888888888, "f1-score": 0.9411764705882353, "support": 9.0}, "noneconomic__ethnicity": {"precision": 1.0, "recall": 1.0, "f1-score": 1.0, "support": 1.0}, "noneconomic__family": {"precision": 1.0, "recall": 1.0, "f1-score": 1.0, "support": 4.0}, "noneconomic__gender_sexuality": {"precision": 0.6666666666666666, "recall": 0.3333333333333333, "f1-score": 0.4444444444444444, "support": 6.0}, "noneconomic__health": {"precision": 1.0, "recall": 0.3333333333333333, "f1-score": 0.5, "support": 3.0}, "noneconomic__nationality": {"precision": 0.7272727272727273, "recall": 0.8888888888888888, "f1-score": 0.8, "support": 9.0}, "noneconomic__place_location": {"precision": 1.0, "recall": 0.5, "f1-score": 0.6666666666666666, "support": 4.0}, "noneconomic__religion": {"precision": 1.0, "recall": 1.0, "f1-score": 1.0, "support": 1.0}, "noneconomic__shared_values_mentalities": {"precision": 0.6666666666666666, "recall": 0.6153846153846154, "f1-score": 0.64, "support": 13.0}, "micro avg": {"precision": 0.78, "recall": 0.7222222222222222, "f1-score": 0.75, "support": 54.0}, "macro avg": {"precision": 0.8632034632034632, "recall": 0.755982905982906, "f1-score": 0.7719560308972073, "support": 54.0}, "weighted avg": {"precision": 0.8055154721821388, "recall": 0.7222222222222222, "f1-score": 0.7357965273651549, "support": 54.0}, "samples avg": {"precision": 0.4083333333333333, "recall": 0.4270833333333333, "f1-score": 0.4125, "support": 54.0}}