{"economic__education_level": {"precision": 1.0, "recall": 0.4, "f1-score": 0.5714285714285714, "support": 5.0}, "economic__employment_status": {"precision": 0.3333333333333333, "recall": 0.75, "f1-score": 0.46153846153846156, "support": 4.0}, "economic__income_wealth_economic_status": {"precision": 1.0, "recall": 0.45454545454545453, "f1-score": 0.625, "support": 11.0}, "economic__occupation_profession": {"precision": 0.75, "recall": 0.9375, "f1-score": 0.8333333333333334, "support": 16.0}, "micro avg": {"precision": 0.6944444444444444, "recall": 0.6944444444444444, "f1-score": 0.6944444444444444, "support": 36.0}, "macro avg": {"precision": 0.7708333333333333, "recall": 0.6355113636363636, "f1-score": 0.6228250915750916, "support": 36.0}, "weighted avg": {"precision": 0.8148148148148148, "recall": 0.6944444444444444, "f1-score": 0.6919897232397232, "support": 36.0}, "samples avg": {"precision": 0.2411764705882353, "recall": 0.27058823529411763, "f1-score": 0.25098039215686274, "support": 36.0}}