{"noneconomic__age": {"precision": 0.9230769230769231, "recall": 0.75, "f1-score": 0.8275862068965517, "support": 16.0}, "noneconomic__crime": {"precision": 1.0, "recall": 1.0, "f1-score": 1.0, "support": 8.0}, "noneconomic__ethnicity": {"precision": 0.8333333333333334, "recall": 0.8333333333333334, "f1-score": 0.8333333333333334, "support": 6.0}, "noneconomic__family": {"precision": 0.3333333333333333, "recall": 1.0, "f1-score": 0.5, "support": 1.0}, "noneconomic__gender_sexuality": {"precision": 1.0, "recall": 0.92, "f1-score": 0.9583333333333334, "support": 25.0}, "noneconomic__health": {"precision": 0.8333333333333334, "recall": 0.625, "f1-score": 0.7142857142857143, "support": 8.0}, "noneconomic__nationality": {"precision": 0.75, "recall": 0.6666666666666666, "f1-score": 0.7058823529411765, "support": 9.0}, "noneconomic__place_location": {"precision": 0.0, "recall": 0.0, "f1-score": 0.0, "support": 2.0}, "noneconomic__religion": {"precision": 0.6666666666666666, "recall": 0.8, "f1-score": 0.7272727272727273, "support": 5.0}, "noneconomic__shared_values_mentalities": {"precision": 0.7142857142857143, "recall": 0.5555555555555556, "f1-score": 0.625, "support": 18.0}, "micro avg": {"precision": 0.8505747126436781, "recall": 0.7551020408163265, "f1-score": 0.8, "support": 98.0}, "macro avg": {"precision": 0.7054029304029305, "recall": 0.7150555555555556, "f1-score": 0.6891693668062836, "support": 98.0}, "weighted avg": {"precision": 0.8439766016296629, "recall": 0.7551020408163265, "f1-score": 0.7923806445999806, "support": 98.0}, "samples avg": {"precision": 0.5705705705705705, "recall": 0.5645645645645646, "f1-score": 0.5570570570570571, "support": 98.0}}