{"noneconomic__age": {"precision": 0.9583333333333334, "recall": 0.92, "f1-score": 0.9387755102040817, "support": 25.0}, "noneconomic__crime": {"precision": 0.75, "recall": 1.0, "f1-score": 0.8571428571428571, "support": 3.0}, "noneconomic__ethnicity": {"precision": 0.8, "recall": 1.0, "f1-score": 0.8888888888888888, "support": 4.0}, "noneconomic__family": {"precision": 0.8181818181818182, "recall": 0.75, "f1-score": 0.782608695652174, "support": 12.0}, "noneconomic__gender_sexuality": {"precision": 1.0, "recall": 1.0, "f1-score": 1.0, "support": 6.0}, "noneconomic__health": {"precision": 1.0, "recall": 0.6666666666666666, "f1-score": 0.8, "support": 3.0}, "noneconomic__nationality": {"precision": 0.8461538461538461, "recall": 0.9166666666666666, "f1-score": 0.88, "support": 12.0}, "noneconomic__place_location": {"precision": 0.5, "recall": 0.3333333333333333, "f1-score": 0.4, "support": 3.0}, "noneconomic__religion": {"precision": 0.75, "recall": 0.6, "f1-score": 0.6666666666666666, "support": 5.0}, "noneconomic__shared_values_mentalities": {"precision": 0.9230769230769231, "recall": 0.8571428571428571, "f1-score": 0.8888888888888888, "support": 14.0}, "micro avg": {"precision": 0.8809523809523809, "recall": 0.8505747126436781, "f1-score": 0.8654970760233918, "support": 87.0}, "macro avg": {"precision": 0.8345745920745922, "recall": 0.8043809523809523, "f1-score": 0.8102971507443557, "support": 87.0}, "weighted avg": {"precision": 0.8799245773383706, "recall": 0.8505747126436781, "f1-score": 0.86121211503092, "support": 87.0}, "samples avg": {"precision": 0.5731292517006803, "recall": 0.5663265306122449, "f1-score": 0.5591836734693877, "support": 87.0}}