{"noneconomic__age": {"precision": 0.875, "recall": 1.0, "f1-score": 0.9333333333333333, "support": 7.0}, "noneconomic__crime": {"precision": 1.0, "recall": 0.3333333333333333, "f1-score": 0.5, "support": 3.0}, "noneconomic__ethnicity": {"precision": 0.42857142857142855, "recall": 1.0, "f1-score": 0.6, "support": 3.0}, "noneconomic__family": {"precision": 1.0, "recall": 1.0, "f1-score": 1.0, "support": 5.0}, "noneconomic__gender_sexuality": {"precision": 0.875, "recall": 0.7, "f1-score": 0.7777777777777778, "support": 10.0}, "noneconomic__health": {"precision": 1.0, "recall": 0.6666666666666666, "f1-score": 0.8, "support": 3.0}, "noneconomic__nationality": {"precision": 0.6, "recall": 0.75, "f1-score": 0.6666666666666666, "support": 4.0}, "noneconomic__place_location": {"precision": 0.0, "recall": 0.0, "f1-score": 0.0, "support": 1.0}, "noneconomic__religion": {"precision": 0.5714285714285714, "recall": 1.0, "f1-score": 0.7272727272727273, "support": 4.0}, "noneconomic__shared_values_mentalities": {"precision": 0.9090909090909091, "recall": 0.7692307692307693, "f1-score": 0.8333333333333334, "support": 13.0}, "micro avg": {"precision": 0.7777777777777778, "recall": 0.7924528301886793, "f1-score": 0.7850467289719626, "support": 53.0}, "macro avg": {"precision": 0.7259090909090908, "recall": 0.7219230769230769, "f1-score": 0.6838383838383838, "support": 53.0}, "weighted avg": {"precision": 0.8238605733888752, "recall": 0.7924528301886793, "f1-score": 0.781513245664189, "support": 53.0}, "samples avg": {"precision": 0.434156378600823, "recall": 0.4547325102880659, "f1-score": 0.4337448559670782, "support": 53.0}}