{"economic__class_membership": {"precision": 0.0, "recall": 0.0, "f1-score": 0.0, "support": 0.0}, "economic__ecology_of_group": {"precision": 0.0, "recall": 0.0, "f1-score": 0.0, "support": 4.0}, "economic__education_level": {"precision": 1.0, "recall": 0.6666666666666666, "f1-score": 0.8, "support": 3.0}, "economic__employment_status": {"precision": 1.0, "recall": 0.5, "f1-score": 0.6666666666666666, "support": 2.0}, "economic__income_wealth_economic_status": {"precision": 1.0, "recall": 0.2, "f1-score": 0.3333333333333333, "support": 5.0}, "economic__occupation_profession": {"precision": 0.5, "recall": 0.0625, "f1-score": 0.1111111111111111, "support": 16.0}, "micro avg": {"precision": 0.8333333333333334, "recall": 0.16666666666666666, "f1-score": 0.2777777777777778, "support": 30.0}, "macro avg": {"precision": 0.5833333333333334, "recall": 0.2381944444444444, "f1-score": 0.31851851851851853, "support": 30.0}, "weighted avg": {"precision": 0.6, "recall": 0.16666666666666666, "f1-score": 0.23925925925925925, "support": 30.0}, "samples avg": {"precision": 0.056818181818181816, "recall": 0.056818181818181816, "f1-score": 0.056818181818181816, "support": 30.0}}