{"economic": {"precision": 0.7777777777777778, "recall": 0.8, "f1-score": 0.7887323943661971, "support": 35.0}, "noneconomic": {"precision": 0.7313432835820896, "recall": 0.9074074074074074, "f1-score": 0.8099173553719008, "support": 54.0}, "micro avg": {"precision": 0.7475728155339806, "recall": 0.8651685393258427, "f1-score": 0.8020833333333334, "support": 89.0}, "macro avg": {"precision": 0.7545605306799337, "recall": 0.8537037037037037, "f1-score": 0.7993248748690489, "support": 89.0}, "weighted avg": {"precision": 0.7496040397264612, "recall": 0.8651685393258427, "f1-score": 0.8015861909314556, "support": 89.0}, "samples avg": {"precision": 0.7446808510638298, "recall": 0.75, "f1-score": 0.7375886524822696, "support": 89.0}}