{"economic": {"precision": 0.7111111111111111, "recall": 0.8648648648648649, "f1-score": 0.7804878048780488, "support": 37.0}, "noneconomic": {"precision": 0.8571428571428571, "recall": 0.8571428571428571, "f1-score": 0.8571428571428571, "support": 77.0}, "micro avg": {"precision": 0.8032786885245902, "recall": 0.8596491228070176, "f1-score": 0.8305084745762712, "support": 114.0}, "macro avg": {"precision": 0.7841269841269841, "recall": 0.8610038610038611, "f1-score": 0.8188153310104529, "support": 114.0}, "weighted avg": {"precision": 0.8097465886939572, "recall": 0.8596491228070176, "f1-score": 0.8322635857937527, "support": 114.0}, "samples avg": {"precision": 0.8198198198198198, "recall": 0.8333333333333334, "f1-score": 0.813813813813814, "support": 114.0}}