{"economic": {"precision": 0.675, "recall": 0.7941176470588235, "f1-score": 0.7297297297297297, "support": 34.0}, "noneconomic": {"precision": 0.671875, "recall": 0.86, "f1-score": 0.7543859649122807, "support": 50.0}, "micro avg": {"precision": 0.6730769230769231, "recall": 0.8333333333333334, "f1-score": 0.7446808510638298, "support": 84.0}, "macro avg": {"precision": 0.6734375, "recall": 0.8270588235294117, "f1-score": 0.7420578473210052, "support": 84.0}, "weighted avg": {"precision": 0.673139880952381, "recall": 0.8333333333333334, "f1-score": 0.7444060601955339, "support": 84.0}, "samples avg": {"precision": 0.7, "recall": 0.7941176470588235, "f1-score": 0.7254901960784312, "support": 84.0}}