{"economic__class_membership": {"precision": 0.0, "recall": 0.0, "f1-score": 0.0, "support": 0.0}, "economic__ecology_of_group": {"precision": 0.0, "recall": 0.0, "f1-score": 0.0, "support": 3.0}, "economic__education_level": {"precision": 1.0, "recall": 0.8333333333333334, "f1-score": 0.9090909090909091, "support": 6.0}, "economic__employment_status": {"precision": 0.6666666666666666, "recall": 0.5, "f1-score": 0.5714285714285714, "support": 4.0}, "economic__income_wealth_economic_status": {"precision": 0.6, "recall": 0.42857142857142855, "f1-score": 0.5, "support": 7.0}, "economic__occupation_profession": {"precision": 0.7692307692307693, "recall": 0.625, "f1-score": 0.6896551724137931, "support": 16.0}, "micro avg": {"precision": 0.7142857142857143, "recall": 0.5555555555555556, "f1-score": 0.625, "support": 36.0}, "macro avg": {"precision": 0.505982905982906, "recall": 0.3978174603174603, "f1-score": 0.44502910882221225, "support": 36.0}, "weighted avg": {"precision": 0.6992877492877493, "recall": 0.5555555555555556, "f1-score": 0.618742847191123, "support": 36.0}, "samples avg": {"precision": 0.24375, "recall": 0.23125, "f1-score": 0.2333333333333333, "support": 36.0}}