{"noneconomic__age": {"precision": 0.75, "recall": 0.75, "f1-score": 0.75, "support": 4.0}, "noneconomic__crime": {"precision": 1.0, "recall": 0.7272727272727273, "f1-score": 0.8421052631578947, "support": 11.0}, "noneconomic__ethnicity": {"precision": 0.3, "recall": 0.75, "f1-score": 0.42857142857142855, "support": 4.0}, "noneconomic__family": {"precision": 0.75, "recall": 0.75, "f1-score": 0.75, "support": 4.0}, "noneconomic__gender_sexuality": {"precision": 1.0, "recall": 0.9090909090909091, "f1-score": 0.9523809523809523, "support": 22.0}, "noneconomic__health": {"precision": 1.0, "recall": 0.8, "f1-score": 0.8888888888888888, "support": 5.0}, "noneconomic__nationality": {"precision": 1.0, "recall": 0.7777777777777778, "f1-score": 0.875, "support": 9.0}, "noneconomic__place_location": {"precision": 1.0, "recall": 0.5, "f1-score": 0.6666666666666666, "support": 6.0}, "noneconomic__religion": {"precision": 0.36363636363636365, "recall": 0.8, "f1-score": 0.5, "support": 5.0}, "noneconomic__shared_values_mentalities": {"precision": 0.8571428571428571, "recall": 0.6, "f1-score": 0.7058823529411765, "support": 10.0}, "micro avg": {"precision": 0.782051282051282, "recall": 0.7625, "f1-score": 0.7721518987341772, "support": 80.0}, "macro avg": {"precision": 0.802077922077922, "recall": 0.7364141414141414, "f1-score": 0.7359495552607008, "support": 80.0}, "weighted avg": {"precision": 0.88237012987013, "recall": 0.7625, "f1-score": 0.7976011566907466, "support": 80.0}, "samples avg": {"precision": 0.4965635738831616, "recall": 0.5378006872852233, "f1-score": 0.5061855670103093, "support": 80.0}}