{"noneconomic__age": {"precision": 1.0, "recall": 1.0, "f1-score": 1.0, "support": 19.0}, "noneconomic__crime": {"precision": 0.42857142857142855, "recall": 1.0, "f1-score": 0.6, "support": 3.0}, "noneconomic__ethnicity": {"precision": 1.0, "recall": 0.8, "f1-score": 0.8888888888888888, "support": 5.0}, "noneconomic__family": {"precision": 0.8, "recall": 0.8571428571428571, "f1-score": 0.8275862068965517, "support": 14.0}, "noneconomic__gender_sexuality": {"precision": 1.0, "recall": 0.75, "f1-score": 0.8571428571428571, "support": 8.0}, "noneconomic__health": {"precision": 0.6666666666666666, "recall": 0.6666666666666666, "f1-score": 0.6666666666666666, "support": 6.0}, "noneconomic__nationality": {"precision": 0.875, "recall": 0.5833333333333334, "f1-score": 0.7, "support": 12.0}, "noneconomic__place_location": {"precision": 1.0, "recall": 0.5, "f1-score": 0.6666666666666666, "support": 2.0}, "noneconomic__religion": {"precision": 1.0, "recall": 0.8571428571428571, "f1-score": 0.9230769230769231, "support": 7.0}, "noneconomic__shared_values_mentalities": {"precision": 0.9285714285714286, "recall": 0.7222222222222222, "f1-score": 0.8125, "support": 18.0}, "micro avg": {"precision": 0.872093023255814, "recall": 0.7978723404255319, "f1-score": 0.8333333333333334, "support": 94.0}, "macro avg": {"precision": 0.8698809523809524, "recall": 0.7736507936507936, "f1-score": 0.7942528209338555, "support": 94.0}, "weighted avg": {"precision": 0.9010638297872342, "recall": 0.7978723404255319, "f1-score": 0.8351879360958597, "support": 94.0}, "samples avg": {"precision": 0.5095238095238095, "recall": 0.49841269841269836, "f1-score": 0.49936507936507935, "support": 94.0}}