{"noneconomic__age": {"precision": 1.0, "recall": 0.7, "f1-score": 0.8235294117647058, "support": 10.0}, "noneconomic__crime": {"precision": 0.8333333333333334, "recall": 1.0, "f1-score": 0.9090909090909091, "support": 5.0}, "noneconomic__ethnicity": {"precision": 1.0, "recall": 1.0, "f1-score": 1.0, "support": 2.0}, "noneconomic__family": {"precision": 0.5, "recall": 1.0, "f1-score": 0.6666666666666666, "support": 2.0}, "noneconomic__gender_sexuality": {"precision": 1.0, "recall": 1.0, "f1-score": 1.0, "support": 2.0}, "noneconomic__health": {"precision": 0.42857142857142855, "recall": 0.6, "f1-score": 0.5, "support": 5.0}, "noneconomic__nationality": {"precision": 1.0, "recall": 0.7857142857142857, "f1-score": 0.88, "support": 14.0}, "noneconomic__place_location": {"precision": 1.0, "recall": 0.5, "f1-score": 0.6666666666666666, "support": 2.0}, "noneconomic__religion": {"precision": 1.0, "recall": 0.7142857142857143, "f1-score": 0.8333333333333334, "support": 7.0}, "noneconomic__shared_values_mentalities": {"precision": 0.7, "recall": 0.6363636363636364, "f1-score": 0.6666666666666666, "support": 11.0}, "micro avg": {"precision": 0.8181818181818182, "recall": 0.75, "f1-score": 0.782608695652174, "support": 60.0}, "macro avg": {"precision": 0.8461904761904762, "recall": 0.7936363636363637, "f1-score": 0.7945953654188948, "support": 60.0}, "weighted avg": {"precision": 0.8668253968253968, "recall": 0.75, "f1-score": 0.7905680332739157, "support": 60.0}, "samples avg": {"precision": 0.37813620071684595, "recall": 0.37813620071684584, "f1-score": 0.3720430107526881, "support": 60.0}}