{"economic__class_membership": {"precision": 0.0, "recall": 0.0, "f1-score": 0.0, "support": 0.0}, "economic__ecology_of_group": {"precision": 0.25, "recall": 0.5, "f1-score": 0.3333333333333333, "support": 2.0}, "economic__education_level": {"precision": 0.6666666666666666, "recall": 0.6666666666666666, "f1-score": 0.6666666666666666, "support": 3.0}, "economic__employment_status": {"precision": 0.5, "recall": 0.2, "f1-score": 0.2857142857142857, "support": 5.0}, "economic__income_wealth_economic_status": {"precision": 0.6666666666666666, "recall": 1.0, "f1-score": 0.8, "support": 6.0}, "economic__occupation_profession": {"precision": 0.6666666666666666, "recall": 0.625, "f1-score": 0.6451612903225806, "support": 16.0}, "micro avg": {"precision": 0.5405405405405406, "recall": 0.625, "f1-score": 0.5797101449275363, "support": 32.0}, "macro avg": {"precision": 0.45833333333333326, "recall": 0.49861111111111106, "f1-score": 0.4551459293394777, "support": 32.0}, "weighted avg": {"precision": 0.6145833333333333, "recall": 0.625, "f1-score": 0.6005568356374809, "support": 32.0}, "samples avg": {"precision": 0.16494845360824742, "recall": 0.20103092783505155, "f1-score": 0.17525773195876287, "support": 32.0}}