{"economic__education_level": {"precision": 0.6666666666666666, "recall": 0.6666666666666666, "f1-score": 0.6666666666666666, "support": 3.0}, "economic__employment_status": {"precision": 0.8333333333333334, "recall": 0.5, "f1-score": 0.625, "support": 10.0}, "economic__income_wealth_economic_status": {"precision": 0.25, "recall": 0.4, "f1-score": 0.3076923076923077, "support": 5.0}, "economic__occupation_profession": {"precision": 0.75, "recall": 0.47368421052631576, "f1-score": 0.5806451612903226, "support": 19.0}, "micro avg": {"precision": 0.6206896551724138, "recall": 0.4864864864864865, "f1-score": 0.5454545454545454, "support": 37.0}, "macro avg": {"precision": 0.625, "recall": 0.5100877192982456, "f1-score": 0.5450010339123242, "support": 37.0}, "weighted avg": {"precision": 0.6981981981981983, "recall": 0.4864864864864865, "f1-score": 0.5627221514318289, "support": 37.0}, "samples avg": {"precision": 0.18831168831168832, "recall": 0.22077922077922077, "f1-score": 0.1991341991341991, "support": 37.0}}