{"economic": {"precision": 0.6904761904761905, "recall": 0.8285714285714286, "f1-score": 0.7532467532467533, "support": 35.0}, "noneconomic": {"precision": 0.6935483870967742, "recall": 0.7962962962962963, "f1-score": 0.7413793103448276, "support": 54.0}, "micro avg": {"precision": 0.6923076923076923, "recall": 0.8089887640449438, "f1-score": 0.7461139896373057, "support": 89.0}, "macro avg": {"precision": 0.6920122887864824, "recall": 0.8124338624338625, "f1-score": 0.7473130317957905, "support": 89.0}, "weighted avg": {"precision": 0.6923402198864324, "recall": 0.8089887640449438, "f1-score": 0.7460462822725512, "support": 89.0}, "samples avg": {"precision": 0.6968085106382979, "recall": 0.7074468085106383, "f1-score": 0.6879432624113474, "support": 89.0}}