{"noneconomic__age": {"precision": 0.875, "recall": 1.0, "f1-score": 0.9333333333333333, "support": 7.0}, "noneconomic__crime": {"precision": 1.0, "recall": 0.3333333333333333, "f1-score": 0.5, "support": 3.0}, "noneconomic__ethnicity": {"precision": 1.0, "recall": 1.0, "f1-score": 1.0, "support": 3.0}, "noneconomic__family": {"precision": 1.0, "recall": 1.0, "f1-score": 1.0, "support": 5.0}, "noneconomic__gender_sexuality": {"precision": 1.0, "recall": 0.8, "f1-score": 0.8888888888888888, "support": 10.0}, "noneconomic__health": {"precision": 1.0, "recall": 0.6666666666666666, "f1-score": 0.8, "support": 3.0}, "noneconomic__nationality": {"precision": 0.4444444444444444, "recall": 1.0, "f1-score": 0.6153846153846154, "support": 4.0}, "noneconomic__place_location": {"precision": 0.0, "recall": 0.0, "f1-score": 0.0, "support": 1.0}, "noneconomic__religion": {"precision": 0.8, "recall": 1.0, "f1-score": 0.8888888888888888, "support": 4.0}, "noneconomic__shared_values_mentalities": {"precision": 0.9090909090909091, "recall": 0.7692307692307693, "f1-score": 0.8333333333333334, "support": 13.0}, "micro avg": {"precision": 0.8461538461538461, "recall": 0.8301886792452831, "f1-score": 0.8380952380952381, "support": 53.0}, "macro avg": {"precision": 0.8028535353535353, "recall": 0.7569230769230769, "f1-score": 0.745982905982906, "support": 53.0}, "weighted avg": {"precision": 0.885301124452068, "recall": 0.8301886792452831, "f1-score": 0.8334462183518788, "support": 53.0}, "samples avg": {"precision": 0.43209876543209874, "recall": 0.45267489711934156, "f1-score": 0.4378600823045268, "support": 53.0}}