{"noneconomic__age": {"precision": 0.5, "recall": 0.75, "f1-score": 0.6, "support": 4.0}, "noneconomic__crime": {"precision": 1.0, "recall": 0.8888888888888888, "f1-score": 0.9411764705882353, "support": 9.0}, "noneconomic__ethnicity": {"precision": 1.0, "recall": 1.0, "f1-score": 1.0, "support": 1.0}, "noneconomic__family": {"precision": 0.6666666666666666, "recall": 1.0, "f1-score": 0.8, "support": 4.0}, "noneconomic__gender_sexuality": {"precision": 0.8, "recall": 0.6666666666666666, "f1-score": 0.7272727272727273, "support": 6.0}, "noneconomic__health": {"precision": 1.0, "recall": 0.3333333333333333, "f1-score": 0.5, "support": 3.0}, "noneconomic__nationality": {"precision": 0.8888888888888888, "recall": 0.8888888888888888, "f1-score": 0.8888888888888888, "support": 9.0}, "noneconomic__place_location": {"precision": 1.0, "recall": 0.5, "f1-score": 0.6666666666666666, "support": 4.0}, "noneconomic__religion": {"precision": 1.0, "recall": 1.0, "f1-score": 1.0, "support": 1.0}, "noneconomic__shared_values_mentalities": {"precision": 0.7857142857142857, "recall": 0.8461538461538461, "f1-score": 0.8148148148148148, "support": 13.0}, "micro avg": {"precision": 0.8113207547169812, "recall": 0.7962962962962963, "f1-score": 0.8037383177570093, "support": 54.0}, "macro avg": {"precision": 0.8641269841269843, "recall": 0.7873931623931624, "f1-score": 0.7938819568231332, "support": 54.0}, "weighted avg": {"precision": 0.8459435626102293, "recall": 0.7962962962962963, "f1-score": 0.7998793307072174, "support": 54.0}, "samples avg": {"precision": 0.45625, "recall": 0.4770833333333333, "f1-score": 0.45999999999999996, "support": 54.0}}