{"economic": {"precision": 0.8205128205128205, "recall": 0.8888888888888888, "f1-score": 0.8533333333333334, "support": 36.0}, "noneconomic": {"precision": 0.8571428571428571, "recall": 0.8, "f1-score": 0.8275862068965517, "support": 45.0}, "micro avg": {"precision": 0.8395061728395061, "recall": 0.8395061728395061, "f1-score": 0.8395061728395061, "support": 81.0}, "macro avg": {"precision": 0.8388278388278387, "recall": 0.8444444444444444, "f1-score": 0.8404597701149426, "support": 81.0}, "weighted avg": {"precision": 0.8408628408628408, "recall": 0.8395061728395061, "f1-score": 0.8390293742017879, "support": 81.0}, "samples avg": {"precision": 0.8116883116883117, "recall": 0.8051948051948052, "f1-score": 0.7965367965367964, "support": 81.0}}