{"economic": {"precision": 0.7777777777777778, "recall": 0.9032258064516129, "f1-score": 0.835820895522388, "support": 31.0}, "noneconomic": {"precision": 0.921875, "recall": 0.855072463768116, "f1-score": 0.8872180451127819, "support": 69.0}, "micro avg": {"precision": 0.87, "recall": 0.87, "f1-score": 0.87, "support": 100.0}, "macro avg": {"precision": 0.8498263888888888, "recall": 0.8791491351098644, "f1-score": 0.861519470317585, "support": 100.0}, "weighted avg": {"precision": 0.8772048611111112, "recall": 0.87, "f1-score": 0.8712849287397597, "support": 100.0}, "samples avg": {"precision": 0.845360824742268, "recall": 0.845360824742268, "f1-score": 0.838487972508591, "support": 100.0}}