{"economic__education_level": {"precision": 0.5, "recall": 0.5, "f1-score": 0.5, "support": 4.0}, "economic__employment_status": {"precision": 0.3333333333333333, "recall": 0.5, "f1-score": 0.4, "support": 2.0}, "economic__income_wealth_economic_status": {"precision": 0.6666666666666666, "recall": 0.5, "f1-score": 0.5714285714285714, "support": 8.0}, "economic__occupation_profession": {"precision": 0.7142857142857143, "recall": 0.625, "f1-score": 0.6666666666666666, "support": 24.0}, "micro avg": {"precision": 0.6470588235294118, "recall": 0.5789473684210527, "f1-score": 0.6111111111111112, "support": 38.0}, "macro avg": {"precision": 0.5535714285714286, "recall": 0.53125, "f1-score": 0.5345238095238095, "support": 38.0}, "weighted avg": {"precision": 0.6616541353383458, "recall": 0.5789473684210527, "f1-score": 0.6150375939849624, "support": 38.0}, "samples avg": {"precision": 0.1921921921921922, "recall": 0.19369369369369369, "f1-score": 0.19069069069069067, "support": 38.0}}