{"economic__education_level": {"precision": 1.0, "recall": 0.25, "f1-score": 0.4, "support": 4.0}, "economic__employment_status": {"precision": 0.6666666666666666, "recall": 1.0, "f1-score": 0.8, "support": 2.0}, "economic__income_wealth_economic_status": {"precision": 1.0, "recall": 0.42857142857142855, "f1-score": 0.6, "support": 7.0}, "economic__occupation_profession": {"precision": 0.8571428571428571, "recall": 0.2608695652173913, "f1-score": 0.4, "support": 23.0}, "micro avg": {"precision": 0.8571428571428571, "recall": 0.3333333333333333, "f1-score": 0.48, "support": 36.0}, "macro avg": {"precision": 0.8809523809523809, "recall": 0.484860248447205, "f1-score": 0.55, "support": 36.0}, "weighted avg": {"precision": 0.8902116402116401, "recall": 0.3333333333333333, "f1-score": 0.46111111111111114, "support": 36.0}, "samples avg": {"precision": 0.11170212765957446, "recall": 0.11702127659574468, "f1-score": 0.11347517730496454, "support": 36.0}}