{"noneconomic__age": {"precision": 0.6875, "recall": 0.8461538461538461, "f1-score": 0.7586206896551724, "support": 13.0}, "noneconomic__crime": {"precision": 1.0, "recall": 0.6, "f1-score": 0.75, "support": 5.0}, "noneconomic__ethnicity": {"precision": 0.0, "recall": 0.0, "f1-score": 0.0, "support": 1.0}, "noneconomic__family": {"precision": 0.5454545454545454, "recall": 0.8571428571428571, "f1-score": 0.6666666666666666, "support": 7.0}, "noneconomic__gender_sexuality": {"precision": 0.6, "recall": 0.75, "f1-score": 0.6666666666666666, "support": 4.0}, "noneconomic__health": {"precision": 0.3333333333333333, "recall": 0.5, "f1-score": 0.4, "support": 2.0}, "noneconomic__nationality": {"precision": 0.7272727272727273, "recall": 0.8888888888888888, "f1-score": 0.8, "support": 9.0}, "noneconomic__place_location": {"precision": 0.0, "recall": 0.0, "f1-score": 0.0, "support": 2.0}, "noneconomic__religion": {"precision": 0.0, "recall": 0.0, "f1-score": 0.0, "support": 0.0}, "noneconomic__shared_values_mentalities": {"precision": 0.8, "recall": 0.6153846153846154, "f1-score": 0.6956521739130435, "support": 13.0}, "micro avg": {"precision": 0.625, "recall": 0.7142857142857143, "f1-score": 0.6666666666666666, "support": 56.0}, "macro avg": {"precision": 0.4693560606060606, "recall": 0.5057570207570207, "f1-score": 0.47376061969015487, "support": 56.0}, "weighted avg": {"precision": 0.674425054112554, "recall": 0.7142857142857143, "f1-score": 0.6783728671378596, "support": 56.0}, "samples avg": {"precision": 0.4235294117647059, "recall": 0.43333333333333335, "f1-score": 0.4176470588235293, "support": 56.0}}