{"noneconomic__age": {"precision": 0.8421052631578947, "recall": 0.64, "f1-score": 0.7272727272727273, "support": 25.0}, "noneconomic__crime": {"precision": 1.0, "recall": 0.6666666666666666, "f1-score": 0.8, "support": 3.0}, "noneconomic__ethnicity": {"precision": 0.5714285714285714, "recall": 1.0, "f1-score": 0.7272727272727273, "support": 4.0}, "noneconomic__family": {"precision": 0.7692307692307693, "recall": 0.8333333333333334, "f1-score": 0.8, "support": 12.0}, "noneconomic__gender_sexuality": {"precision": 1.0, "recall": 1.0, "f1-score": 1.0, "support": 6.0}, "noneconomic__health": {"precision": 1.0, "recall": 0.6666666666666666, "f1-score": 0.8, "support": 3.0}, "noneconomic__nationality": {"precision": 0.6, "recall": 0.75, "f1-score": 0.6666666666666666, "support": 12.0}, "noneconomic__place_location": {"precision": 0.5, "recall": 0.6666666666666666, "f1-score": 0.5714285714285714, "support": 3.0}, "noneconomic__religion": {"precision": 0.8, "recall": 0.8, "f1-score": 0.8, "support": 5.0}, "noneconomic__shared_values_mentalities": {"precision": 0.6666666666666666, "recall": 0.5714285714285714, "f1-score": 0.6153846153846154, "support": 14.0}, "micro avg": {"precision": 0.7411764705882353, "recall": 0.7241379310344828, "f1-score": 0.7325581395348837, "support": 87.0}, "macro avg": {"precision": 0.7749431270483902, "recall": 0.7594761904761904, "f1-score": 0.7508025308025308, "support": 87.0}, "weighted avg": {"precision": 0.7655453842386691, "recall": 0.7241379310344828, "f1-score": 0.7335698783974646, "support": 87.0}, "samples avg": {"precision": 0.46938775510204084, "recall": 0.47959183673469385, "f1-score": 0.45510204081632655, "support": 87.0}}