{"economic__class_membership": {"precision": 0.0, "recall": 0.0, "f1-score": 0.0, "support": 5.0}, "economic__ecology_of_group": {"precision": 0.6666666666666666, "recall": 0.6666666666666666, "f1-score": 0.6666666666666666, "support": 3.0}, "economic__education_level": {"precision": 0.75, "recall": 1.0, "f1-score": 0.8571428571428571, "support": 3.0}, "economic__employment_status": {"precision": 0.6666666666666666, "recall": 0.8, "f1-score": 0.7272727272727273, "support": 5.0}, "economic__income_wealth_economic_status": {"precision": 0.75, "recall": 0.9, "f1-score": 0.8181818181818182, "support": 10.0}, "economic__occupation_profession": {"precision": 1.0, "recall": 0.5833333333333334, "f1-score": 0.7368421052631579, "support": 12.0}, "micro avg": {"precision": 0.78125, "recall": 0.6578947368421053, "f1-score": 0.7142857142857143, "support": 38.0}, "macro avg": {"precision": 0.6388888888888888, "recall": 0.6583333333333333, "f1-score": 0.6343510290878712, "support": 38.0}, "weighted avg": {"precision": 0.712719298245614, "recall": 0.6578947368421053, "f1-score": 0.6639925171781127, "support": 38.0}, "samples avg": {"precision": 0.2777777777777778, "recall": 0.2716049382716049, "f1-score": 0.2716049382716049, "support": 38.0}}