{"noneconomic__age": {"precision": 0.4, "recall": 1.0, "f1-score": 0.5714285714285714, "support": 4.0}, "noneconomic__crime": {"precision": 1.0, "recall": 0.8888888888888888, "f1-score": 0.9411764705882353, "support": 9.0}, "noneconomic__ethnicity": {"precision": 1.0, "recall": 1.0, "f1-score": 1.0, "support": 1.0}, "noneconomic__family": {"precision": 0.6666666666666666, "recall": 1.0, "f1-score": 0.8, "support": 4.0}, "noneconomic__gender_sexuality": {"precision": 0.6666666666666666, "recall": 0.3333333333333333, "f1-score": 0.4444444444444444, "support": 6.0}, "noneconomic__health": {"precision": 1.0, "recall": 0.3333333333333333, "f1-score": 0.5, "support": 3.0}, "noneconomic__nationality": {"precision": 0.8, "recall": 0.8888888888888888, "f1-score": 0.8421052631578947, "support": 9.0}, "noneconomic__place_location": {"precision": 0.6666666666666666, "recall": 1.0, "f1-score": 0.8, "support": 4.0}, "noneconomic__religion": {"precision": 1.0, "recall": 1.0, "f1-score": 1.0, "support": 1.0}, "noneconomic__shared_values_mentalities": {"precision": 0.8571428571428571, "recall": 0.46153846153846156, "f1-score": 0.6, "support": 13.0}, "micro avg": {"precision": 0.7358490566037735, "recall": 0.7222222222222222, "f1-score": 0.7289719626168224, "support": 54.0}, "macro avg": {"precision": 0.8057142857142857, "recall": 0.7905982905982907, "f1-score": 0.7499154749619146, "support": 54.0}, "weighted avg": {"precision": 0.8014109347442682, "recall": 0.7222222222222222, "f1-score": 0.7167021584462245, "support": 54.0}, "samples avg": {"precision": 0.3875, "recall": 0.4291666666666667, "f1-score": 0.40083333333333326, "support": 54.0}}