{"noneconomic__age": {"precision": 0.8333333333333334, "recall": 0.8333333333333334, "f1-score": 0.8333333333333334, "support": 12.0}, "noneconomic__crime": {"precision": 0.5, "recall": 0.3333333333333333, "f1-score": 0.4, "support": 3.0}, "noneconomic__ethnicity": {"precision": 1.0, "recall": 1.0, "f1-score": 1.0, "support": 1.0}, "noneconomic__family": {"precision": 0.5555555555555556, "recall": 1.0, "f1-score": 0.7142857142857143, "support": 5.0}, "noneconomic__gender_sexuality": {"precision": 0.0, "recall": 0.0, "f1-score": 0.0, "support": 2.0}, "noneconomic__health": {"precision": 0.0, "recall": 0.0, "f1-score": 0.0, "support": 1.0}, "noneconomic__nationality": {"precision": 0.6111111111111112, "recall": 0.6470588235294118, "f1-score": 0.6285714285714286, "support": 17.0}, "noneconomic__place_location": {"precision": 0.3333333333333333, "recall": 0.5, "f1-score": 0.4, "support": 2.0}, "noneconomic__religion": {"precision": 0.0, "recall": 0.0, "f1-score": 0.0, "support": 0.0}, "noneconomic__shared_values_mentalities": {"precision": 0.5882352941176471, "recall": 0.47619047619047616, "f1-score": 0.5263157894736842, "support": 21.0}, "micro avg": {"precision": 0.5735294117647058, "recall": 0.609375, "f1-score": 0.5909090909090909, "support": 64.0}, "macro avg": {"precision": 0.4421568627450981, "recall": 0.47899159663865554, "f1-score": 0.450250626566416, "support": 64.0}, "weighted avg": {"precision": 0.6044730392156863, "recall": 0.609375, "f1-score": 0.5985902255639097, "support": 64.0}, "samples avg": {"precision": 0.3581560283687944, "recall": 0.35106382978723405, "f1-score": 0.34503546099290777, "support": 64.0}}