{"noneconomic__age": {"precision": 1.0, "recall": 0.25, "f1-score": 0.4, "support": 16.0}, "noneconomic__crime": {"precision": 1.0, "recall": 1.0, "f1-score": 1.0, "support": 8.0}, "noneconomic__ethnicity": {"precision": 1.0, "recall": 0.5, "f1-score": 0.6666666666666666, "support": 6.0}, "noneconomic__family": {"precision": 0.3333333333333333, "recall": 1.0, "f1-score": 0.5, "support": 1.0}, "noneconomic__gender_sexuality": {"precision": 0.9545454545454546, "recall": 0.84, "f1-score": 0.8936170212765957, "support": 25.0}, "noneconomic__health": {"precision": 1.0, "recall": 0.625, "f1-score": 0.7692307692307693, "support": 8.0}, "noneconomic__nationality": {"precision": 0.8571428571428571, "recall": 0.6666666666666666, "f1-score": 0.75, "support": 9.0}, "noneconomic__place_location": {"precision": 0.3333333333333333, "recall": 0.5, "f1-score": 0.4, "support": 2.0}, "noneconomic__religion": {"precision": 0.8, "recall": 0.8, "f1-score": 0.8, "support": 5.0}, "noneconomic__shared_values_mentalities": {"precision": 0.8181818181818182, "recall": 0.5, "f1-score": 0.6206896551724138, "support": 18.0}, "micro avg": {"precision": 0.8732394366197183, "recall": 0.6326530612244898, "f1-score": 0.7337278106508875, "support": 98.0}, "macro avg": {"precision": 0.8096536796536796, "recall": 0.6681666666666666, "f1-score": 0.6800204112346445, "support": 98.0}, "weighted avg": {"precision": 0.9112774980121918, "recall": 0.6326530612244898, "f1-score": 0.7154763824373929, "support": 98.0}, "samples avg": {"precision": 0.46546546546546547, "recall": 0.4624624624624625, "f1-score": 0.45615615615615607, "support": 98.0}}