{"economic__education_level": {"precision": 1.0, "recall": 1.0, "f1-score": 1.0, "support": 4.0}, "economic__employment_status": {"precision": 0.6666666666666666, "recall": 1.0, "f1-score": 0.8, "support": 2.0}, "economic__income_wealth_economic_status": {"precision": 1.0, "recall": 0.5, "f1-score": 0.6666666666666666, "support": 8.0}, "economic__occupation_profession": {"precision": 1.0, "recall": 0.5833333333333334, "f1-score": 0.7368421052631579, "support": 24.0}, "micro avg": {"precision": 0.96, "recall": 0.631578947368421, "f1-score": 0.7619047619047619, "support": 38.0}, "macro avg": {"precision": 0.9166666666666666, "recall": 0.7708333333333334, "f1-score": 0.8008771929824562, "support": 38.0}, "weighted avg": {"precision": 0.982456140350877, "recall": 0.631578947368421, "f1-score": 0.7530932594644506, "support": 38.0}, "samples avg": {"precision": 0.21621621621621623, "recall": 0.21171171171171171, "f1-score": 0.21321321321321318, "support": 38.0}}