{"noneconomic__age": {"precision": 1.0, "recall": 0.75, "f1-score": 0.8571428571428571, "support": 16.0}, "noneconomic__crime": {"precision": 1.0, "recall": 0.875, "f1-score": 0.9333333333333333, "support": 8.0}, "noneconomic__ethnicity": {"precision": 1.0, "recall": 0.8333333333333334, "f1-score": 0.9090909090909091, "support": 6.0}, "noneconomic__family": {"precision": 0.3333333333333333, "recall": 1.0, "f1-score": 0.5, "support": 1.0}, "noneconomic__gender_sexuality": {"precision": 0.9583333333333334, "recall": 0.92, "f1-score": 0.9387755102040817, "support": 25.0}, "noneconomic__health": {"precision": 1.0, "recall": 0.375, "f1-score": 0.5454545454545454, "support": 8.0}, "noneconomic__nationality": {"precision": 0.8571428571428571, "recall": 0.6666666666666666, "f1-score": 0.75, "support": 9.0}, "noneconomic__place_location": {"precision": 1.0, "recall": 1.0, "f1-score": 1.0, "support": 2.0}, "noneconomic__religion": {"precision": 0.3333333333333333, "recall": 0.6, "f1-score": 0.42857142857142855, "support": 5.0}, "noneconomic__shared_values_mentalities": {"precision": 0.8888888888888888, "recall": 0.4444444444444444, "f1-score": 0.5925925925925926, "support": 18.0}, "micro avg": {"precision": 0.8641975308641975, "recall": 0.7142857142857143, "f1-score": 0.7821229050279329, "support": 98.0}, "macro avg": {"precision": 0.8371031746031745, "recall": 0.7464444444444445, "f1-score": 0.7454961176389748, "support": 98.0}, "weighted avg": {"precision": 0.9150267249757046, "recall": 0.7142857142857143, "f1-score": 0.7808984261608168, "support": 98.0}, "samples avg": {"precision": 0.536036036036036, "recall": 0.5330330330330331, "f1-score": 0.5225225225225224, "support": 98.0}}