{"noneconomic__age": {"precision": 1.0, "recall": 1.0, "f1-score": 1.0, "support": 7.0}, "noneconomic__crime": {"precision": 1.0, "recall": 0.3333333333333333, "f1-score": 0.5, "support": 3.0}, "noneconomic__ethnicity": {"precision": 1.0, "recall": 0.6666666666666666, "f1-score": 0.8, "support": 3.0}, "noneconomic__family": {"precision": 1.0, "recall": 1.0, "f1-score": 1.0, "support": 5.0}, "noneconomic__gender_sexuality": {"precision": 0.9090909090909091, "recall": 1.0, "f1-score": 0.9523809523809523, "support": 10.0}, "noneconomic__health": {"precision": 1.0, "recall": 0.3333333333333333, "f1-score": 0.5, "support": 3.0}, "noneconomic__nationality": {"precision": 0.21428571428571427, "recall": 0.75, "f1-score": 0.3333333333333333, "support": 4.0}, "noneconomic__place_location": {"precision": 0.0, "recall": 0.0, "f1-score": 0.0, "support": 1.0}, "noneconomic__religion": {"precision": 0.5, "recall": 1.0, "f1-score": 0.6666666666666666, "support": 4.0}, "noneconomic__shared_values_mentalities": {"precision": 0.6666666666666666, "recall": 0.46153846153846156, "f1-score": 0.5454545454545454, "support": 13.0}, "micro avg": {"precision": 0.639344262295082, "recall": 0.7358490566037735, "f1-score": 0.6842105263157895, "support": 53.0}, "macro avg": {"precision": 0.7290043290043291, "recall": 0.6544871794871795, "f1-score": 0.6297835497835498, "support": 53.0}, "weighted avg": {"precision": 0.7851833700890304, "recall": 0.7358490566037735, "f1-score": 0.7172588417871437, "support": 53.0}, "samples avg": {"precision": 0.34979423868312753, "recall": 0.39094650205761317, "f1-score": 0.3609053497942387, "support": 53.0}}