{"economic": {"precision": 0.6818181818181818, "recall": 0.8823529411764706, "f1-score": 0.7692307692307693, "support": 34.0}, "noneconomic": {"precision": 0.8723404255319149, "recall": 0.82, "f1-score": 0.845360824742268, "support": 50.0}, "micro avg": {"precision": 0.7802197802197802, "recall": 0.8452380952380952, "f1-score": 0.8114285714285714, "support": 84.0}, "macro avg": {"precision": 0.7770793036750483, "recall": 0.8511764705882352, "f1-score": 0.8072957969865187, "support": 84.0}, "weighted avg": {"precision": 0.7952242792668326, "recall": 0.8452380952380952, "f1-score": 0.8145462784638042, "support": 84.0}, "samples avg": {"precision": 0.7941176470588235, "recall": 0.8058823529411765, "f1-score": 0.7921568627450981, "support": 84.0}}