{"economic__education_level": {"precision": 1.0, "recall": 0.6666666666666666, "f1-score": 0.8, "support": 3.0}, "economic__employment_status": {"precision": 0.75, "recall": 0.6, "f1-score": 0.6666666666666666, "support": 10.0}, "economic__income_wealth_economic_status": {"precision": 0.5, "recall": 0.6, "f1-score": 0.5454545454545454, "support": 5.0}, "economic__occupation_profession": {"precision": 0.8235294117647058, "recall": 0.7368421052631579, "f1-score": 0.7777777777777778, "support": 19.0}, "micro avg": {"precision": 0.7575757575757576, "recall": 0.6756756756756757, "f1-score": 0.7142857142857143, "support": 37.0}, "macro avg": {"precision": 0.7683823529411764, "recall": 0.6508771929824562, "f1-score": 0.6974747474747475, "support": 37.0}, "weighted avg": {"precision": 0.7742448330683626, "recall": 0.6756756756756757, "f1-score": 0.7181545181545181, "support": 37.0}, "samples avg": {"precision": 0.2727272727272727, "recall": 0.3116883116883117, "f1-score": 0.2857142857142857, "support": 37.0}}