{"economic__education_level": {"precision": 1.0, "recall": 0.6, "f1-score": 0.75, "support": 5.0}, "economic__employment_status": {"precision": 0.2857142857142857, "recall": 0.5, "f1-score": 0.36363636363636365, "support": 4.0}, "economic__income_wealth_economic_status": {"precision": 0.6666666666666666, "recall": 0.36363636363636365, "f1-score": 0.47058823529411764, "support": 11.0}, "economic__occupation_profession": {"precision": 0.75, "recall": 0.375, "f1-score": 0.5, "support": 16.0}, "micro avg": {"precision": 0.625, "recall": 0.4166666666666667, "f1-score": 0.5, "support": 36.0}, "macro avg": {"precision": 0.675595238095238, "recall": 0.45965909090909096, "f1-score": 0.5210561497326204, "support": 36.0}, "weighted avg": {"precision": 0.7076719576719577, "recall": 0.4166666666666667, "f1-score": 0.5105837789661319, "support": 36.0}, "samples avg": {"precision": 0.1568627450980392, "recall": 0.16470588235294117, "f1-score": 0.15490196078431373, "support": 36.0}}