{"economic__class_membership": {"precision": 0.0, "recall": 0.0, "f1-score": 0.0, "support": 0.0}, "economic__ecology_of_group": {"precision": 0.0, "recall": 0.0, "f1-score": 0.0, "support": 4.0}, "economic__education_level": {"precision": 0.5, "recall": 0.3333333333333333, "f1-score": 0.4, "support": 3.0}, "economic__employment_status": {"precision": 1.0, "recall": 1.0, "f1-score": 1.0, "support": 2.0}, "economic__income_wealth_economic_status": {"precision": 0.5, "recall": 0.6, "f1-score": 0.5454545454545454, "support": 5.0}, "economic__occupation_profession": {"precision": 0.6666666666666666, "recall": 0.25, "f1-score": 0.36363636363636365, "support": 16.0}, "micro avg": {"precision": 0.45454545454545453, "recall": 0.3333333333333333, "f1-score": 0.38461538461538464, "support": 30.0}, "macro avg": {"precision": 0.4444444444444444, "recall": 0.3638888888888889, "f1-score": 0.38484848484848483, "support": 30.0}, "weighted avg": {"precision": 0.5555555555555555, "recall": 0.3333333333333333, "f1-score": 0.39151515151515154, "support": 30.0}, "samples avg": {"precision": 0.10227272727272728, "recall": 0.11363636363636363, "f1-score": 0.10606060606060605, "support": 30.0}}