{"economic": {"precision": 0.7027027027027027, "recall": 0.7647058823529411, "f1-score": 0.7323943661971831, "support": 34.0}, "noneconomic": {"precision": 0.6851851851851852, "recall": 0.8409090909090909, "f1-score": 0.7551020408163265, "support": 44.0}, "micro avg": {"precision": 0.6923076923076923, "recall": 0.8076923076923077, "f1-score": 0.7455621301775148, "support": 78.0}, "macro avg": {"precision": 0.693943943943944, "recall": 0.802807486631016, "f1-score": 0.7437482035067549, "support": 78.0}, "weighted avg": {"precision": 0.6928210261543595, "recall": 0.8076923076923077, "f1-score": 0.7452038236746487, "support": 78.0}, "samples avg": {"precision": 0.7037037037037037, "recall": 0.7160493827160493, "f1-score": 0.6995884773662552, "support": 78.0}}