{"economic": {"precision": 0.5641025641025641, "recall": 0.7096774193548387, "f1-score": 0.6285714285714286, "support": 31.0}, "noneconomic": {"precision": 0.8783783783783784, "recall": 0.8441558441558441, "f1-score": 0.8609271523178808, "support": 77.0}, "micro avg": {"precision": 0.7699115044247787, "recall": 0.8055555555555556, "f1-score": 0.7873303167420814, "support": 108.0}, "macro avg": {"precision": 0.7212404712404712, "recall": 0.7769166317553414, "f1-score": 0.7447492904446547, "support": 108.0}, "weighted avg": {"precision": 0.7881695798362465, "recall": 0.8055555555555556, "f1-score": 0.7942324538351028, "support": 108.0}, "samples avg": {"precision": 0.7798165137614679, "recall": 0.7752293577981652, "f1-score": 0.7706422018348624, "support": 108.0}}