{"economic": {"precision": 0.75, "recall": 0.7714285714285715, "f1-score": 0.7605633802816901, "support": 35.0}, "noneconomic": {"precision": 0.8135593220338984, "recall": 0.8888888888888888, "f1-score": 0.8495575221238938, "support": 54.0}, "micro avg": {"precision": 0.7894736842105263, "recall": 0.8426966292134831, "f1-score": 0.8152173913043478, "support": 89.0}, "macro avg": {"precision": 0.7817796610169492, "recall": 0.8301587301587301, "f1-score": 0.8050604512027919, "support": 89.0}, "weighted avg": {"precision": 0.7885640830318035, "recall": 0.8426966292134831, "f1-score": 0.8145598258938137, "support": 89.0}, "samples avg": {"precision": 0.7712765957446809, "recall": 0.7446808510638298, "f1-score": 0.7482269503546098, "support": 89.0}}