{"economic": {"precision": 0.7419354838709677, "recall": 0.7931034482758621, "f1-score": 0.7666666666666667, "support": 29.0}, "noneconomic": {"precision": 0.8571428571428571, "recall": 0.9230769230769231, "f1-score": 0.8888888888888888, "support": 65.0}, "micro avg": {"precision": 0.8217821782178217, "recall": 0.8829787234042553, "f1-score": 0.8512820512820513, "support": 94.0}, "macro avg": {"precision": 0.7995391705069124, "recall": 0.8580901856763926, "f1-score": 0.8277777777777777, "support": 94.0}, "weighted avg": {"precision": 0.8216001568781253, "recall": 0.8829787234042553, "f1-score": 0.8511820330969266, "support": 94.0}, "samples avg": {"precision": 0.8010204081632653, "recall": 0.8163265306122449, "f1-score": 0.8061224489795918, "support": 94.0}}