{"economic": {"precision": 0.7021276595744681, "recall": 0.8918918918918919, "f1-score": 0.7857142857142857, "support": 37.0}, "noneconomic": {"precision": 0.9315068493150684, "recall": 0.8831168831168831, "f1-score": 0.9066666666666666, "support": 77.0}, "micro avg": {"precision": 0.8416666666666667, "recall": 0.8859649122807017, "f1-score": 0.8632478632478633, "support": 114.0}, "macro avg": {"precision": 0.8168172544447683, "recall": 0.8875043875043875, "f1-score": 0.8461904761904762, "support": 114.0}, "weighted avg": {"precision": 0.8570592175571543, "recall": 0.8859649122807017, "f1-score": 0.8674101921470342, "support": 114.0}, "samples avg": {"precision": 0.8288288288288288, "recall": 0.8513513513513513, "f1-score": 0.8288288288288288, "support": 114.0}}