{"noneconomic__age": {"precision": 1.0, "recall": 0.8947368421052632, "f1-score": 0.9444444444444444, "support": 19.0}, "noneconomic__crime": {"precision": 0.5, "recall": 1.0, "f1-score": 0.6666666666666666, "support": 3.0}, "noneconomic__ethnicity": {"precision": 0.6666666666666666, "recall": 0.8, "f1-score": 0.7272727272727273, "support": 5.0}, "noneconomic__family": {"precision": 0.9285714285714286, "recall": 0.9285714285714286, "f1-score": 0.9285714285714286, "support": 14.0}, "noneconomic__gender_sexuality": {"precision": 0.8571428571428571, "recall": 0.75, "f1-score": 0.8, "support": 8.0}, "noneconomic__health": {"precision": 0.4, "recall": 0.3333333333333333, "f1-score": 0.36363636363636365, "support": 6.0}, "noneconomic__nationality": {"precision": 0.75, "recall": 0.75, "f1-score": 0.75, "support": 12.0}, "noneconomic__place_location": {"precision": 1.0, "recall": 1.0, "f1-score": 1.0, "support": 2.0}, "noneconomic__religion": {"precision": 1.0, "recall": 0.8571428571428571, "f1-score": 0.9230769230769231, "support": 7.0}, "noneconomic__shared_values_mentalities": {"precision": 0.9285714285714286, "recall": 0.7222222222222222, "f1-score": 0.8125, "support": 18.0}, "micro avg": {"precision": 0.8426966292134831, "recall": 0.7978723404255319, "f1-score": 0.819672131147541, "support": 94.0}, "macro avg": {"precision": 0.8030952380952382, "recall": 0.8036006683375104, "f1-score": 0.7916168553668553, "support": 94.0}, "weighted avg": {"precision": 0.8596251266464032, "recall": 0.7978723404255319, "f1-score": 0.8217996247251567, "support": 94.0}, "samples avg": {"precision": 0.5079365079365079, "recall": 0.49841269841269836, "f1-score": 0.4977777777777777, "support": 94.0}}