{"noneconomic__age": {"precision": 1.0, "recall": 0.6, "f1-score": 0.75, "support": 10.0}, "noneconomic__crime": {"precision": 1.0, "recall": 1.0, "f1-score": 1.0, "support": 5.0}, "noneconomic__ethnicity": {"precision": 0.5, "recall": 1.0, "f1-score": 0.6666666666666666, "support": 2.0}, "noneconomic__family": {"precision": 0.6666666666666666, "recall": 1.0, "f1-score": 0.8, "support": 2.0}, "noneconomic__gender_sexuality": {"precision": 0.6666666666666666, "recall": 1.0, "f1-score": 0.8, "support": 2.0}, "noneconomic__health": {"precision": 0.5, "recall": 0.4, "f1-score": 0.4444444444444444, "support": 5.0}, "noneconomic__nationality": {"precision": 0.9090909090909091, "recall": 0.7142857142857143, "f1-score": 0.8, "support": 14.0}, "noneconomic__place_location": {"precision": 1.0, "recall": 1.0, "f1-score": 1.0, "support": 2.0}, "noneconomic__religion": {"precision": 1.0, "recall": 0.5714285714285714, "f1-score": 0.7272727272727273, "support": 7.0}, "noneconomic__shared_values_mentalities": {"precision": 0.75, "recall": 0.8181818181818182, "f1-score": 0.782608695652174, "support": 11.0}, "micro avg": {"precision": 0.8148148148148148, "recall": 0.7333333333333333, "f1-score": 0.7719298245614035, "support": 60.0}, "macro avg": {"precision": 0.7992424242424242, "recall": 0.8103896103896103, "f1-score": 0.7770992534036012, "support": 60.0}, "weighted avg": {"precision": 0.8523989898989899, "recall": 0.7333333333333333, "f1-score": 0.769252671643976, "support": 60.0}, "samples avg": {"precision": 0.3996415770609319, "recall": 0.37813620071684584, "f1-score": 0.3799283154121864, "support": 60.0}}