{"economic__class_membership": {"precision": 0.0, "recall": 0.0, "f1-score": 0.0, "support": 4.0}, "economic__ecology_of_group": {"precision": 0.0, "recall": 0.0, "f1-score": 0.0, "support": 1.0}, "economic__education_level": {"precision": 0.3333333333333333, "recall": 0.25, "f1-score": 0.2857142857142857, "support": 4.0}, "economic__employment_status": {"precision": 0.6666666666666666, "recall": 0.2222222222222222, "f1-score": 0.3333333333333333, "support": 9.0}, "economic__income_wealth_economic_status": {"precision": 1.0, "recall": 0.8571428571428571, "f1-score": 0.9230769230769231, "support": 7.0}, "economic__occupation_profession": {"precision": 0.5, "recall": 0.375, "f1-score": 0.42857142857142855, "support": 8.0}, "micro avg": {"precision": 0.6666666666666666, "recall": 0.36363636363636365, "f1-score": 0.47058823529411764, "support": 33.0}, "macro avg": {"precision": 0.4166666666666667, "recall": 0.28406084656084657, "f1-score": 0.32844932844932845, "support": 33.0}, "weighted avg": {"precision": 0.5555555555555555, "recall": 0.36363636363636365, "f1-score": 0.4252414252414252, "support": 33.0}, "samples avg": {"precision": 0.10714285714285714, "recall": 0.12244897959183673, "f1-score": 0.11224489795918367, "support": 33.0}}