{"economic__education_level": {"precision": 1.0, "recall": 1.0, "f1-score": 1.0, "support": 4.0}, "economic__employment_status": {"precision": 0.6666666666666666, "recall": 1.0, "f1-score": 0.8, "support": 2.0}, "economic__income_wealth_economic_status": {"precision": 0.6666666666666666, "recall": 0.25, "f1-score": 0.36363636363636365, "support": 8.0}, "economic__occupation_profession": {"precision": 0.7857142857142857, "recall": 0.4583333333333333, "f1-score": 0.5789473684210527, "support": 24.0}, "micro avg": {"precision": 0.7916666666666666, "recall": 0.5, "f1-score": 0.6129032258064516, "support": 38.0}, "macro avg": {"precision": 0.7797619047619047, "recall": 0.6770833333333334, "f1-score": 0.6856459330143541, "support": 38.0}, "weighted avg": {"precision": 0.7769423558897244, "recall": 0.5, "f1-score": 0.5895744145051625, "support": 38.0}, "samples avg": {"precision": 0.15765765765765766, "recall": 0.16666666666666666, "f1-score": 0.15915915915915912, "support": 38.0}}