{"economic": {"precision": 0.7857142857142857, "recall": 0.6666666666666666, "f1-score": 0.7213114754098361, "support": 33.0}, "noneconomic": {"precision": 0.7843137254901961, "recall": 0.8333333333333334, "f1-score": 0.8080808080808081, "support": 48.0}, "micro avg": {"precision": 0.7848101265822784, "recall": 0.7654320987654321, "f1-score": 0.775, "support": 81.0}, "macro avg": {"precision": 0.7850140056022409, "recall": 0.75, "f1-score": 0.7646961417453221, "support": 81.0}, "weighted avg": {"precision": 0.7848843241000103, "recall": 0.7654320987654321, "f1-score": 0.7727303392148566, "support": 81.0}, "samples avg": {"precision": 0.73125, "recall": 0.73125, "f1-score": 0.7208333333333333, "support": 81.0}}