{"economic": {"precision": 0.8709677419354839, "recall": 0.7297297297297297, "f1-score": 0.7941176470588235, "support": 37.0}, "noneconomic": {"precision": 0.8048780487804879, "recall": 0.8571428571428571, "f1-score": 0.8301886792452831, "support": 77.0}, "micro avg": {"precision": 0.8230088495575221, "recall": 0.8157894736842105, "f1-score": 0.8193832599118943, "support": 114.0}, "macro avg": {"precision": 0.8379228953579858, "recall": 0.7934362934362934, "f1-score": 0.8121531631520533, "support": 114.0}, "weighted avg": {"precision": 0.8263282123483374, "recall": 0.8157894736842105, "f1-score": 0.8184814144128356, "support": 114.0}, "samples avg": {"precision": 0.7702702702702703, "recall": 0.7837837837837838, "f1-score": 0.7657657657657657, "support": 114.0}}