{"economic__class_membership": {"precision": 0.0, "recall": 0.0, "f1-score": 0.0, "support": 0.0}, "economic__ecology_of_group": {"precision": 0.0, "recall": 0.0, "f1-score": 0.0, "support": 2.0}, "economic__education_level": {"precision": 0.6666666666666666, "recall": 0.6666666666666666, "f1-score": 0.6666666666666666, "support": 3.0}, "economic__employment_status": {"precision": 0.6666666666666666, "recall": 0.4, "f1-score": 0.5, "support": 5.0}, "economic__income_wealth_economic_status": {"precision": 0.8, "recall": 0.6666666666666666, "f1-score": 0.7272727272727273, "support": 6.0}, "economic__occupation_profession": {"precision": 0.8461538461538461, "recall": 0.6875, "f1-score": 0.7586206896551724, "support": 16.0}, "micro avg": {"precision": 0.7307692307692307, "recall": 0.59375, "f1-score": 0.6551724137931034, "support": 32.0}, "macro avg": {"precision": 0.4965811965811966, "recall": 0.40347222222222223, "f1-score": 0.44209334726576105, "support": 32.0}, "weighted avg": {"precision": 0.7397435897435898, "recall": 0.59375, "f1-score": 0.6562989811912225, "support": 32.0}, "samples avg": {"precision": 0.18556701030927836, "recall": 0.19072164948453607, "f1-score": 0.18556701030927836, "support": 32.0}}