{"noneconomic__age": {"precision": 0.9230769230769231, "recall": 0.8571428571428571, "f1-score": 0.8888888888888888, "support": 14.0}, "noneconomic__crime": {"precision": 1.0, "recall": 0.8333333333333334, "f1-score": 0.9090909090909091, "support": 6.0}, "noneconomic__ethnicity": {"precision": 0.8333333333333334, "recall": 1.0, "f1-score": 0.9090909090909091, "support": 5.0}, "noneconomic__family": {"precision": 0.8571428571428571, "recall": 1.0, "f1-score": 0.9230769230769231, "support": 6.0}, "noneconomic__gender_sexuality": {"precision": 1.0, "recall": 1.0, "f1-score": 1.0, "support": 20.0}, "noneconomic__health": {"precision": 0.6666666666666666, "recall": 1.0, "f1-score": 0.8, "support": 2.0}, "noneconomic__nationality": {"precision": 0.8461538461538461, "recall": 0.7333333333333333, "f1-score": 0.7857142857142857, "support": 15.0}, "noneconomic__place_location": {"precision": 0.6666666666666666, "recall": 0.5, "f1-score": 0.5714285714285714, "support": 4.0}, "noneconomic__religion": {"precision": 0.75, "recall": 0.75, "f1-score": 0.75, "support": 4.0}, "noneconomic__shared_values_mentalities": {"precision": 0.7647058823529411, "recall": 0.8666666666666667, "f1-score": 0.8125, "support": 15.0}, "micro avg": {"precision": 0.8681318681318682, "recall": 0.8681318681318682, "f1-score": 0.8681318681318682, "support": 91.0}, "macro avg": {"precision": 0.8307746175393234, "recall": 0.8540476190476192, "f1-score": 0.8349790487290487, "support": 91.0}, "weighted avg": {"precision": 0.872477985276951, "recall": 0.8681318681318682, "f1-score": 0.8663937863113688, "support": 91.0}, "samples avg": {"precision": 0.607033639143731, "recall": 0.6192660550458715, "f1-score": 0.6067278287461775, "support": 91.0}}