{"economic": {"precision": 0.7142857142857143, "recall": 0.8823529411764706, "f1-score": 0.7894736842105263, "support": 34.0}, "noneconomic": {"precision": 0.82, "recall": 0.9318181818181818, "f1-score": 0.8723404255319149, "support": 44.0}, "micro avg": {"precision": 0.7717391304347826, "recall": 0.9102564102564102, "f1-score": 0.8352941176470589, "support": 78.0}, "macro avg": {"precision": 0.7671428571428571, "recall": 0.9070855614973261, "f1-score": 0.8309070548712206, "support": 78.0}, "weighted avg": {"precision": 0.7739194139194139, "recall": 0.9102564102564102, "f1-score": 0.8362190254687456, "support": 78.0}, "samples avg": {"precision": 0.7407407407407407, "recall": 0.7962962962962963, "f1-score": 0.757201646090535, "support": 78.0}}