{"noneconomic__age": {"precision": 1.0, "recall": 0.6875, "f1-score": 0.8148148148148148, "support": 16.0}, "noneconomic__crime": {"precision": 1.0, "recall": 0.875, "f1-score": 0.9333333333333333, "support": 8.0}, "noneconomic__ethnicity": {"precision": 1.0, "recall": 0.8333333333333334, "f1-score": 0.9090909090909091, "support": 6.0}, "noneconomic__family": {"precision": 0.3333333333333333, "recall": 1.0, "f1-score": 0.5, "support": 1.0}, "noneconomic__gender_sexuality": {"precision": 1.0, "recall": 0.92, "f1-score": 0.9583333333333334, "support": 25.0}, "noneconomic__health": {"precision": 1.0, "recall": 0.5, "f1-score": 0.6666666666666666, "support": 8.0}, "noneconomic__nationality": {"precision": 0.8571428571428571, "recall": 0.6666666666666666, "f1-score": 0.75, "support": 9.0}, "noneconomic__place_location": {"precision": 0.3333333333333333, "recall": 0.5, "f1-score": 0.4, "support": 2.0}, "noneconomic__religion": {"precision": 1.0, "recall": 0.6, "f1-score": 0.75, "support": 5.0}, "noneconomic__shared_values_mentalities": {"precision": 0.8181818181818182, "recall": 0.5, "f1-score": 0.6206896551724138, "support": 18.0}, "micro avg": {"precision": 0.9090909090909091, "recall": 0.7142857142857143, "f1-score": 0.8, "support": 98.0}, "macro avg": {"precision": 0.8341991341991342, "recall": 0.7082499999999999, "f1-score": 0.7302928712411471, "support": 98.0}, "weighted avg": {"precision": 0.9330771269546779, "recall": 0.7142857142857143, "f1-score": 0.798187036918564, "support": 98.0}, "samples avg": {"precision": 0.5330330330330331, "recall": 0.5225225225225225, "f1-score": 0.5204204204204204, "support": 98.0}}