{"economic__class_membership": {"precision": 0.0, "recall": 0.0, "f1-score": 0.0, "support": 0.0}, "economic__ecology_of_group": {"precision": 0.5, "recall": 0.6666666666666666, "f1-score": 0.5714285714285714, "support": 3.0}, "economic__education_level": {"precision": 1.0, "recall": 0.8333333333333334, "f1-score": 0.9090909090909091, "support": 6.0}, "economic__employment_status": {"precision": 0.5714285714285714, "recall": 1.0, "f1-score": 0.7272727272727273, "support": 4.0}, "economic__income_wealth_economic_status": {"precision": 0.7142857142857143, "recall": 0.7142857142857143, "f1-score": 0.7142857142857143, "support": 7.0}, "economic__occupation_profession": {"precision": 0.9285714285714286, "recall": 0.8125, "f1-score": 0.8666666666666667, "support": 16.0}, "micro avg": {"precision": 0.6744186046511628, "recall": 0.8055555555555556, "f1-score": 0.7341772151898734, "support": 36.0}, "macro avg": {"precision": 0.6190476190476191, "recall": 0.6711309523809524, "f1-score": 0.6314574314574315, "support": 36.0}, "weighted avg": {"precision": 0.8234126984126984, "recall": 0.8055555555555556, "f1-score": 0.8040163540163541, "support": 36.0}, "samples avg": {"precision": 0.30625, "recall": 0.3375, "f1-score": 0.31666666666666665, "support": 36.0}}