{"economic": {"precision": 0.7037037037037037, "recall": 0.6551724137931034, "f1-score": 0.6785714285714286, "support": 29.0}, "noneconomic": {"precision": 0.8656716417910447, "recall": 0.8787878787878788, "f1-score": 0.8721804511278195, "support": 66.0}, "micro avg": {"precision": 0.8191489361702128, "recall": 0.8105263157894737, "f1-score": 0.8148148148148148, "support": 95.0}, "macro avg": {"precision": 0.7846876727473742, "recall": 0.766980146290491, "f1-score": 0.775375939849624, "support": 95.0}, "weighted avg": {"precision": 0.8162287975328039, "recall": 0.8105263157894737, "f1-score": 0.8130787495053423, "support": 95.0}, "samples avg": {"precision": 0.7840909090909091, "recall": 0.7840909090909091, "f1-score": 0.768939393939394, "support": 95.0}}