{"economic__class_membership": {"precision": 0.0, "recall": 0.0, "f1-score": 0.0, "support": 5.0}, "economic__ecology_of_group": {"precision": 1.0, "recall": 0.3333333333333333, "f1-score": 0.5, "support": 3.0}, "economic__education_level": {"precision": 1.0, "recall": 1.0, "f1-score": 1.0, "support": 3.0}, "economic__employment_status": {"precision": 0.7142857142857143, "recall": 1.0, "f1-score": 0.8333333333333334, "support": 5.0}, "economic__income_wealth_economic_status": {"precision": 0.875, "recall": 0.7, "f1-score": 0.7777777777777778, "support": 10.0}, "economic__occupation_profession": {"precision": 0.9, "recall": 0.75, "f1-score": 0.8181818181818182, "support": 12.0}, "micro avg": {"precision": 0.8064516129032258, "recall": 0.6578947368421053, "f1-score": 0.7246376811594203, "support": 38.0}, "macro avg": {"precision": 0.7482142857142858, "recall": 0.6305555555555555, "f1-score": 0.654882154882155, "support": 38.0}, "weighted avg": {"precision": 0.7663533834586466, "recall": 0.6578947368421053, "f1-score": 0.6911217437533227, "support": 38.0}, "samples avg": {"precision": 0.2716049382716049, "recall": 0.2777777777777778, "f1-score": 0.2674897119341563, "support": 38.0}}