{"economic__education_level": {"precision": 1.0, "recall": 0.6666666666666666, "f1-score": 0.8, "support": 3.0}, "economic__employment_status": {"precision": 0.8888888888888888, "recall": 0.8, "f1-score": 0.8421052631578947, "support": 10.0}, "economic__income_wealth_economic_status": {"precision": 0.6666666666666666, "recall": 0.8, "f1-score": 0.7272727272727273, "support": 5.0}, "economic__occupation_profession": {"precision": 1.0, "recall": 0.7894736842105263, "f1-score": 0.8823529411764706, "support": 19.0}, "micro avg": {"precision": 0.90625, "recall": 0.7837837837837838, "f1-score": 0.8405797101449275, "support": 37.0}, "macro avg": {"precision": 0.8888888888888888, "recall": 0.7640350877192983, "f1-score": 0.8129327329017731, "support": 37.0}, "weighted avg": {"precision": 0.924924924924925, "recall": 0.7837837837837838, "f1-score": 0.8438411391971764, "support": 37.0}, "samples avg": {"precision": 0.36363636363636365, "recall": 0.36363636363636365, "f1-score": 0.36363636363636365, "support": 37.0}}