{"noneconomic__age": {"precision": 0.8333333333333334, "recall": 0.8333333333333334, "f1-score": 0.8333333333333334, "support": 6.0}, "noneconomic__crime": {"precision": 1.0, "recall": 1.0, "f1-score": 1.0, "support": 5.0}, "noneconomic__ethnicity": {"precision": 0.0, "recall": 0.0, "f1-score": 0.0, "support": 0.0}, "noneconomic__family": {"precision": 0.9166666666666666, "recall": 1.0, "f1-score": 0.9565217391304348, "support": 11.0}, "noneconomic__gender_sexuality": {"precision": 0.7142857142857143, "recall": 0.7142857142857143, "f1-score": 0.7142857142857143, "support": 7.0}, "noneconomic__health": {"precision": 1.0, "recall": 0.75, "f1-score": 0.8571428571428571, "support": 4.0}, "noneconomic__nationality": {"precision": 0.7142857142857143, "recall": 1.0, "f1-score": 0.8333333333333334, "support": 10.0}, "noneconomic__place_location": {"precision": 1.0, "recall": 0.5, "f1-score": 0.6666666666666666, "support": 6.0}, "noneconomic__religion": {"precision": 0.0, "recall": 0.0, "f1-score": 0.0, "support": 0.0}, "noneconomic__shared_values_mentalities": {"precision": 0.9473684210526315, "recall": 0.782608695652174, "f1-score": 0.8571428571428571, "support": 23.0}, "micro avg": {"precision": 0.8450704225352113, "recall": 0.8333333333333334, "f1-score": 0.8391608391608392, "support": 72.0}, "macro avg": {"precision": 0.7125939849624061, "recall": 0.6580227743271221, "f1-score": 0.6718426501035196, "support": 72.0}, "weighted avg": {"precision": 0.8891064466722362, "recall": 0.8333333333333334, "f1-score": 0.847193466758684, "support": 72.0}, "samples avg": {"precision": 0.6193181818181818, "recall": 0.625, "f1-score": 0.6193181818181818, "support": 72.0}}