{"noneconomic__age": {"precision": 1.0, "recall": 0.6923076923076923, "f1-score": 0.8181818181818182, "support": 13.0}, "noneconomic__crime": {"precision": 1.0, "recall": 0.6, "f1-score": 0.75, "support": 5.0}, "noneconomic__ethnicity": {"precision": 1.0, "recall": 1.0, "f1-score": 1.0, "support": 1.0}, "noneconomic__family": {"precision": 1.0, "recall": 0.8571428571428571, "f1-score": 0.9230769230769231, "support": 7.0}, "noneconomic__gender_sexuality": {"precision": 1.0, "recall": 0.75, "f1-score": 0.8571428571428571, "support": 4.0}, "noneconomic__health": {"precision": 0.0, "recall": 0.0, "f1-score": 0.0, "support": 2.0}, "noneconomic__nationality": {"precision": 0.8888888888888888, "recall": 0.8888888888888888, "f1-score": 0.8888888888888888, "support": 9.0}, "noneconomic__place_location": {"precision": 0.0, "recall": 0.0, "f1-score": 0.0, "support": 2.0}, "noneconomic__religion": {"precision": 0.0, "recall": 0.0, "f1-score": 0.0, "support": 0.0}, "noneconomic__shared_values_mentalities": {"precision": 1.0, "recall": 0.5384615384615384, "f1-score": 0.7, "support": 13.0}, "micro avg": {"precision": 0.9487179487179487, "recall": 0.6607142857142857, "f1-score": 0.7789473684210526, "support": 56.0}, "macro avg": {"precision": 0.6888888888888889, "recall": 0.5326800976800976, "f1-score": 0.5937290487290487, "support": 56.0}, "weighted avg": {"precision": 0.9107142857142857, "recall": 0.6607142857142857, "f1-score": 0.7567227415441702, "support": 56.0}, "samples avg": {"precision": 0.4294117647058823, "recall": 0.41568627450980394, "f1-score": 0.4176470588235294, "support": 56.0}}