{"noneconomic__age": {"precision": 0.5, "recall": 0.3333333333333333, "f1-score": 0.4, "support": 6.0}, "noneconomic__crime": {"precision": 1.0, "recall": 0.8, "f1-score": 0.8888888888888888, "support": 5.0}, "noneconomic__ethnicity": {"precision": 0.0, "recall": 0.0, "f1-score": 0.0, "support": 0.0}, "noneconomic__family": {"precision": 0.9090909090909091, "recall": 0.9090909090909091, "f1-score": 0.9090909090909091, "support": 11.0}, "noneconomic__gender_sexuality": {"precision": 1.0, "recall": 0.7142857142857143, "f1-score": 0.8333333333333334, "support": 7.0}, "noneconomic__health": {"precision": 1.0, "recall": 1.0, "f1-score": 1.0, "support": 4.0}, "noneconomic__nationality": {"precision": 0.8, "recall": 0.8, "f1-score": 0.8, "support": 10.0}, "noneconomic__place_location": {"precision": 0.3333333333333333, "recall": 0.16666666666666666, "f1-score": 0.2222222222222222, "support": 6.0}, "noneconomic__religion": {"precision": 0.0, "recall": 0.0, "f1-score": 0.0, "support": 0.0}, "noneconomic__shared_values_mentalities": {"precision": 1.0, "recall": 0.5652173913043478, "f1-score": 0.7222222222222222, "support": 23.0}, "micro avg": {"precision": 0.8392857142857143, "recall": 0.6527777777777778, "f1-score": 0.734375, "support": 72.0}, "macro avg": {"precision": 0.6542424242424243, "recall": 0.5288594014680971, "f1-score": 0.5775757575757576, "support": 72.0}, "weighted avg": {"precision": 0.8611111111111112, "recall": 0.6527777777777778, "f1-score": 0.7308641975308642, "support": 72.0}, "samples avg": {"precision": 0.5, "recall": 0.5, "f1-score": 0.4943181818181818, "support": 72.0}}