{"economic__education_level": {"precision": 1.0, "recall": 0.6666666666666666, "f1-score": 0.8, "support": 3.0}, "economic__employment_status": {"precision": 0.875, "recall": 0.7, "f1-score": 0.7777777777777778, "support": 10.0}, "economic__income_wealth_economic_status": {"precision": 0.75, "recall": 0.6, "f1-score": 0.6666666666666666, "support": 5.0}, "economic__occupation_profession": {"precision": 0.8823529411764706, "recall": 0.7894736842105263, "f1-score": 0.8333333333333334, "support": 19.0}, "micro avg": {"precision": 0.8709677419354839, "recall": 0.7297297297297297, "f1-score": 0.7941176470588235, "support": 37.0}, "macro avg": {"precision": 0.8768382352941176, "recall": 0.6890350877192983, "f1-score": 0.7694444444444445, "support": 37.0}, "weighted avg": {"precision": 0.8720190779014309, "recall": 0.7297297297297297, "f1-score": 0.7930930930930931, "support": 37.0}, "samples avg": {"precision": 0.3116883116883117, "recall": 0.33766233766233766, "f1-score": 0.3203463203463203, "support": 37.0}}