{"noneconomic__age": {"precision": 1.0, "recall": 0.8333333333333334, "f1-score": 0.9090909090909091, "support": 12.0}, "noneconomic__crime": {"precision": 1.0, "recall": 1.0, "f1-score": 1.0, "support": 3.0}, "noneconomic__ethnicity": {"precision": 1.0, "recall": 1.0, "f1-score": 1.0, "support": 1.0}, "noneconomic__family": {"precision": 1.0, "recall": 1.0, "f1-score": 1.0, "support": 5.0}, "noneconomic__gender_sexuality": {"precision": 1.0, "recall": 0.5, "f1-score": 0.6666666666666666, "support": 2.0}, "noneconomic__health": {"precision": 1.0, "recall": 1.0, "f1-score": 1.0, "support": 1.0}, "noneconomic__nationality": {"precision": 1.0, "recall": 0.8235294117647058, "f1-score": 0.9032258064516129, "support": 17.0}, "noneconomic__place_location": {"precision": 1.0, "recall": 1.0, "f1-score": 1.0, "support": 2.0}, "noneconomic__religion": {"precision": 0.0, "recall": 0.0, "f1-score": 0.0, "support": 0.0}, "noneconomic__shared_values_mentalities": {"precision": 0.8947368421052632, "recall": 0.8095238095238095, "f1-score": 0.85, "support": 21.0}, "micro avg": {"precision": 0.9310344827586207, "recall": 0.84375, "f1-score": 0.8852459016393442, "support": 64.0}, "macro avg": {"precision": 0.8894736842105264, "recall": 0.7966386554621848, "f1-score": 0.8328983382209187, "support": 64.0}, "weighted avg": {"precision": 0.9654605263157895, "recall": 0.84375, "f1-score": 0.8976134836265883, "support": 64.0}, "samples avg": {"precision": 0.5124113475177305, "recall": 0.49822695035460995, "f1-score": 0.49964539007092196, "support": 64.0}}