{"noneconomic__age": {"precision": 0.75, "recall": 0.75, "f1-score": 0.75, "support": 4.0}, "noneconomic__crime": {"precision": 1.0, "recall": 0.8888888888888888, "f1-score": 0.9411764705882353, "support": 9.0}, "noneconomic__ethnicity": {"precision": 1.0, "recall": 1.0, "f1-score": 1.0, "support": 1.0}, "noneconomic__family": {"precision": 0.8, "recall": 1.0, "f1-score": 0.8888888888888888, "support": 4.0}, "noneconomic__gender_sexuality": {"precision": 0.8, "recall": 0.6666666666666666, "f1-score": 0.7272727272727273, "support": 6.0}, "noneconomic__health": {"precision": 0.5, "recall": 0.3333333333333333, "f1-score": 0.4, "support": 3.0}, "noneconomic__nationality": {"precision": 0.8181818181818182, "recall": 1.0, "f1-score": 0.9, "support": 9.0}, "noneconomic__place_location": {"precision": 0.6666666666666666, "recall": 0.5, "f1-score": 0.5714285714285714, "support": 4.0}, "noneconomic__religion": {"precision": 1.0, "recall": 1.0, "f1-score": 1.0, "support": 1.0}, "noneconomic__shared_values_mentalities": {"precision": 0.9090909090909091, "recall": 0.7692307692307693, "f1-score": 0.8333333333333334, "support": 13.0}, "micro avg": {"precision": 0.8431372549019608, "recall": 0.7962962962962963, "f1-score": 0.819047619047619, "support": 54.0}, "macro avg": {"precision": 0.8243939393939395, "recall": 0.7908119658119659, "f1-score": 0.8012099991511757, "support": 54.0}, "weighted avg": {"precision": 0.8397867564534232, "recall": 0.7962962962962963, "f1-score": 0.8112745883987714, "support": 54.0}, "samples avg": {"precision": 0.475, "recall": 0.4770833333333333, "f1-score": 0.4725, "support": 54.0}}