{"economic__class_membership": {"precision": 0.6, "recall": 0.6, "f1-score": 0.6, "support": 5.0}, "economic__ecology_of_group": {"precision": 0.08333333333333333, "recall": 0.5, "f1-score": 0.14285714285714285, "support": 2.0}, "economic__education_level": {"precision": 1.0, "recall": 0.5, "f1-score": 0.6666666666666666, "support": 2.0}, "economic__employment_status": {"precision": 0.8, "recall": 1.0, "f1-score": 0.8888888888888888, "support": 4.0}, "economic__income_wealth_economic_status": {"precision": 0.32142857142857145, "recall": 0.8181818181818182, "f1-score": 0.46153846153846156, "support": 11.0}, "economic__occupation_profession": {"precision": 0.4375, "recall": 0.8235294117647058, "f1-score": 0.5714285714285714, "support": 17.0}, "micro avg": {"precision": 0.3855421686746988, "recall": 0.7804878048780488, "f1-score": 0.5161290322580645, "support": 41.0}, "macro avg": {"precision": 0.5403769841269842, "recall": 0.7069518716577541, "f1-score": 0.5552299552299552, "support": 41.0}, "weighted avg": {"precision": 0.47170441347270614, "recall": 0.7804878048780488, "f1-score": 0.5601417552637065, "support": 41.0}, "samples avg": {"precision": 0.18247126436781608, "recall": 0.2629310344827586, "f1-score": 0.2054597701149425, "support": 41.0}}