{"noneconomic__age": {"precision": 0.9523809523809523, "recall": 0.8, "f1-score": 0.8695652173913043, "support": 25.0}, "noneconomic__crime": {"precision": 0.6666666666666666, "recall": 0.6666666666666666, "f1-score": 0.6666666666666666, "support": 3.0}, "noneconomic__ethnicity": {"precision": 1.0, "recall": 1.0, "f1-score": 1.0, "support": 4.0}, "noneconomic__family": {"precision": 1.0, "recall": 0.3333333333333333, "f1-score": 0.5, "support": 12.0}, "noneconomic__gender_sexuality": {"precision": 1.0, "recall": 1.0, "f1-score": 1.0, "support": 6.0}, "noneconomic__health": {"precision": 1.0, "recall": 0.6666666666666666, "f1-score": 0.8, "support": 3.0}, "noneconomic__nationality": {"precision": 1.0, "recall": 1.0, "f1-score": 1.0, "support": 12.0}, "noneconomic__place_location": {"precision": 0.5, "recall": 0.6666666666666666, "f1-score": 0.5714285714285714, "support": 3.0}, "noneconomic__religion": {"precision": 0.75, "recall": 0.6, "f1-score": 0.6666666666666666, "support": 5.0}, "noneconomic__shared_values_mentalities": {"precision": 0.9230769230769231, "recall": 0.8571428571428571, "f1-score": 0.8888888888888888, "support": 14.0}, "micro avg": {"precision": 0.9178082191780822, "recall": 0.7701149425287356, "f1-score": 0.8375, "support": 87.0}, "macro avg": {"precision": 0.8792124542124542, "recall": 0.759047619047619, "f1-score": 0.7963216011042098, "support": 87.0}, "weighted avg": {"precision": 0.9308344911793187, "recall": 0.7701149425287356, "f1-score": 0.8233470566304149, "support": 87.0}, "samples avg": {"precision": 0.5969387755102041, "recall": 0.5408163265306123, "f1-score": 0.5510204081632653, "support": 87.0}}