{"economic__education_level": {"precision": 1.0, "recall": 0.25, "f1-score": 0.4, "support": 4.0}, "economic__employment_status": {"precision": 0.4, "recall": 1.0, "f1-score": 0.5714285714285714, "support": 2.0}, "economic__income_wealth_economic_status": {"precision": 0.42857142857142855, "recall": 0.42857142857142855, "f1-score": 0.42857142857142855, "support": 7.0}, "economic__occupation_profession": {"precision": 0.875, "recall": 0.6086956521739131, "f1-score": 0.717948717948718, "support": 23.0}, "micro avg": {"precision": 0.6896551724137931, "recall": 0.5555555555555556, "f1-score": 0.6153846153846154, "support": 36.0}, "macro avg": {"precision": 0.6758928571428571, "recall": 0.5718167701863355, "f1-score": 0.5294871794871795, "support": 36.0}, "weighted avg": {"precision": 0.7756944444444445, "recall": 0.5555555555555556, "f1-score": 0.6182132682132683, "support": 36.0}, "samples avg": {"precision": 0.19680851063829788, "recall": 0.20212765957446807, "f1-score": 0.19858156028368792, "support": 36.0}}