{"economic__class_membership": {"precision": 0.0, "recall": 0.0, "f1-score": 0.0, "support": 0.0}, "economic__ecology_of_group": {"precision": 0.0, "recall": 0.0, "f1-score": 0.0, "support": 4.0}, "economic__education_level": {"precision": 1.0, "recall": 0.3333333333333333, "f1-score": 0.5, "support": 3.0}, "economic__employment_status": {"precision": 0.3333333333333333, "recall": 0.5, "f1-score": 0.4, "support": 2.0}, "economic__income_wealth_economic_status": {"precision": 1.0, "recall": 0.4, "f1-score": 0.5714285714285714, "support": 5.0}, "economic__occupation_profession": {"precision": 0.6875, "recall": 0.6875, "f1-score": 0.6875, "support": 16.0}, "micro avg": {"precision": 0.6818181818181818, "recall": 0.5, "f1-score": 0.5769230769230769, "support": 30.0}, "macro avg": {"precision": 0.5034722222222222, "recall": 0.3201388888888889, "f1-score": 0.35982142857142857, "support": 30.0}, "weighted avg": {"precision": 0.6555555555555554, "recall": 0.5, "f1-score": 0.5385714285714286, "support": 30.0}, "samples avg": {"precision": 0.14772727272727273, "recall": 0.16477272727272727, "f1-score": 0.1515151515151515, "support": 30.0}}