{"economic": {"precision": 0.8108108108108109, "recall": 0.8108108108108109, "f1-score": 0.8108108108108109, "support": 37.0}, "noneconomic": {"precision": 0.8888888888888888, "recall": 0.8311688311688312, "f1-score": 0.8590604026845637, "support": 77.0}, "micro avg": {"precision": 0.8623853211009175, "recall": 0.8245614035087719, "f1-score": 0.8430493273542601, "support": 114.0}, "macro avg": {"precision": 0.8498498498498499, "recall": 0.820989820989821, "f1-score": 0.8349356067476873, "support": 114.0}, "weighted avg": {"precision": 0.8635477582846004, "recall": 0.8245614035087719, "f1-score": 0.8434004474272931, "support": 114.0}, "samples avg": {"precision": 0.8288288288288288, "recall": 0.8063063063063063, "f1-score": 0.8078078078078078, "support": 114.0}}