{"economic__class_membership": {"precision": 0.0, "recall": 0.0, "f1-score": 0.0, "support": 0.0}, "economic__ecology_of_group": {"precision": 0.0, "recall": 0.0, "f1-score": 0.0, "support": 2.0}, "economic__education_level": {"precision": 1.0, "recall": 0.6666666666666666, "f1-score": 0.8, "support": 3.0}, "economic__employment_status": {"precision": 0.5, "recall": 0.2, "f1-score": 0.2857142857142857, "support": 5.0}, "economic__income_wealth_economic_status": {"precision": 0.75, "recall": 0.5, "f1-score": 0.6, "support": 6.0}, "economic__occupation_profession": {"precision": 0.8125, "recall": 0.8125, "f1-score": 0.8125, "support": 16.0}, "micro avg": {"precision": 0.7037037037037037, "recall": 0.59375, "f1-score": 0.6440677966101694, "support": 32.0}, "macro avg": {"precision": 0.5104166666666666, "recall": 0.36319444444444443, "f1-score": 0.41636904761904764, "support": 32.0}, "weighted avg": {"precision": 0.71875, "recall": 0.59375, "f1-score": 0.6383928571428572, "support": 32.0}, "samples avg": {"precision": 0.17525773195876287, "recall": 0.19072164948453607, "f1-score": 0.17869415807560135, "support": 32.0}}