{"noneconomic__age": {"precision": 0.5, "recall": 0.75, "f1-score": 0.6, "support": 4.0}, "noneconomic__crime": {"precision": 0.7272727272727273, "recall": 0.7272727272727273, "f1-score": 0.7272727272727273, "support": 11.0}, "noneconomic__ethnicity": {"precision": 1.0, "recall": 0.75, "f1-score": 0.8571428571428571, "support": 4.0}, "noneconomic__family": {"precision": 0.6666666666666666, "recall": 1.0, "f1-score": 0.8, "support": 4.0}, "noneconomic__gender_sexuality": {"precision": 1.0, "recall": 0.9090909090909091, "f1-score": 0.9523809523809523, "support": 22.0}, "noneconomic__health": {"precision": 1.0, "recall": 0.8, "f1-score": 0.8888888888888888, "support": 5.0}, "noneconomic__nationality": {"precision": 0.6363636363636364, "recall": 0.7777777777777778, "f1-score": 0.7, "support": 9.0}, "noneconomic__place_location": {"precision": 1.0, "recall": 0.8333333333333334, "f1-score": 0.9090909090909091, "support": 6.0}, "noneconomic__religion": {"precision": 1.0, "recall": 1.0, "f1-score": 1.0, "support": 5.0}, "noneconomic__shared_values_mentalities": {"precision": 0.8888888888888888, "recall": 0.8, "f1-score": 0.8421052631578947, "support": 10.0}, "micro avg": {"precision": 0.8375, "recall": 0.8375, "f1-score": 0.8375, "support": 80.0}, "macro avg": {"precision": 0.8419191919191918, "recall": 0.8347474747474749, "f1-score": 0.8276881597934228, "support": 80.0}, "weighted avg": {"precision": 0.8660353535353534, "recall": 0.8375, "f1-score": 0.8450124363940154, "support": 80.0}, "samples avg": {"precision": 0.634020618556701, "recall": 0.6151202749140893, "f1-score": 0.6199312714776632, "support": 80.0}}