{"economic__education_level": {"precision": 1.0, "recall": 0.75, "f1-score": 0.8571428571428571, "support": 4.0}, "economic__employment_status": {"precision": 0.3333333333333333, "recall": 1.0, "f1-score": 0.5, "support": 2.0}, "economic__income_wealth_economic_status": {"precision": 0.8, "recall": 0.5714285714285714, "f1-score": 0.6666666666666666, "support": 7.0}, "economic__occupation_profession": {"precision": 0.9, "recall": 0.782608695652174, "f1-score": 0.8372093023255814, "support": 23.0}, "micro avg": {"precision": 0.7941176470588235, "recall": 0.75, "f1-score": 0.7714285714285715, "support": 36.0}, "macro avg": {"precision": 0.7583333333333333, "recall": 0.7760093167701863, "f1-score": 0.7152547065337763, "support": 36.0}, "weighted avg": {"precision": 0.8601851851851853, "recall": 0.75, "f1-score": 0.7875292235757353, "support": 36.0}, "samples avg": {"precision": 0.2712765957446808, "recall": 0.28191489361702127, "f1-score": 0.2730496453900709, "support": 36.0}}