{"economic__education_level": {"precision": 0.0, "recall": 0.0, "f1-score": 0.0, "support": 1.0}, "economic__employment_status": {"precision": 1.0, "recall": 0.8888888888888888, "f1-score": 0.9411764705882353, "support": 9.0}, "economic__income_wealth_economic_status": {"precision": 0.7142857142857143, "recall": 0.3333333333333333, "f1-score": 0.45454545454545453, "support": 15.0}, "economic__occupation_profession": {"precision": 0.6666666666666666, "recall": 0.5714285714285714, "f1-score": 0.6153846153846154, "support": 7.0}, "micro avg": {"precision": 0.8095238095238095, "recall": 0.53125, "f1-score": 0.6415094339622641, "support": 32.0}, "macro avg": {"precision": 0.5952380952380952, "recall": 0.4484126984126984, "f1-score": 0.5027766351295764, "support": 32.0}, "weighted avg": {"precision": 0.7619047619047619, "recall": 0.53125, "f1-score": 0.6123894487865076, "support": 32.0}, "samples avg": {"precision": 0.14678899082568808, "recall": 0.15137614678899083, "f1-score": 0.14678899082568808, "support": 32.0}}