{"noneconomic__age": {"precision": 1.0, "recall": 0.3333333333333333, "f1-score": 0.5, "support": 6.0}, "noneconomic__crime": {"precision": 0.6666666666666666, "recall": 0.4, "f1-score": 0.5, "support": 5.0}, "noneconomic__ethnicity": {"precision": 0.0, "recall": 0.0, "f1-score": 0.0, "support": 0.0}, "noneconomic__family": {"precision": 0.7692307692307693, "recall": 0.9090909090909091, "f1-score": 0.8333333333333334, "support": 11.0}, "noneconomic__gender_sexuality": {"precision": 1.0, "recall": 0.8571428571428571, "f1-score": 0.9230769230769231, "support": 7.0}, "noneconomic__health": {"precision": 1.0, "recall": 1.0, "f1-score": 1.0, "support": 4.0}, "noneconomic__nationality": {"precision": 0.6428571428571429, "recall": 0.9, "f1-score": 0.75, "support": 10.0}, "noneconomic__place_location": {"precision": 0.0, "recall": 0.0, "f1-score": 0.0, "support": 6.0}, "noneconomic__religion": {"precision": 0.0, "recall": 0.0, "f1-score": 0.0, "support": 0.0}, "noneconomic__shared_values_mentalities": {"precision": 0.7857142857142857, "recall": 0.4782608695652174, "f1-score": 0.5945945945945946, "support": 23.0}, "micro avg": {"precision": 0.7333333333333333, "recall": 0.6111111111111112, "f1-score": 0.6666666666666666, "support": 72.0}, "macro avg": {"precision": 0.5864468864468864, "recall": 0.48778279691323173, "f1-score": 0.5101004851004852, "support": 72.0}, "weighted avg": {"precision": 0.7402065527065527, "recall": 0.6111111111111112, "f1-score": 0.6431094556094555, "support": 72.0}, "samples avg": {"precision": 0.4772727272727273, "recall": 0.4715909090909091, "f1-score": 0.4659090909090909, "support": 72.0}}