{"noneconomic__age": {"precision": 0.8, "recall": 0.9230769230769231, "f1-score": 0.8571428571428571, "support": 13.0}, "noneconomic__crime": {"precision": 1.0, "recall": 0.8, "f1-score": 0.8888888888888888, "support": 5.0}, "noneconomic__ethnicity": {"precision": 0.0, "recall": 0.0, "f1-score": 0.0, "support": 1.0}, "noneconomic__family": {"precision": 0.875, "recall": 1.0, "f1-score": 0.9333333333333333, "support": 7.0}, "noneconomic__gender_sexuality": {"precision": 1.0, "recall": 0.75, "f1-score": 0.8571428571428571, "support": 4.0}, "noneconomic__health": {"precision": 1.0, "recall": 1.0, "f1-score": 1.0, "support": 2.0}, "noneconomic__nationality": {"precision": 0.9, "recall": 1.0, "f1-score": 0.9473684210526315, "support": 9.0}, "noneconomic__place_location": {"precision": 0.0, "recall": 0.0, "f1-score": 0.0, "support": 2.0}, "noneconomic__religion": {"precision": 0.0, "recall": 0.0, "f1-score": 0.0, "support": 0.0}, "noneconomic__shared_values_mentalities": {"precision": 0.4666666666666667, "recall": 0.5384615384615384, "f1-score": 0.5, "support": 13.0}, "micro avg": {"precision": 0.7586206896551724, "recall": 0.7857142857142857, "f1-score": 0.7719298245614035, "support": 56.0}, "macro avg": {"precision": 0.6041666666666666, "recall": 0.6011538461538461, "f1-score": 0.5983876357560568, "support": 56.0}, "weighted avg": {"precision": 0.7444940476190476, "recall": 0.7857142857142857, "f1-score": 0.7602771810478577, "support": 56.0}, "samples avg": {"precision": 0.4470588235294118, "recall": 0.4588235294117647, "f1-score": 0.4470588235294118, "support": 56.0}}