{"economic": {"precision": 0.6363636363636364, "recall": 0.6, "f1-score": 0.6176470588235294, "support": 35.0}, "noneconomic": {"precision": 0.7285714285714285, "recall": 0.9444444444444444, "f1-score": 0.8225806451612904, "support": 54.0}, "micro avg": {"precision": 0.6990291262135923, "recall": 0.8089887640449438, "f1-score": 0.75, "support": 89.0}, "macro avg": {"precision": 0.6824675324675324, "recall": 0.7722222222222221, "f1-score": 0.72011385199241, "support": 89.0}, "weighted avg": {"precision": 0.6923099372537574, "recall": 0.8089887640449438, "f1-score": 0.7419887853655416, "support": 89.0}, "samples avg": {"precision": 0.7021276595744681, "recall": 0.7021276595744681, "f1-score": 0.6914893617021277, "support": 89.0}}