{"economic": {"precision": 0.6666666666666666, "recall": 0.8235294117647058, "f1-score": 0.7368421052631579, "support": 34.0}, "noneconomic": {"precision": 0.8048780487804879, "recall": 0.75, "f1-score": 0.7764705882352941, "support": 44.0}, "micro avg": {"precision": 0.7349397590361446, "recall": 0.782051282051282, "f1-score": 0.7577639751552795, "support": 78.0}, "macro avg": {"precision": 0.7357723577235773, "recall": 0.7867647058823529, "f1-score": 0.756656346749226, "support": 78.0}, "weighted avg": {"precision": 0.7446320617052324, "recall": 0.782051282051282, "f1-score": 0.7591966341192347, "support": 78.0}, "samples avg": {"precision": 0.7160493827160493, "recall": 0.7037037037037037, "f1-score": 0.6995884773662551, "support": 78.0}}