{"economic": {"precision": 0.5526315789473685, "recall": 0.6774193548387096, "f1-score": 0.6086956521739131, "support": 31.0}, "noneconomic": {"precision": 0.7721518987341772, "recall": 0.7922077922077922, "f1-score": 0.782051282051282, "support": 77.0}, "micro avg": {"precision": 0.7008547008547008, "recall": 0.7592592592592593, "f1-score": 0.7288888888888889, "support": 108.0}, "macro avg": {"precision": 0.6623917388407728, "recall": 0.7348135735232509, "f1-score": 0.6953734671125975, "support": 108.0}, "weighted avg": {"precision": 0.7091414365731488, "recall": 0.7592592592592593, "f1-score": 0.7322917956975927, "support": 108.0}, "samples avg": {"precision": 0.7064220183486238, "recall": 0.7201834862385321, "f1-score": 0.706422018348624, "support": 108.0}}