{"noneconomic__age": {"precision": 0.5, "recall": 1.0, "f1-score": 0.6666666666666666, "support": 5.0}, "noneconomic__crime": {"precision": 1.0, "recall": 1.0, "f1-score": 1.0, "support": 1.0}, "noneconomic__ethnicity": {"precision": 0.5, "recall": 1.0, "f1-score": 0.6666666666666666, "support": 2.0}, "noneconomic__family": {"precision": 0.125, "recall": 1.0, "f1-score": 0.2222222222222222, "support": 1.0}, "noneconomic__gender_sexuality": {"precision": 1.0, "recall": 0.6666666666666666, "f1-score": 0.8, "support": 3.0}, "noneconomic__health": {"precision": 0.6666666666666666, "recall": 0.5, "f1-score": 0.5714285714285714, "support": 4.0}, "noneconomic__nationality": {"precision": 0.7142857142857143, "recall": 0.6666666666666666, "f1-score": 0.6896551724137931, "support": 15.0}, "noneconomic__place_location": {"precision": 0.5, "recall": 0.16666666666666666, "f1-score": 0.25, "support": 6.0}, "noneconomic__religion": {"precision": 0.5, "recall": 0.6666666666666666, "f1-score": 0.5714285714285714, "support": 3.0}, "noneconomic__shared_values_mentalities": {"precision": 0.5, "recall": 0.17647058823529413, "f1-score": 0.2608695652173913, "support": 17.0}, "micro avg": {"precision": 0.5370370370370371, "recall": 0.5087719298245614, "f1-score": 0.5225225225225225, "support": 57.0}, "macro avg": {"precision": 0.6005952380952382, "recall": 0.6843137254901961, "f1-score": 0.5698937436043883, "support": 57.0}, "weighted avg": {"precision": 0.5965956558061821, "recall": 0.5087719298245614, "f1-score": 0.5012017383121306, "support": 57.0}, "samples avg": {"precision": 0.2922077922077922, "recall": 0.275974025974026, "f1-score": 0.27779839208410634, "support": 57.0}}