{"economic__class_membership": {"precision": 0.0, "recall": 0.0, "f1-score": 0.0, "support": 5.0}, "economic__ecology_of_group": {"precision": 0.0, "recall": 0.0, "f1-score": 0.0, "support": 5.0}, "economic__education_level": {"precision": 0.6666666666666666, "recall": 1.0, "f1-score": 0.8, "support": 2.0}, "economic__employment_status": {"precision": 0.5, "recall": 0.42857142857142855, "f1-score": 0.46153846153846156, "support": 7.0}, "economic__income_wealth_economic_status": {"precision": 0.3333333333333333, "recall": 0.36363636363636365, "f1-score": 0.34782608695652173, "support": 11.0}, "economic__occupation_profession": {"precision": 0.4117647058823529, "recall": 0.4117647058823529, "f1-score": 0.4117647058823529, "support": 17.0}, "micro avg": {"precision": 0.37209302325581395, "recall": 0.3404255319148936, "f1-score": 0.35555555555555557, "support": 47.0}, "macro avg": {"precision": 0.31862745098039214, "recall": 0.3673287496816908, "f1-score": 0.336854875729556, "support": 47.0}, "weighted avg": {"precision": 0.32978723404255317, "recall": 0.3404255319148936, "f1-score": 0.33312459972959513, "support": 47.0}, "samples avg": {"precision": 0.08946078431372549, "recall": 0.10294117647058823, "f1-score": 0.09068627450980392, "support": 47.0}}