{"noneconomic__age": {"precision": 0.8333333333333334, "recall": 1.0, "f1-score": 0.9090909090909091, "support": 5.0}, "noneconomic__crime": {"precision": 0.5, "recall": 1.0, "f1-score": 0.6666666666666666, "support": 1.0}, "noneconomic__ethnicity": {"precision": 1.0, "recall": 1.0, "f1-score": 1.0, "support": 2.0}, "noneconomic__family": {"precision": 0.5, "recall": 1.0, "f1-score": 0.6666666666666666, "support": 1.0}, "noneconomic__gender_sexuality": {"precision": 1.0, "recall": 1.0, "f1-score": 1.0, "support": 3.0}, "noneconomic__health": {"precision": 1.0, "recall": 0.25, "f1-score": 0.4, "support": 4.0}, "noneconomic__nationality": {"precision": 0.9285714285714286, "recall": 0.8666666666666667, "f1-score": 0.896551724137931, "support": 15.0}, "noneconomic__place_location": {"precision": 1.0, "recall": 0.5, "f1-score": 0.6666666666666666, "support": 6.0}, "noneconomic__religion": {"precision": 1.0, "recall": 1.0, "f1-score": 1.0, "support": 3.0}, "noneconomic__shared_values_mentalities": {"precision": 1.0, "recall": 0.47058823529411764, "f1-score": 0.64, "support": 17.0}, "micro avg": {"precision": 0.9090909090909091, "recall": 0.7017543859649122, "f1-score": 0.7920792079207921, "support": 57.0}, "macro avg": {"precision": 0.8761904761904763, "recall": 0.8087254901960785, "f1-score": 0.7845642633228839, "support": 57.0}, "weighted avg": {"precision": 0.9490392648287385, "recall": 0.7017543859649122, "f1-score": 0.7685449779097694, "support": 57.0}, "samples avg": {"precision": 0.42857142857142855, "recall": 0.41017316017316013, "f1-score": 0.41286332714904145, "support": 57.0}}