{"economic": {"precision": 0.6818181818181818, "recall": 0.8823529411764706, "f1-score": 0.7692307692307693, "support": 34.0}, "noneconomic": {"precision": 0.8, "recall": 0.8181818181818182, "f1-score": 0.8089887640449438, "support": 44.0}, "micro avg": {"precision": 0.7415730337078652, "recall": 0.8461538461538461, "f1-score": 0.7904191616766467, "support": 78.0}, "macro avg": {"precision": 0.740909090909091, "recall": 0.8502673796791445, "f1-score": 0.7891097666378566, "support": 78.0}, "weighted avg": {"precision": 0.7484848484848485, "recall": 0.8461538461538461, "f1-score": 0.7916583560490216, "support": 78.0}, "samples avg": {"precision": 0.7469135802469136, "recall": 0.7592592592592593, "f1-score": 0.7407407407407407, "support": 78.0}}