{"economic": {"precision": 0.5476190476190477, "recall": 0.7419354838709677, "f1-score": 0.6301369863013698, "support": 31.0}, "noneconomic": {"precision": 0.7628865979381443, "recall": 0.961038961038961, "f1-score": 0.8505747126436781, "support": 77.0}, "micro avg": {"precision": 0.697841726618705, "recall": 0.8981481481481481, "f1-score": 0.7854251012145749, "support": 108.0}, "macro avg": {"precision": 0.655252822778596, "recall": 0.8514872224549643, "f1-score": 0.740355849472524, "support": 108.0}, "weighted avg": {"precision": 0.7010968381243295, "recall": 0.8981481481481481, "f1-score": 0.7873009208232007, "support": 108.0}, "samples avg": {"precision": 0.7155963302752294, "recall": 0.8532110091743119, "f1-score": 0.7584097859327218, "support": 108.0}}