{"economic": {"precision": 0.7391304347826086, "recall": 0.9444444444444444, "f1-score": 0.8292682926829268, "support": 36.0}, "noneconomic": {"precision": 0.8863636363636364, "recall": 0.8666666666666667, "f1-score": 0.8764044943820225, "support": 45.0}, "micro avg": {"precision": 0.8111111111111111, "recall": 0.9012345679012346, "f1-score": 0.8538011695906432, "support": 81.0}, "macro avg": {"precision": 0.8127470355731226, "recall": 0.9055555555555556, "f1-score": 0.8528363935324746, "support": 81.0}, "weighted avg": {"precision": 0.8209266578831796, "recall": 0.9012345679012346, "f1-score": 0.8554550714046466, "support": 81.0}, "samples avg": {"precision": 0.7922077922077922, "recall": 0.8441558441558441, "f1-score": 0.8051948051948051, "support": 81.0}}