{"economic": {"precision": 0.7741935483870968, "recall": 0.8275862068965517, "f1-score": 0.8, "support": 29.0}, "noneconomic": {"precision": 0.8533333333333334, "recall": 0.9846153846153847, "f1-score": 0.9142857142857143, "support": 65.0}, "micro avg": {"precision": 0.8301886792452831, "recall": 0.9361702127659575, "f1-score": 0.88, "support": 94.0}, "macro avg": {"precision": 0.813763440860215, "recall": 0.9061007957559681, "f1-score": 0.8571428571428572, "support": 94.0}, "weighted avg": {"precision": 0.8289178677648136, "recall": 0.9361702127659575, "f1-score": 0.8790273556231003, "support": 94.0}, "samples avg": {"precision": 0.8469387755102041, "recall": 0.8775510204081632, "f1-score": 0.8537414965986394, "support": 94.0}}