{"economic": {"precision": 0.9629629629629629, "recall": 0.7027027027027027, "f1-score": 0.8125, "support": 37.0}, "noneconomic": {"precision": 0.8588235294117647, "recall": 0.948051948051948, "f1-score": 0.9012345679012346, "support": 77.0}, "micro avg": {"precision": 0.8839285714285714, "recall": 0.868421052631579, "f1-score": 0.8761061946902655, "support": 114.0}, "macro avg": {"precision": 0.9108932461873638, "recall": 0.8253773253773253, "f1-score": 0.8568672839506173, "support": 114.0}, "weighted avg": {"precision": 0.89262317012575, "recall": 0.868421052631579, "f1-score": 0.8724347520034654, "support": 114.0}, "samples avg": {"precision": 0.8558558558558559, "recall": 0.8423423423423423, "f1-score": 0.8408408408408409, "support": 114.0}}