{"noneconomic__age": {"precision": 0.9, "recall": 0.9, "f1-score": 0.9, "support": 10.0}, "noneconomic__crime": {"precision": 1.0, "recall": 0.8888888888888888, "f1-score": 0.9411764705882353, "support": 9.0}, "noneconomic__ethnicity": {"precision": 1.0, "recall": 1.0, "f1-score": 1.0, "support": 9.0}, "noneconomic__family": {"precision": 1.0, "recall": 1.0, "f1-score": 1.0, "support": 17.0}, "noneconomic__gender_sexuality": {"precision": 1.0, "recall": 1.0, "f1-score": 1.0, "support": 9.0}, "noneconomic__health": {"precision": 1.0, "recall": 0.5, "f1-score": 0.6666666666666666, "support": 4.0}, "noneconomic__nationality": {"precision": 0.9375, "recall": 0.7894736842105263, "f1-score": 0.8571428571428571, "support": 19.0}, "noneconomic__place_location": {"precision": 0.75, "recall": 0.75, "f1-score": 0.75, "support": 4.0}, "noneconomic__religion": {"precision": 0.45454545454545453, "recall": 0.8333333333333334, "f1-score": 0.5882352941176471, "support": 6.0}, "noneconomic__shared_values_mentalities": {"precision": 1.0, "recall": 0.75, "f1-score": 0.8571428571428571, "support": 12.0}, "micro avg": {"precision": 0.9052631578947369, "recall": 0.8686868686868687, "f1-score": 0.8865979381443299, "support": 99.0}, "macro avg": {"precision": 0.9042045454545455, "recall": 0.8411695906432748, "f1-score": 0.8560364145658264, "support": 99.0}, "weighted avg": {"precision": 0.934745179063361, "recall": 0.8686868686868687, "f1-score": 0.8912938912938914, "support": 99.0}, "samples avg": {"precision": 0.589080459770115, "recall": 0.603448275862069, "f1-score": 0.5899425287356324, "support": 99.0}}