{"noneconomic__age": {"precision": 0.9090909090909091, "recall": 0.9090909090909091, "f1-score": 0.9090909090909091, "support": 11.0}, "noneconomic__crime": {"precision": 1.0, "recall": 0.6363636363636364, "f1-score": 0.7777777777777778, "support": 11.0}, "noneconomic__ethnicity": {"precision": 1.0, "recall": 0.75, "f1-score": 0.8571428571428571, "support": 8.0}, "noneconomic__family": {"precision": 1.0, "recall": 0.9375, "f1-score": 0.967741935483871, "support": 16.0}, "noneconomic__gender_sexuality": {"precision": 1.0, "recall": 1.0, "f1-score": 1.0, "support": 27.0}, "noneconomic__health": {"precision": 1.0, "recall": 0.7142857142857143, "f1-score": 0.8333333333333334, "support": 7.0}, "noneconomic__nationality": {"precision": 0.875, "recall": 0.875, "f1-score": 0.875, "support": 16.0}, "noneconomic__place_location": {"precision": 0.75, "recall": 0.75, "f1-score": 0.75, "support": 4.0}, "noneconomic__religion": {"precision": 0.8, "recall": 0.6666666666666666, "f1-score": 0.7272727272727273, "support": 6.0}, "noneconomic__shared_values_mentalities": {"precision": 0.8888888888888888, "recall": 0.7272727272727273, "f1-score": 0.8, "support": 11.0}, "micro avg": {"precision": 0.9428571428571428, "recall": 0.8461538461538461, "f1-score": 0.8918918918918919, "support": 117.0}, "macro avg": {"precision": 0.9222979797979798, "recall": 0.7966179653679655, "f1-score": 0.8497359540101476, "support": 117.0}, "weighted avg": {"precision": 0.9451092117758784, "recall": 0.8461538461538461, "f1-score": 0.8879789664735902, "support": 117.0}, "samples avg": {"precision": 0.6592592592592592, "recall": 0.6592592592592592, "f1-score": 0.6555555555555556, "support": 117.0}}