{"economic": {"precision": 0.9090909090909091, "recall": 0.6896551724137931, "f1-score": 0.7843137254901961, "support": 29.0}, "noneconomic": {"precision": 0.9272727272727272, "recall": 0.7727272727272727, "f1-score": 0.8429752066115702, "support": 66.0}, "micro avg": {"precision": 0.922077922077922, "recall": 0.7473684210526316, "f1-score": 0.8255813953488372, "support": 95.0}, "macro avg": {"precision": 0.9181818181818182, "recall": 0.7311912225705329, "f1-score": 0.8136444660508831, "support": 95.0}, "weighted avg": {"precision": 0.9217224880382775, "recall": 0.7473684210526316, "f1-score": 0.825068017637677, "support": 95.0}, "samples avg": {"precision": 0.7556818181818182, "recall": 0.7215909090909091, "f1-score": 0.7310606060606062, "support": 95.0}}