{"noneconomic__age": {"precision": 1.0, "recall": 0.25, "f1-score": 0.4, "support": 12.0}, "noneconomic__crime": {"precision": 1.0, "recall": 0.6666666666666666, "f1-score": 0.8, "support": 3.0}, "noneconomic__ethnicity": {"precision": 1.0, "recall": 1.0, "f1-score": 1.0, "support": 1.0}, "noneconomic__family": {"precision": 1.0, "recall": 0.8, "f1-score": 0.8888888888888888, "support": 5.0}, "noneconomic__gender_sexuality": {"precision": 0.0, "recall": 0.0, "f1-score": 0.0, "support": 2.0}, "noneconomic__health": {"precision": 0.0, "recall": 0.0, "f1-score": 0.0, "support": 1.0}, "noneconomic__nationality": {"precision": 1.0, "recall": 0.5882352941176471, "f1-score": 0.7407407407407407, "support": 17.0}, "noneconomic__place_location": {"precision": 1.0, "recall": 0.5, "f1-score": 0.6666666666666666, "support": 2.0}, "noneconomic__religion": {"precision": 0.0, "recall": 0.0, "f1-score": 0.0, "support": 0.0}, "noneconomic__shared_values_mentalities": {"precision": 0.8666666666666667, "recall": 0.6190476190476191, "f1-score": 0.7222222222222222, "support": 21.0}, "micro avg": {"precision": 0.918918918918919, "recall": 0.53125, "f1-score": 0.6732673267326733, "support": 64.0}, "macro avg": {"precision": 0.6866666666666668, "recall": 0.4423949579831933, "f1-score": 0.5218518518518519, "support": 64.0}, "weighted avg": {"precision": 0.909375, "recall": 0.53125, "f1-score": 0.6521412037037037, "support": 64.0}, "samples avg": {"precision": 0.33687943262411346, "recall": 0.3049645390070922, "f1-score": 0.31347517730496455, "support": 64.0}}