{"noneconomic__age": {"precision": 0.6666666666666666, "recall": 0.5, "f1-score": 0.5714285714285714, "support": 4.0}, "noneconomic__crime": {"precision": 1.0, "recall": 0.4444444444444444, "f1-score": 0.6153846153846154, "support": 9.0}, "noneconomic__ethnicity": {"precision": 1.0, "recall": 1.0, "f1-score": 1.0, "support": 1.0}, "noneconomic__family": {"precision": 0.75, "recall": 0.75, "f1-score": 0.75, "support": 4.0}, "noneconomic__gender_sexuality": {"precision": 1.0, "recall": 0.3333333333333333, "f1-score": 0.5, "support": 6.0}, "noneconomic__health": {"precision": 1.0, "recall": 0.3333333333333333, "f1-score": 0.5, "support": 3.0}, "noneconomic__nationality": {"precision": 0.8888888888888888, "recall": 0.8888888888888888, "f1-score": 0.8888888888888888, "support": 9.0}, "noneconomic__place_location": {"precision": 0.0, "recall": 0.0, "f1-score": 0.0, "support": 4.0}, "noneconomic__religion": {"precision": 1.0, "recall": 1.0, "f1-score": 1.0, "support": 1.0}, "noneconomic__shared_values_mentalities": {"precision": 0.8461538461538461, "recall": 0.8461538461538461, "f1-score": 0.8461538461538461, "support": 13.0}, "micro avg": {"precision": 0.868421052631579, "recall": 0.6111111111111112, "f1-score": 0.717391304347826, "support": 54.0}, "macro avg": {"precision": 0.8151709401709402, "recall": 0.6096153846153846, "f1-score": 0.6671855921855921, "support": 54.0}, "weighted avg": {"precision": 0.8271604938271605, "recall": 0.6111111111111112, "f1-score": 0.6726699226699226, "support": 54.0}, "samples avg": {"precision": 0.38125, "recall": 0.3645833333333333, "f1-score": 0.36833333333333335, "support": 54.0}}