{"economic__class_membership": {"precision": 0.0, "recall": 0.0, "f1-score": 0.0, "support": 0.0}, "economic__ecology_of_group": {"precision": 0.6666666666666666, "recall": 1.0, "f1-score": 0.8, "support": 2.0}, "economic__education_level": {"precision": 1.0, "recall": 0.6666666666666666, "f1-score": 0.8, "support": 3.0}, "economic__employment_status": {"precision": 1.0, "recall": 0.4, "f1-score": 0.5714285714285714, "support": 5.0}, "economic__income_wealth_economic_status": {"precision": 0.7142857142857143, "recall": 0.8333333333333334, "f1-score": 0.7692307692307693, "support": 6.0}, "economic__occupation_profession": {"precision": 0.8235294117647058, "recall": 0.875, "f1-score": 0.8484848484848485, "support": 16.0}, "micro avg": {"precision": 0.8064516129032258, "recall": 0.78125, "f1-score": 0.7936507936507936, "support": 32.0}, "macro avg": {"precision": 0.7007469654528479, "recall": 0.6291666666666667, "f1-score": 0.6315240315240316, "support": 32.0}, "weighted avg": {"precision": 0.837359943977591, "recall": 0.78125, "f1-score": 0.7827589077589078, "support": 32.0}, "samples avg": {"precision": 0.24742268041237114, "recall": 0.25257731958762886, "f1-score": 0.24742268041237114, "support": 32.0}}