{"economic": {"precision": 0.8529411764705882, "recall": 0.8529411764705882, "f1-score": 0.8529411764705882, "support": 34.0}, "noneconomic": {"precision": 0.8301886792452831, "recall": 0.88, "f1-score": 0.8543689320388349, "support": 50.0}, "micro avg": {"precision": 0.8390804597701149, "recall": 0.8690476190476191, "f1-score": 0.8538011695906432, "support": 84.0}, "macro avg": {"precision": 0.8415649278579356, "recall": 0.8664705882352941, "f1-score": 0.8536550542547116, "support": 84.0}, "weighted avg": {"precision": 0.8393980233602876, "recall": 0.8690476190476191, "f1-score": 0.8537910309754968, "support": 84.0}, "samples avg": {"precision": 0.8, "recall": 0.8235294117647058, "f1-score": 0.8039215686274511, "support": 84.0}}