{"economic": {"precision": 0.7894736842105263, "recall": 0.8823529411764706, "f1-score": 0.8333333333333334, "support": 34.0}, "noneconomic": {"precision": 0.8333333333333334, "recall": 0.9090909090909091, "f1-score": 0.8695652173913043, "support": 44.0}, "micro avg": {"precision": 0.813953488372093, "recall": 0.8974358974358975, "f1-score": 0.8536585365853658, "support": 78.0}, "macro avg": {"precision": 0.8114035087719298, "recall": 0.8957219251336899, "f1-score": 0.8514492753623188, "support": 78.0}, "weighted avg": {"precision": 0.8142150247413406, "recall": 0.8974358974358975, "f1-score": 0.8537718320327016, "support": 78.0}, "samples avg": {"precision": 0.7098765432098766, "recall": 0.7839506172839507, "f1-score": 0.7325102880658436, "support": 78.0}}