{"economic": {"precision": 0.7777777777777778, "recall": 0.8235294117647058, "f1-score": 0.8, "support": 34.0}, "noneconomic": {"precision": 0.7592592592592593, "recall": 0.82, "f1-score": 0.7884615384615384, "support": 50.0}, "micro avg": {"precision": 0.7666666666666667, "recall": 0.8214285714285714, "f1-score": 0.7931034482758621, "support": 84.0}, "macro avg": {"precision": 0.7685185185185186, "recall": 0.821764705882353, "f1-score": 0.7942307692307693, "support": 84.0}, "weighted avg": {"precision": 0.7667548500881833, "recall": 0.8214285714285714, "f1-score": 0.7931318681318681, "support": 84.0}, "samples avg": {"precision": 0.7705882352941177, "recall": 0.788235294117647, "f1-score": 0.7686274509803921, "support": 84.0}}