{"noneconomic__age": {"precision": 1.0, "recall": 0.75, "f1-score": 0.8571428571428571, "support": 8.0}, "noneconomic__crime": {"precision": 0.9, "recall": 0.6428571428571429, "f1-score": 0.75, "support": 14.0}, "noneconomic__ethnicity": {"precision": 1.0, "recall": 0.9090909090909091, "f1-score": 0.9523809523809523, "support": 11.0}, "noneconomic__family": {"precision": 0.8333333333333334, "recall": 0.8333333333333334, "f1-score": 0.8333333333333334, "support": 6.0}, "noneconomic__gender_sexuality": {"precision": 0.6, "recall": 0.375, "f1-score": 0.46153846153846156, "support": 8.0}, "noneconomic__health": {"precision": 0.8333333333333334, "recall": 0.625, "f1-score": 0.7142857142857143, "support": 8.0}, "noneconomic__nationality": {"precision": 0.23076923076923078, "recall": 0.21428571428571427, "f1-score": 0.2222222222222222, "support": 14.0}, "noneconomic__place_location": {"precision": 1.0, "recall": 0.3333333333333333, "f1-score": 0.5, "support": 3.0}, "noneconomic__religion": {"precision": 0.7142857142857143, "recall": 0.8333333333333334, "f1-score": 0.7692307692307693, "support": 6.0}, "noneconomic__shared_values_mentalities": {"precision": 0.6923076923076923, "recall": 0.42857142857142855, "f1-score": 0.5294117647058824, "support": 21.0}, "micro avg": {"precision": 0.7272727272727273, "recall": 0.5656565656565656, "f1-score": 0.6363636363636364, "support": 99.0}, "macro avg": {"precision": 0.7804029304029305, "recall": 0.5944805194805195, "f1-score": 0.6589546074840192, "support": 99.0}, "weighted avg": {"precision": 0.7386021386021386, "recall": 0.5656565656565656, "f1-score": 0.6321623184368282, "support": 99.0}, "samples avg": {"precision": 0.3382352941176471, "recall": 0.35171568627450983, "f1-score": 0.3370098039215686, "support": 99.0}}