{"noneconomic__age": {"precision": 0.5416666666666666, "recall": 0.9285714285714286, "f1-score": 0.6842105263157895, "support": 14.0}, "noneconomic__crime": {"precision": 1.0, "recall": 0.5, "f1-score": 0.6666666666666666, "support": 4.0}, "noneconomic__ethnicity": {"precision": 0.6666666666666666, "recall": 1.0, "f1-score": 0.8, "support": 4.0}, "noneconomic__family": {"precision": 0.9285714285714286, "recall": 1.0, "f1-score": 0.9629629629629629, "support": 13.0}, "noneconomic__gender_sexuality": {"precision": 0.6666666666666666, "recall": 0.25, "f1-score": 0.36363636363636365, "support": 8.0}, "noneconomic__health": {"precision": 0.75, "recall": 0.375, "f1-score": 0.5, "support": 8.0}, "noneconomic__nationality": {"precision": 0.5714285714285714, "recall": 0.4, "f1-score": 0.47058823529411764, "support": 20.0}, "noneconomic__place_location": {"precision": 0.6, "recall": 0.5, "f1-score": 0.5454545454545454, "support": 6.0}, "noneconomic__religion": {"precision": 0.6666666666666666, "recall": 1.0, "f1-score": 0.8, "support": 2.0}, "noneconomic__shared_values_mentalities": {"precision": 0.25, "recall": 0.35294117647058826, "f1-score": 0.2926829268292683, "support": 17.0}, "micro avg": {"precision": 0.5656565656565656, "recall": 0.5833333333333334, "f1-score": 0.5743589743589743, "support": 96.0}, "macro avg": {"precision": 0.6641666666666667, "recall": 0.6306512605042017, "f1-score": 0.6086202227159714, "support": 96.0}, "weighted avg": {"precision": 0.6069444444444444, "recall": 0.5833333333333334, "f1-score": 0.5638888041396285, "support": 96.0}, "samples avg": {"precision": 0.3556521739130435, "recall": 0.4057971014492754, "f1-score": 0.3664182194616977, "support": 96.0}}