{"economic__education_level": {"precision": 1.0, "recall": 0.25, "f1-score": 0.4, "support": 4.0}, "economic__employment_status": {"precision": 0.5, "recall": 0.5, "f1-score": 0.5, "support": 2.0}, "economic__income_wealth_economic_status": {"precision": 0.5714285714285714, "recall": 0.5714285714285714, "f1-score": 0.5714285714285714, "support": 7.0}, "economic__occupation_profession": {"precision": 0.9090909090909091, "recall": 0.8695652173913043, "f1-score": 0.8888888888888888, "support": 23.0}, "micro avg": {"precision": 0.8125, "recall": 0.7222222222222222, "f1-score": 0.7647058823529411, "support": 36.0}, "macro avg": {"precision": 0.7451298701298701, "recall": 0.547748447204969, "f1-score": 0.5900793650793651, "support": 36.0}, "weighted avg": {"precision": 0.8308080808080809, "recall": 0.7222222222222222, "f1-score": 0.7512345679012346, "support": 36.0}, "samples avg": {"precision": 0.26063829787234044, "recall": 0.2712765957446808, "f1-score": 0.26241134751773054, "support": 36.0}}