{"economic": {"precision": 0.8275862068965517, "recall": 0.8275862068965517, "f1-score": 0.8275862068965517, "support": 29.0}, "noneconomic": {"precision": 0.8382352941176471, "recall": 0.8769230769230769, "f1-score": 0.8571428571428571, "support": 65.0}, "micro avg": {"precision": 0.8350515463917526, "recall": 0.8617021276595744, "f1-score": 0.8481675392670157, "support": 94.0}, "macro avg": {"precision": 0.8329107505070994, "recall": 0.8522546419098143, "f1-score": 0.8423645320197044, "support": 94.0}, "weighted avg": {"precision": 0.8349499374217773, "recall": 0.8617021276595744, "f1-score": 0.8480243161094224, "support": 94.0}, "samples avg": {"precision": 0.7602040816326531, "recall": 0.7959183673469388, "f1-score": 0.772108843537415, "support": 94.0}}