{"economic": {"precision": 0.6470588235294118, "recall": 1.0, "f1-score": 0.7857142857142857, "support": 33.0}, "noneconomic": {"precision": 0.8541666666666666, "recall": 0.8541666666666666, "f1-score": 0.8541666666666666, "support": 48.0}, "micro avg": {"precision": 0.7474747474747475, "recall": 0.9135802469135802, "f1-score": 0.8222222222222222, "support": 81.0}, "macro avg": {"precision": 0.7506127450980392, "recall": 0.9270833333333333, "f1-score": 0.8199404761904762, "support": 81.0}, "weighted avg": {"precision": 0.7697893972403778, "recall": 0.9135802469135802, "f1-score": 0.826278659611993, "support": 81.0}, "samples avg": {"precision": 0.75, "recall": 0.84375, "f1-score": 0.7791666666666666, "support": 81.0}}