{"noneconomic__age": {"precision": 0.8125, "recall": 1.0, "f1-score": 0.896551724137931, "support": 13.0}, "noneconomic__crime": {"precision": 1.0, "recall": 0.6, "f1-score": 0.75, "support": 5.0}, "noneconomic__ethnicity": {"precision": 1.0, "recall": 1.0, "f1-score": 1.0, "support": 1.0}, "noneconomic__family": {"precision": 1.0, "recall": 1.0, "f1-score": 1.0, "support": 7.0}, "noneconomic__gender_sexuality": {"precision": 0.5, "recall": 1.0, "f1-score": 0.6666666666666666, "support": 4.0}, "noneconomic__health": {"precision": 0.5, "recall": 1.0, "f1-score": 0.6666666666666666, "support": 2.0}, "noneconomic__nationality": {"precision": 0.75, "recall": 1.0, "f1-score": 0.8571428571428571, "support": 9.0}, "noneconomic__place_location": {"precision": 0.5, "recall": 0.5, "f1-score": 0.5, "support": 2.0}, "noneconomic__religion": {"precision": 0.0, "recall": 0.0, "f1-score": 0.0, "support": 0.0}, "noneconomic__shared_values_mentalities": {"precision": 0.75, "recall": 0.6923076923076923, "f1-score": 0.72, "support": 13.0}, "micro avg": {"precision": 0.7538461538461538, "recall": 0.875, "f1-score": 0.8099173553719008, "support": 56.0}, "macro avg": {"precision": 0.68125, "recall": 0.7792307692307692, "f1-score": 0.7057027914614122, "support": 56.0}, "weighted avg": {"precision": 0.7868303571428571, "recall": 0.875, "f1-score": 0.8121331808585504, "support": 56.0}, "samples avg": {"precision": 0.4588235294117647, "recall": 0.5058823529411764, "f1-score": 0.47450980392156855, "support": 56.0}}