{"noneconomic__age": {"precision": 0.9411764705882353, "recall": 0.64, "f1-score": 0.7619047619047619, "support": 25.0}, "noneconomic__crime": {"precision": 1.0, "recall": 0.6666666666666666, "f1-score": 0.8, "support": 3.0}, "noneconomic__ethnicity": {"precision": 0.5714285714285714, "recall": 1.0, "f1-score": 0.7272727272727273, "support": 4.0}, "noneconomic__family": {"precision": 0.75, "recall": 1.0, "f1-score": 0.8571428571428571, "support": 12.0}, "noneconomic__gender_sexuality": {"precision": 0.8, "recall": 0.6666666666666666, "f1-score": 0.7272727272727273, "support": 6.0}, "noneconomic__health": {"precision": 0.75, "recall": 1.0, "f1-score": 0.8571428571428571, "support": 3.0}, "noneconomic__nationality": {"precision": 0.6875, "recall": 0.9166666666666666, "f1-score": 0.7857142857142857, "support": 12.0}, "noneconomic__place_location": {"precision": 1.0, "recall": 0.6666666666666666, "f1-score": 0.8, "support": 3.0}, "noneconomic__religion": {"precision": 1.0, "recall": 1.0, "f1-score": 1.0, "support": 5.0}, "noneconomic__shared_values_mentalities": {"precision": 0.75, "recall": 0.6428571428571429, "f1-score": 0.6923076923076923, "support": 14.0}, "micro avg": {"precision": 0.7906976744186046, "recall": 0.7816091954022989, "f1-score": 0.7861271676300579, "support": 87.0}, "macro avg": {"precision": 0.8250105042016805, "recall": 0.8199523809523809, "f1-score": 0.8008757908757907, "support": 87.0}, "weighted avg": {"precision": 0.8231623683956341, "recall": 0.7816091954022989, "f1-score": 0.7827398654984862, "support": 87.0}, "samples avg": {"precision": 0.5544217687074829, "recall": 0.5340136054421768, "f1-score": 0.5312925170068028, "support": 87.0}}