{"noneconomic__age": {"precision": 0.625, "recall": 0.3125, "f1-score": 0.4166666666666667, "support": 16.0}, "noneconomic__crime": {"precision": 1.0, "recall": 1.0, "f1-score": 1.0, "support": 8.0}, "noneconomic__ethnicity": {"precision": 0.75, "recall": 1.0, "f1-score": 0.8571428571428571, "support": 6.0}, "noneconomic__family": {"precision": 0.16666666666666666, "recall": 1.0, "f1-score": 0.2857142857142857, "support": 1.0}, "noneconomic__gender_sexuality": {"precision": 0.9565217391304348, "recall": 0.88, "f1-score": 0.9166666666666666, "support": 25.0}, "noneconomic__health": {"precision": 0.7142857142857143, "recall": 0.625, "f1-score": 0.6666666666666666, "support": 8.0}, "noneconomic__nationality": {"precision": 0.375, "recall": 0.3333333333333333, "f1-score": 0.35294117647058826, "support": 9.0}, "noneconomic__place_location": {"precision": 0.0, "recall": 0.0, "f1-score": 0.0, "support": 2.0}, "noneconomic__religion": {"precision": 0.6666666666666666, "recall": 0.8, "f1-score": 0.7272727272727273, "support": 5.0}, "noneconomic__shared_values_mentalities": {"precision": 0.6363636363636364, "recall": 0.3888888888888889, "f1-score": 0.4827586206896552, "support": 18.0}, "micro avg": {"precision": 0.7093023255813954, "recall": 0.6224489795918368, "f1-score": 0.6630434782608695, "support": 98.0}, "macro avg": {"precision": 0.5890504423113119, "recall": 0.6339722222222222, "f1-score": 0.5705829667290113, "support": 98.0}, "weighted avg": {"precision": 0.7189477004805311, "recall": 0.6224489795918368, "f1-score": 0.6515074233903144, "support": 98.0}, "samples avg": {"precision": 0.45495495495495497, "recall": 0.44174174174174174, "f1-score": 0.4366366366366366, "support": 98.0}}