{"economic": {"precision": 0.9310344827586207, "recall": 0.7714285714285715, "f1-score": 0.84375, "support": 35.0}, "noneconomic": {"precision": 0.7681159420289855, "recall": 0.9814814814814815, "f1-score": 0.8617886178861789, "support": 54.0}, "micro avg": {"precision": 0.8163265306122449, "recall": 0.898876404494382, "f1-score": 0.8556149732620321, "support": 89.0}, "macro avg": {"precision": 0.8495752123938031, "recall": 0.8764550264550265, "f1-score": 0.8527693089430894, "support": 89.0}, "weighted avg": {"precision": 0.8321850310799656, "recall": 0.898876404494382, "f1-score": 0.8546947793916141, "support": 89.0}, "samples avg": {"precision": 0.7606382978723404, "recall": 0.7819148936170213, "f1-score": 0.7588652482269505, "support": 89.0}}