{"economic__class_membership": {"precision": 0.0, "recall": 0.0, "f1-score": 0.0, "support": 0.0}, "economic__ecology_of_group": {"precision": 0.6666666666666666, "recall": 1.0, "f1-score": 0.8, "support": 2.0}, "economic__education_level": {"precision": 0.4, "recall": 0.6666666666666666, "f1-score": 0.5, "support": 3.0}, "economic__employment_status": {"precision": 0.6666666666666666, "recall": 0.4, "f1-score": 0.5, "support": 5.0}, "economic__income_wealth_economic_status": {"precision": 0.625, "recall": 0.8333333333333334, "f1-score": 0.7142857142857143, "support": 6.0}, "economic__occupation_profession": {"precision": 0.7333333333333333, "recall": 0.6875, "f1-score": 0.7096774193548387, "support": 16.0}, "micro avg": {"precision": 0.6470588235294118, "recall": 0.6875, "f1-score": 0.6666666666666666, "support": 32.0}, "macro avg": {"precision": 0.5152777777777778, "recall": 0.5979166666666667, "f1-score": 0.5373271889400922, "support": 32.0}, "weighted avg": {"precision": 0.6671875, "recall": 0.6875, "f1-score": 0.6637672811059908, "support": 32.0}, "samples avg": {"precision": 0.21649484536082475, "recall": 0.22164948453608246, "f1-score": 0.21649484536082475, "support": 32.0}}