{"economic__education_level": {"precision": 1.0, "recall": 0.3333333333333333, "f1-score": 0.5, "support": 3.0}, "economic__employment_status": {"precision": 0.875, "recall": 0.7, "f1-score": 0.7777777777777778, "support": 10.0}, "economic__income_wealth_economic_status": {"precision": 0.42857142857142855, "recall": 0.6, "f1-score": 0.5, "support": 5.0}, "economic__occupation_profession": {"precision": 0.7222222222222222, "recall": 0.6842105263157895, "f1-score": 0.7027027027027027, "support": 19.0}, "micro avg": {"precision": 0.7058823529411765, "recall": 0.6486486486486487, "f1-score": 0.676056338028169, "support": 37.0}, "macro avg": {"precision": 0.7564484126984127, "recall": 0.5793859649122807, "f1-score": 0.6201201201201201, "support": 37.0}, "weighted avg": {"precision": 0.7463534963534963, "recall": 0.6486486486486487, "f1-score": 0.6791656521386252, "support": 37.0}, "samples avg": {"precision": 0.2532467532467532, "recall": 0.2987012987012987, "f1-score": 0.2683982683982684, "support": 37.0}}