{"noneconomic__age": {"precision": 1.0, "recall": 0.8, "f1-score": 0.8888888888888888, "support": 5.0}, "noneconomic__crime": {"precision": 1.0, "recall": 1.0, "f1-score": 1.0, "support": 1.0}, "noneconomic__ethnicity": {"precision": 1.0, "recall": 1.0, "f1-score": 1.0, "support": 2.0}, "noneconomic__family": {"precision": 0.3333333333333333, "recall": 1.0, "f1-score": 0.5, "support": 1.0}, "noneconomic__gender_sexuality": {"precision": 1.0, "recall": 0.6666666666666666, "f1-score": 0.8, "support": 3.0}, "noneconomic__health": {"precision": 1.0, "recall": 0.75, "f1-score": 0.8571428571428571, "support": 4.0}, "noneconomic__nationality": {"precision": 0.7857142857142857, "recall": 0.7333333333333333, "f1-score": 0.7586206896551724, "support": 15.0}, "noneconomic__place_location": {"precision": 1.0, "recall": 0.16666666666666666, "f1-score": 0.2857142857142857, "support": 6.0}, "noneconomic__religion": {"precision": 1.0, "recall": 1.0, "f1-score": 1.0, "support": 3.0}, "noneconomic__shared_values_mentalities": {"precision": 0.6923076923076923, "recall": 0.5294117647058824, "f1-score": 0.6, "support": 17.0}, "micro avg": {"precision": 0.8043478260869565, "recall": 0.6491228070175439, "f1-score": 0.7184466019417476, "support": 57.0}, "macro avg": {"precision": 0.881135531135531, "recall": 0.7646078431372548, "f1-score": 0.7690366721401204, "support": 57.0}, "weighted avg": {"precision": 0.8401452348820769, "recall": 0.6491228070175439, "f1-score": 0.7029230163531435, "support": 57.0}, "samples avg": {"precision": 0.4090909090909091, "recall": 0.38636363636363635, "f1-score": 0.39165120593692027, "support": 57.0}}