{"economic__class_membership": {"precision": 0.0, "recall": 0.0, "f1-score": 0.0, "support": 5.0}, "economic__ecology_of_group": {"precision": 0.5, "recall": 0.6666666666666666, "f1-score": 0.5714285714285714, "support": 3.0}, "economic__education_level": {"precision": 0.75, "recall": 1.0, "f1-score": 0.8571428571428571, "support": 3.0}, "economic__employment_status": {"precision": 0.6666666666666666, "recall": 0.4, "f1-score": 0.5, "support": 5.0}, "economic__income_wealth_economic_status": {"precision": 0.6666666666666666, "recall": 0.8, "f1-score": 0.7272727272727273, "support": 10.0}, "economic__occupation_profession": {"precision": 0.8888888888888888, "recall": 0.6666666666666666, "f1-score": 0.7619047619047619, "support": 12.0}, "micro avg": {"precision": 0.71875, "recall": 0.6052631578947368, "f1-score": 0.6571428571428571, "support": 38.0}, "macro avg": {"precision": 0.5787037037037036, "recall": 0.5888888888888888, "f1-score": 0.5696248196248196, "support": 38.0}, "weighted avg": {"precision": 0.6425438596491228, "recall": 0.6052631578947368, "f1-score": 0.6105604921394395, "support": 38.0}, "samples avg": {"precision": 0.25308641975308643, "recall": 0.24691358024691357, "f1-score": 0.24691358024691357, "support": 38.0}}