{"economic__education_level": {"precision": 0.2, "recall": 1.0, "f1-score": 0.3333333333333333, "support": 1.0}, "economic__employment_status": {"precision": 0.625, "recall": 0.5555555555555556, "f1-score": 0.5882352941176471, "support": 9.0}, "economic__income_wealth_economic_status": {"precision": 0.6, "recall": 0.4, "f1-score": 0.48, "support": 15.0}, "economic__occupation_profession": {"precision": 0.4444444444444444, "recall": 0.5714285714285714, "f1-score": 0.5, "support": 7.0}, "micro avg": {"precision": 0.5, "recall": 0.5, "f1-score": 0.5, "support": 32.0}, "macro avg": {"precision": 0.46736111111111106, "recall": 0.6317460317460317, "f1-score": 0.4753921568627451, "support": 32.0}, "weighted avg": {"precision": 0.5605034722222222, "recall": 0.5, "f1-score": 0.5102328431372549, "support": 32.0}, "samples avg": {"precision": 0.14220183486238533, "recall": 0.14220183486238533, "f1-score": 0.14067278287461774, "support": 32.0}}