{"economic__education_level": {"precision": 0.6666666666666666, "recall": 0.6666666666666666, "f1-score": 0.6666666666666666, "support": 3.0}, "economic__employment_status": {"precision": 0.6666666666666666, "recall": 0.8, "f1-score": 0.7272727272727273, "support": 10.0}, "economic__income_wealth_economic_status": {"precision": 0.5, "recall": 0.2, "f1-score": 0.2857142857142857, "support": 5.0}, "economic__occupation_profession": {"precision": 0.8333333333333334, "recall": 0.7894736842105263, "f1-score": 0.8108108108108109, "support": 19.0}, "micro avg": {"precision": 0.7428571428571429, "recall": 0.7027027027027027, "f1-score": 0.7222222222222222, "support": 37.0}, "macro avg": {"precision": 0.6666666666666666, "recall": 0.6140350877192983, "f1-score": 0.6226161226161226, "support": 37.0}, "weighted avg": {"precision": 0.7297297297297297, "recall": 0.7027027027027027, "f1-score": 0.7055865974784894, "support": 37.0}, "samples avg": {"precision": 0.3051948051948052, "recall": 0.3246753246753247, "f1-score": 0.3116883116883117, "support": 37.0}}