{"economic__class_membership": {"precision": 0.0, "recall": 0.0, "f1-score": 0.0, "support": 0.0}, "economic__ecology_of_group": {"precision": 0.6666666666666666, "recall": 1.0, "f1-score": 0.8, "support": 2.0}, "economic__education_level": {"precision": 1.0, "recall": 0.6666666666666666, "f1-score": 0.8, "support": 3.0}, "economic__employment_status": {"precision": 0.5, "recall": 0.4, "f1-score": 0.4444444444444444, "support": 5.0}, "economic__income_wealth_economic_status": {"precision": 0.6, "recall": 1.0, "f1-score": 0.75, "support": 6.0}, "economic__occupation_profession": {"precision": 0.7368421052631579, "recall": 0.875, "f1-score": 0.8, "support": 16.0}, "micro avg": {"precision": 0.6842105263157895, "recall": 0.8125, "f1-score": 0.7428571428571429, "support": 32.0}, "macro avg": {"precision": 0.5839181286549707, "recall": 0.6569444444444444, "f1-score": 0.599074074074074, "support": 32.0}, "weighted avg": {"precision": 0.6944627192982455, "recall": 0.8125, "f1-score": 0.7350694444444444, "support": 32.0}, "samples avg": {"precision": 0.25257731958762886, "recall": 0.26288659793814434, "f1-score": 0.2542955326460481, "support": 32.0}}