{"economic": {"precision": 0.8695652173913043, "recall": 0.6896551724137931, "f1-score": 0.7692307692307693, "support": 29.0}, "noneconomic": {"precision": 0.7945205479452054, "recall": 0.8923076923076924, "f1-score": 0.8405797101449275, "support": 65.0}, "micro avg": {"precision": 0.8125, "recall": 0.8297872340425532, "f1-score": 0.8210526315789474, "support": 94.0}, "macro avg": {"precision": 0.8320428826682549, "recall": 0.7909814323607427, "f1-score": 0.8049052396878484, "support": 94.0}, "weighted avg": {"precision": 0.8176726268168742, "recall": 0.8297872340425532, "f1-score": 0.8185678028416234, "support": 94.0}, "samples avg": {"precision": 0.7653061224489796, "recall": 0.7755102040816326, "f1-score": 0.7653061224489796, "support": 94.0}}