{"economic__education_level": {"precision": 1.0, "recall": 0.5, "f1-score": 0.6666666666666666, "support": 4.0}, "economic__employment_status": {"precision": 0.6666666666666666, "recall": 1.0, "f1-score": 0.8, "support": 2.0}, "economic__income_wealth_economic_status": {"precision": 0.8, "recall": 0.5, "f1-score": 0.6153846153846154, "support": 8.0}, "economic__occupation_profession": {"precision": 0.9090909090909091, "recall": 0.8333333333333334, "f1-score": 0.8695652173913043, "support": 24.0}, "micro avg": {"precision": 0.875, "recall": 0.7368421052631579, "f1-score": 0.8, "support": 38.0}, "macro avg": {"precision": 0.843939393939394, "recall": 0.7083333333333334, "f1-score": 0.7379041248606466, "support": 38.0}, "weighted avg": {"precision": 0.8829346092503986, "recall": 0.7368421052631579, "f1-score": 0.7910344422930236, "support": 38.0}, "samples avg": {"precision": 0.23723723723723722, "recall": 0.24324324324324326, "f1-score": 0.23873873873873874, "support": 38.0}}