{"economic": {"precision": 0.6976744186046512, "recall": 0.8108108108108109, "f1-score": 0.75, "support": 37.0}, "noneconomic": {"precision": 0.810126582278481, "recall": 0.8311688311688312, "f1-score": 0.8205128205128205, "support": 77.0}, "micro avg": {"precision": 0.7704918032786885, "recall": 0.8245614035087719, "f1-score": 0.7966101694915254, "support": 114.0}, "macro avg": {"precision": 0.7539005004415661, "recall": 0.820989820989821, "f1-score": 0.7852564102564102, "support": 114.0}, "weighted avg": {"precision": 0.7736289502089047, "recall": 0.8245614035087719, "f1-score": 0.7976270805218174, "support": 114.0}, "samples avg": {"precision": 0.7702702702702703, "recall": 0.7927927927927928, "f1-score": 0.7687687687687689, "support": 114.0}}