{"noneconomic__age": {"precision": 0.6, "recall": 0.75, "f1-score": 0.6666666666666666, "support": 4.0}, "noneconomic__crime": {"precision": 1.0, "recall": 0.8888888888888888, "f1-score": 0.9411764705882353, "support": 9.0}, "noneconomic__ethnicity": {"precision": 1.0, "recall": 1.0, "f1-score": 1.0, "support": 1.0}, "noneconomic__family": {"precision": 0.8, "recall": 1.0, "f1-score": 0.8888888888888888, "support": 4.0}, "noneconomic__gender_sexuality": {"precision": 0.8, "recall": 0.6666666666666666, "f1-score": 0.7272727272727273, "support": 6.0}, "noneconomic__health": {"precision": 1.0, "recall": 1.0, "f1-score": 1.0, "support": 3.0}, "noneconomic__nationality": {"precision": 0.8888888888888888, "recall": 0.8888888888888888, "f1-score": 0.8888888888888888, "support": 9.0}, "noneconomic__place_location": {"precision": 1.0, "recall": 0.25, "f1-score": 0.4, "support": 4.0}, "noneconomic__religion": {"precision": 1.0, "recall": 1.0, "f1-score": 1.0, "support": 1.0}, "noneconomic__shared_values_mentalities": {"precision": 0.8181818181818182, "recall": 0.6923076923076923, "f1-score": 0.75, "support": 13.0}, "micro avg": {"precision": 0.8571428571428571, "recall": 0.7777777777777778, "f1-score": 0.8155339805825242, "support": 54.0}, "macro avg": {"precision": 0.8907070707070707, "recall": 0.8136752136752137, "f1-score": 0.8262893642305407, "support": 54.0}, "weighted avg": {"precision": 0.8710437710437712, "recall": 0.7777777777777778, "f1-score": 0.8038230892806055, "support": 54.0}, "samples avg": {"precision": 0.48125, "recall": 0.4791666666666667, "f1-score": 0.4729166666666666, "support": 54.0}}