{"noneconomic__age": {"precision": 0.8461538461538461, "recall": 0.9166666666666666, "f1-score": 0.88, "support": 12.0}, "noneconomic__crime": {"precision": 0.6, "recall": 1.0, "f1-score": 0.75, "support": 3.0}, "noneconomic__ethnicity": {"precision": 1.0, "recall": 1.0, "f1-score": 1.0, "support": 1.0}, "noneconomic__family": {"precision": 0.75, "recall": 0.6, "f1-score": 0.6666666666666666, "support": 5.0}, "noneconomic__gender_sexuality": {"precision": 0.6666666666666666, "recall": 1.0, "f1-score": 0.8, "support": 2.0}, "noneconomic__health": {"precision": 0.0, "recall": 0.0, "f1-score": 0.0, "support": 1.0}, "noneconomic__nationality": {"precision": 0.9090909090909091, "recall": 0.5882352941176471, "f1-score": 0.7142857142857143, "support": 17.0}, "noneconomic__place_location": {"precision": 1.0, "recall": 0.5, "f1-score": 0.6666666666666666, "support": 2.0}, "noneconomic__religion": {"precision": 0.0, "recall": 0.0, "f1-score": 0.0, "support": 0.0}, "noneconomic__shared_values_mentalities": {"precision": 0.8235294117647058, "recall": 0.6666666666666666, "f1-score": 0.7368421052631579, "support": 21.0}, "micro avg": {"precision": 0.7894736842105263, "recall": 0.703125, "f1-score": 0.743801652892562, "support": 64.0}, "macro avg": {"precision": 0.6595440833676128, "recall": 0.6271568627450981, "f1-score": 0.6214461152882205, "support": 64.0}, "weighted avg": {"precision": 0.8247787904497463, "recall": 0.703125, "f1-score": 0.7452063753132832, "support": 64.0}, "samples avg": {"precision": 0.4113475177304965, "recall": 0.4060283687943263, "f1-score": 0.40212765957446805, "support": 64.0}}