{"noneconomic__age": {"precision": 0.8571428571428571, "recall": 0.8571428571428571, "f1-score": 0.8571428571428571, "support": 14.0}, "noneconomic__crime": {"precision": 1.0, "recall": 0.3333333333333333, "f1-score": 0.5, "support": 6.0}, "noneconomic__ethnicity": {"precision": 0.8333333333333334, "recall": 1.0, "f1-score": 0.9090909090909091, "support": 5.0}, "noneconomic__family": {"precision": 0.8571428571428571, "recall": 1.0, "f1-score": 0.9230769230769231, "support": 6.0}, "noneconomic__gender_sexuality": {"precision": 1.0, "recall": 0.95, "f1-score": 0.9743589743589743, "support": 20.0}, "noneconomic__health": {"precision": 1.0, "recall": 1.0, "f1-score": 1.0, "support": 2.0}, "noneconomic__nationality": {"precision": 0.8666666666666667, "recall": 0.8666666666666667, "f1-score": 0.8666666666666667, "support": 15.0}, "noneconomic__place_location": {"precision": 0.6, "recall": 0.75, "f1-score": 0.6666666666666666, "support": 4.0}, "noneconomic__religion": {"precision": 0.8, "recall": 1.0, "f1-score": 0.8888888888888888, "support": 4.0}, "noneconomic__shared_values_mentalities": {"precision": 0.625, "recall": 0.6666666666666666, "f1-score": 0.6451612903225806, "support": 15.0}, "micro avg": {"precision": 0.8351648351648352, "recall": 0.8351648351648352, "f1-score": 0.8351648351648352, "support": 91.0}, "macro avg": {"precision": 0.8439285714285714, "recall": 0.8423809523809525, "f1-score": 0.8231053176214467, "support": 91.0}, "weighted avg": {"precision": 0.8492804814233386, "recall": 0.8351648351648352, "f1-score": 0.8293487598698517, "support": 91.0}, "samples avg": {"precision": 0.5856269113149847, "recall": 0.5986238532110092, "f1-score": 0.5821756225425949, "support": 91.0}}