{"noneconomic__age": {"precision": 0.6666666666666666, "recall": 0.8571428571428571, "f1-score": 0.75, "support": 7.0}, "noneconomic__crime": {"precision": 0.0, "recall": 0.0, "f1-score": 0.0, "support": 3.0}, "noneconomic__ethnicity": {"precision": 0.5, "recall": 1.0, "f1-score": 0.6666666666666666, "support": 3.0}, "noneconomic__family": {"precision": 1.0, "recall": 1.0, "f1-score": 1.0, "support": 5.0}, "noneconomic__gender_sexuality": {"precision": 1.0, "recall": 0.8, "f1-score": 0.8888888888888888, "support": 10.0}, "noneconomic__health": {"precision": 1.0, "recall": 0.6666666666666666, "f1-score": 0.8, "support": 3.0}, "noneconomic__nationality": {"precision": 0.4, "recall": 1.0, "f1-score": 0.5714285714285714, "support": 4.0}, "noneconomic__place_location": {"precision": 0.0, "recall": 0.0, "f1-score": 0.0, "support": 1.0}, "noneconomic__religion": {"precision": 0.5714285714285714, "recall": 1.0, "f1-score": 0.7272727272727273, "support": 4.0}, "noneconomic__shared_values_mentalities": {"precision": 0.6153846153846154, "recall": 0.6153846153846154, "f1-score": 0.6153846153846154, "support": 13.0}, "micro avg": {"precision": 0.6451612903225806, "recall": 0.7547169811320755, "f1-score": 0.6956521739130435, "support": 53.0}, "macro avg": {"precision": 0.5753479853479853, "recall": 0.6939194139194139, "f1-score": 0.601964146964147, "support": 53.0}, "weighted avg": {"precision": 0.6802336028751123, "recall": 0.7547169811320755, "f1-score": 0.6930885676168697, "support": 53.0}, "samples avg": {"precision": 0.3950617283950617, "recall": 0.41769547325102885, "f1-score": 0.39958847736625513, "support": 53.0}}