{"economic__education_level": {"precision": 1.0, "recall": 0.75, "f1-score": 0.8571428571428571, "support": 4.0}, "economic__employment_status": {"precision": 0.3333333333333333, "recall": 1.0, "f1-score": 0.5, "support": 2.0}, "economic__income_wealth_economic_status": {"precision": 0.6666666666666666, "recall": 0.5714285714285714, "f1-score": 0.6153846153846154, "support": 7.0}, "economic__occupation_profession": {"precision": 0.85, "recall": 0.7391304347826086, "f1-score": 0.7906976744186046, "support": 23.0}, "micro avg": {"precision": 0.7428571428571429, "recall": 0.7222222222222222, "f1-score": 0.7323943661971831, "support": 36.0}, "macro avg": {"precision": 0.7125, "recall": 0.7651397515527949, "f1-score": 0.6908062867365193, "support": 36.0}, "weighted avg": {"precision": 0.8023148148148148, "recall": 0.7222222222222222, "f1-score": 0.7478419513303235, "support": 36.0}, "samples avg": {"precision": 0.26595744680851063, "recall": 0.2712765957446808, "f1-score": 0.26595744680851063, "support": 36.0}}