{"economic": {"precision": 0.5, "recall": 0.7419354838709677, "f1-score": 0.5974025974025974, "support": 31.0}, "noneconomic": {"precision": 0.8214285714285714, "recall": 0.8961038961038961, "f1-score": 0.8571428571428571, "support": 77.0}, "micro avg": {"precision": 0.7076923076923077, "recall": 0.8518518518518519, "f1-score": 0.773109243697479, "support": 108.0}, "macro avg": {"precision": 0.6607142857142857, "recall": 0.8190196899874319, "f1-score": 0.7272727272727273, "support": 108.0}, "weighted avg": {"precision": 0.7291666666666666, "recall": 0.8518518518518519, "f1-score": 0.7825877825877825, "support": 108.0}, "samples avg": {"precision": 0.7431192660550459, "recall": 0.8073394495412844, "f1-score": 0.761467889908257, "support": 108.0}}