{"economic": {"precision": 0.7948717948717948, "recall": 0.8378378378378378, "f1-score": 0.8157894736842105, "support": 37.0}, "noneconomic": {"precision": 0.9264705882352942, "recall": 0.8181818181818182, "f1-score": 0.8689655172413793, "support": 77.0}, "micro avg": {"precision": 0.8785046728971962, "recall": 0.8245614035087719, "f1-score": 0.8506787330316742, "support": 114.0}, "macro avg": {"precision": 0.8606711915535445, "recall": 0.828009828009828, "f1-score": 0.842377495462795, "support": 114.0}, "weighted avg": {"precision": 0.883758699161176, "recall": 0.8245614035087719, "f1-score": 0.851706625911421, "support": 114.0}, "samples avg": {"precision": 0.8063063063063063, "recall": 0.7927927927927928, "f1-score": 0.7927927927927928, "support": 114.0}}