{"economic": {"precision": 0.6774193548387096, "recall": 0.6774193548387096, "f1-score": 0.6774193548387096, "support": 31.0}, "noneconomic": {"precision": 0.9240506329113924, "recall": 0.948051948051948, "f1-score": 0.9358974358974359, "support": 77.0}, "micro avg": {"precision": 0.8545454545454545, "recall": 0.8703703703703703, "f1-score": 0.8623853211009175, "support": 108.0}, "macro avg": {"precision": 0.800734993875051, "recall": 0.8127356514453288, "f1-score": 0.8066583953680728, "support": 108.0}, "weighted avg": {"precision": 0.8532583216127521, "recall": 0.8703703703703703, "f1-score": 0.8617046533713201, "support": 108.0}, "samples avg": {"precision": 0.8027522935779816, "recall": 0.8256880733944955, "f1-score": 0.8073394495412844, "support": 108.0}}