{"noneconomic__age": {"precision": 1.0, "recall": 0.16666666666666666, "f1-score": 0.2857142857142857, "support": 6.0}, "noneconomic__crime": {"precision": 0.6666666666666666, "recall": 0.4, "f1-score": 0.5, "support": 5.0}, "noneconomic__ethnicity": {"precision": 0.0, "recall": 0.0, "f1-score": 0.0, "support": 0.0}, "noneconomic__family": {"precision": 0.8333333333333334, "recall": 0.9090909090909091, "f1-score": 0.8695652173913043, "support": 11.0}, "noneconomic__gender_sexuality": {"precision": 1.0, "recall": 0.8571428571428571, "f1-score": 0.9230769230769231, "support": 7.0}, "noneconomic__health": {"precision": 1.0, "recall": 0.75, "f1-score": 0.8571428571428571, "support": 4.0}, "noneconomic__nationality": {"precision": 0.6666666666666666, "recall": 1.0, "f1-score": 0.8, "support": 10.0}, "noneconomic__place_location": {"precision": 0.0, "recall": 0.0, "f1-score": 0.0, "support": 6.0}, "noneconomic__religion": {"precision": 0.0, "recall": 0.0, "f1-score": 0.0, "support": 0.0}, "noneconomic__shared_values_mentalities": {"precision": 0.8333333333333334, "recall": 0.43478260869565216, "f1-score": 0.5714285714285714, "support": 23.0}, "micro avg": {"precision": 0.711864406779661, "recall": 0.5833333333333334, "f1-score": 0.6412213740458015, "support": 72.0}, "macro avg": {"precision": 0.5999999999999999, "recall": 0.45176830415960845, "f1-score": 0.4806927854753941, "support": 72.0}, "weighted avg": {"precision": 0.7685185185185185, "recall": 0.5833333333333334, "f1-score": 0.6223954185910707, "support": 72.0}, "samples avg": {"precision": 0.4507575757575758, "recall": 0.44886363636363635, "f1-score": 0.43939393939393945, "support": 72.0}}