{"noneconomic__age": {"precision": 0.8666666666666667, "recall": 1.0, "f1-score": 0.9285714285714286, "support": 13.0}, "noneconomic__crime": {"precision": 1.0, "recall": 0.6, "f1-score": 0.75, "support": 5.0}, "noneconomic__ethnicity": {"precision": 0.0, "recall": 0.0, "f1-score": 0.0, "support": 1.0}, "noneconomic__family": {"precision": 0.875, "recall": 1.0, "f1-score": 0.9333333333333333, "support": 7.0}, "noneconomic__gender_sexuality": {"precision": 0.75, "recall": 0.75, "f1-score": 0.75, "support": 4.0}, "noneconomic__health": {"precision": 1.0, "recall": 1.0, "f1-score": 1.0, "support": 2.0}, "noneconomic__nationality": {"precision": 0.8181818181818182, "recall": 1.0, "f1-score": 0.9, "support": 9.0}, "noneconomic__place_location": {"precision": 0.0, "recall": 0.0, "f1-score": 0.0, "support": 2.0}, "noneconomic__religion": {"precision": 0.0, "recall": 0.0, "f1-score": 0.0, "support": 0.0}, "noneconomic__shared_values_mentalities": {"precision": 0.5384615384615384, "recall": 0.5384615384615384, "f1-score": 0.5384615384615384, "support": 13.0}, "micro avg": {"precision": 0.7719298245614035, "recall": 0.7857142857142857, "f1-score": 0.7787610619469026, "support": 56.0}, "macro avg": {"precision": 0.5848310023310024, "recall": 0.5888461538461538, "f1-score": 0.58003663003663, "support": 56.0}, "weighted avg": {"precision": 0.7456304112554112, "recall": 0.7857142857142857, "f1-score": 0.7581207482993196, "support": 56.0}, "samples avg": {"precision": 0.45294117647058824, "recall": 0.4588235294117647, "f1-score": 0.4509803921568627, "support": 56.0}}