{"economic__education_level": {"precision": 0.6666666666666666, "recall": 0.5, "f1-score": 0.5714285714285714, "support": 4.0}, "economic__employment_status": {"precision": 0.16666666666666666, "recall": 0.5, "f1-score": 0.25, "support": 2.0}, "economic__income_wealth_economic_status": {"precision": 0.5, "recall": 0.2857142857142857, "f1-score": 0.36363636363636365, "support": 7.0}, "economic__occupation_profession": {"precision": 0.9375, "recall": 0.6521739130434783, "f1-score": 0.7692307692307693, "support": 23.0}, "micro avg": {"precision": 0.6896551724137931, "recall": 0.5555555555555556, "f1-score": 0.6153846153846154, "support": 36.0}, "macro avg": {"precision": 0.5677083333333333, "recall": 0.48447204968944096, "f1-score": 0.488573926073926, "support": 36.0}, "weighted avg": {"precision": 0.7795138888888888, "recall": 0.5555555555555556, "f1-score": 0.6395410145410145, "support": 36.0}, "samples avg": {"precision": 0.20212765957446807, "recall": 0.2074468085106383, "f1-score": 0.20212765957446807, "support": 36.0}}