{"economic__class_membership": {"precision": 0.0, "recall": 0.0, "f1-score": 0.0, "support": 0.0}, "economic__ecology_of_group": {"precision": 1.0, "recall": 1.0, "f1-score": 1.0, "support": 3.0}, "economic__education_level": {"precision": 0.6666666666666666, "recall": 1.0, "f1-score": 0.8, "support": 6.0}, "economic__employment_status": {"precision": 0.5, "recall": 1.0, "f1-score": 0.6666666666666666, "support": 4.0}, "economic__income_wealth_economic_status": {"precision": 0.3888888888888889, "recall": 1.0, "f1-score": 0.56, "support": 7.0}, "economic__occupation_profession": {"precision": 1.0, "recall": 0.6875, "f1-score": 0.8148148148148148, "support": 16.0}, "micro avg": {"precision": 0.5254237288135594, "recall": 0.8611111111111112, "f1-score": 0.6526315789473685, "support": 36.0}, "macro avg": {"precision": 0.5925925925925926, "recall": 0.78125, "f1-score": 0.640246913580247, "support": 36.0}, "weighted avg": {"precision": 0.7700617283950617, "recall": 0.8611111111111112, "f1-score": 0.7617695473251028, "support": 36.0}, "samples avg": {"precision": 0.33125, "recall": 0.35625, "f1-score": 0.3375, "support": 36.0}}