{"noneconomic__age": {"precision": 0.75, "recall": 0.5, "f1-score": 0.6, "support": 6.0}, "noneconomic__crime": {"precision": 1.0, "recall": 1.0, "f1-score": 1.0, "support": 5.0}, "noneconomic__ethnicity": {"precision": 0.0, "recall": 0.0, "f1-score": 0.0, "support": 0.0}, "noneconomic__family": {"precision": 0.9166666666666666, "recall": 1.0, "f1-score": 0.9565217391304348, "support": 11.0}, "noneconomic__gender_sexuality": {"precision": 0.6, "recall": 0.8571428571428571, "f1-score": 0.7058823529411765, "support": 7.0}, "noneconomic__health": {"precision": 1.0, "recall": 0.75, "f1-score": 0.8571428571428571, "support": 4.0}, "noneconomic__nationality": {"precision": 0.75, "recall": 0.9, "f1-score": 0.8181818181818182, "support": 10.0}, "noneconomic__place_location": {"precision": 1.0, "recall": 0.5, "f1-score": 0.6666666666666666, "support": 6.0}, "noneconomic__religion": {"precision": 0.0, "recall": 0.0, "f1-score": 0.0, "support": 0.0}, "noneconomic__shared_values_mentalities": {"precision": 0.9230769230769231, "recall": 0.5217391304347826, "f1-score": 0.6666666666666666, "support": 23.0}, "micro avg": {"precision": 0.7222222222222222, "recall": 0.7222222222222222, "f1-score": 0.7222222222222222, "support": 72.0}, "macro avg": {"precision": 0.693974358974359, "recall": 0.6028881987577639, "f1-score": 0.6271062100729621, "support": 72.0}, "weighted avg": {"precision": 0.8682514245014246, "recall": 0.7222222222222222, "f1-score": 0.7639810908992494, "support": 72.0}, "samples avg": {"precision": 0.5075757575757576, "recall": 0.5454545454545454, "f1-score": 0.5113636363636364, "support": 72.0}}