{"noneconomic__age": {"precision": 0.25, "recall": 0.16666666666666666, "f1-score": 0.2, "support": 6.0}, "noneconomic__crime": {"precision": 1.0, "recall": 0.4, "f1-score": 0.5714285714285714, "support": 5.0}, "noneconomic__ethnicity": {"precision": 0.0, "recall": 0.0, "f1-score": 0.0, "support": 0.0}, "noneconomic__family": {"precision": 0.8333333333333334, "recall": 0.9090909090909091, "f1-score": 0.8695652173913043, "support": 11.0}, "noneconomic__gender_sexuality": {"precision": 1.0, "recall": 0.7142857142857143, "f1-score": 0.8333333333333334, "support": 7.0}, "noneconomic__health": {"precision": 1.0, "recall": 1.0, "f1-score": 1.0, "support": 4.0}, "noneconomic__nationality": {"precision": 0.6923076923076923, "recall": 0.9, "f1-score": 0.782608695652174, "support": 10.0}, "noneconomic__place_location": {"precision": 1.0, "recall": 0.16666666666666666, "f1-score": 0.2857142857142857, "support": 6.0}, "noneconomic__religion": {"precision": 0.0, "recall": 0.0, "f1-score": 0.0, "support": 0.0}, "noneconomic__shared_values_mentalities": {"precision": 0.9285714285714286, "recall": 0.5652173913043478, "f1-score": 0.7027027027027027, "support": 23.0}, "micro avg": {"precision": 0.7894736842105263, "recall": 0.625, "f1-score": 0.6976744186046512, "support": 72.0}, "macro avg": {"precision": 0.6704212454212455, "recall": 0.48219273480143043, "f1-score": 0.5245352806222372, "support": 72.0}, "weighted avg": {"precision": 0.846484533984534, "recall": 0.625, "f1-score": 0.6827531724270854, "support": 72.0}, "samples avg": {"precision": 0.4943181818181818, "recall": 0.48295454545454547, "f1-score": 0.48295454545454547, "support": 72.0}}