{"economic__class_membership": {"precision": 1.0, "recall": 0.25, "f1-score": 0.4, "support": 4.0}, "economic__ecology_of_group": {"precision": 0.0, "recall": 0.0, "f1-score": 0.0, "support": 1.0}, "economic__education_level": {"precision": 1.0, "recall": 0.5, "f1-score": 0.6666666666666666, "support": 4.0}, "economic__employment_status": {"precision": 0.6666666666666666, "recall": 0.2222222222222222, "f1-score": 0.3333333333333333, "support": 9.0}, "economic__income_wealth_economic_status": {"precision": 0.5, "recall": 0.2857142857142857, "f1-score": 0.36363636363636365, "support": 7.0}, "economic__occupation_profession": {"precision": 0.3333333333333333, "recall": 0.125, "f1-score": 0.18181818181818182, "support": 8.0}, "micro avg": {"precision": 0.6153846153846154, "recall": 0.24242424242424243, "f1-score": 0.34782608695652173, "support": 33.0}, "macro avg": {"precision": 0.5833333333333334, "recall": 0.230489417989418, "f1-score": 0.3242424242424243, "support": 33.0}, "weighted avg": {"precision": 0.6111111111111112, "recall": 0.24242424242424243, "f1-score": 0.34141414141414145, "support": 33.0}, "samples avg": {"precision": 0.0663265306122449, "recall": 0.08163265306122448, "f1-score": 0.07142857142857142, "support": 33.0}}