{"economic": {"precision": 0.8064516129032258, "recall": 0.8620689655172413, "f1-score": 0.8333333333333334, "support": 29.0}, "noneconomic": {"precision": 0.890625, "recall": 0.8636363636363636, "f1-score": 0.8769230769230769, "support": 66.0}, "micro avg": {"precision": 0.8631578947368421, "recall": 0.8631578947368421, "f1-score": 0.8631578947368421, "support": 95.0}, "macro avg": {"precision": 0.8485383064516129, "recall": 0.8628526645768024, "f1-score": 0.8551282051282052, "support": 95.0}, "weighted avg": {"precision": 0.8649299660441426, "recall": 0.8631578947368421, "f1-score": 0.86361673414305, "support": 95.0}, "samples avg": {"precision": 0.8238636363636364, "recall": 0.8238636363636364, "f1-score": 0.8143939393939393, "support": 95.0}}