{"noneconomic__age": {"precision": 0.4, "recall": 0.3333333333333333, "f1-score": 0.36363636363636365, "support": 6.0}, "noneconomic__crime": {"precision": 1.0, "recall": 0.4, "f1-score": 0.5714285714285714, "support": 5.0}, "noneconomic__ethnicity": {"precision": 0.0, "recall": 0.0, "f1-score": 0.0, "support": 0.0}, "noneconomic__family": {"precision": 0.5384615384615384, "recall": 0.6363636363636364, "f1-score": 0.5833333333333334, "support": 11.0}, "noneconomic__gender_sexuality": {"precision": 1.0, "recall": 0.8571428571428571, "f1-score": 0.9230769230769231, "support": 7.0}, "noneconomic__health": {"precision": 1.0, "recall": 1.0, "f1-score": 1.0, "support": 4.0}, "noneconomic__nationality": {"precision": 0.75, "recall": 0.9, "f1-score": 0.8181818181818182, "support": 10.0}, "noneconomic__place_location": {"precision": 0.0, "recall": 0.0, "f1-score": 0.0, "support": 6.0}, "noneconomic__religion": {"precision": 0.0, "recall": 0.0, "f1-score": 0.0, "support": 0.0}, "noneconomic__shared_values_mentalities": {"precision": 0.9285714285714286, "recall": 0.5652173913043478, "f1-score": 0.7027027027027027, "support": 23.0}, "micro avg": {"precision": 0.7049180327868853, "recall": 0.5972222222222222, "f1-score": 0.6466165413533834, "support": 72.0}, "macro avg": {"precision": 0.5617032967032968, "recall": 0.4692057218144175, "f1-score": 0.4962359712359713, "support": 72.0}, "weighted avg": {"precision": 0.7386141636141637, "recall": 0.5972222222222222, "f1-score": 0.6425159237659237, "support": 72.0}, "samples avg": {"precision": 0.4431818181818182, "recall": 0.45454545454545453, "f1-score": 0.4393939393939394, "support": 72.0}}