{"noneconomic__age": {"precision": 0.8333333333333334, "recall": 1.0, "f1-score": 0.9090909090909091, "support": 5.0}, "noneconomic__crime": {"precision": 1.0, "recall": 1.0, "f1-score": 1.0, "support": 1.0}, "noneconomic__ethnicity": {"precision": 0.5, "recall": 0.5, "f1-score": 0.5, "support": 2.0}, "noneconomic__family": {"precision": 0.3333333333333333, "recall": 1.0, "f1-score": 0.5, "support": 1.0}, "noneconomic__gender_sexuality": {"precision": 1.0, "recall": 0.6666666666666666, "f1-score": 0.8, "support": 3.0}, "noneconomic__health": {"precision": 0.75, "recall": 0.75, "f1-score": 0.75, "support": 4.0}, "noneconomic__nationality": {"precision": 0.8571428571428571, "recall": 0.8, "f1-score": 0.8275862068965517, "support": 15.0}, "noneconomic__place_location": {"precision": 1.0, "recall": 0.3333333333333333, "f1-score": 0.5, "support": 6.0}, "noneconomic__religion": {"precision": 1.0, "recall": 1.0, "f1-score": 1.0, "support": 3.0}, "noneconomic__shared_values_mentalities": {"precision": 0.6363636363636364, "recall": 0.4117647058823529, "f1-score": 0.5, "support": 17.0}, "micro avg": {"precision": 0.7708333333333334, "recall": 0.6491228070175439, "f1-score": 0.7047619047619048, "support": 57.0}, "macro avg": {"precision": 0.7910173160173161, "recall": 0.7461764705882353, "f1-score": 0.7286677115987461, "support": 57.0}, "weighted avg": {"precision": 0.7925495557074504, "recall": 0.6491228070175439, "f1-score": 0.690513116647418, "support": 57.0}, "samples avg": {"precision": 0.38636363636363635, "recall": 0.3777056277056277, "f1-score": 0.37507730364873226, "support": 57.0}}