{"economic__education_level": {"precision": 1.0, "recall": 0.6, "f1-score": 0.75, "support": 5.0}, "economic__employment_status": {"precision": 0.5714285714285714, "recall": 1.0, "f1-score": 0.7272727272727273, "support": 4.0}, "economic__income_wealth_economic_status": {"precision": 0.8571428571428571, "recall": 0.5454545454545454, "f1-score": 0.6666666666666666, "support": 11.0}, "economic__occupation_profession": {"precision": 0.9090909090909091, "recall": 0.625, "f1-score": 0.7407407407407407, "support": 16.0}, "micro avg": {"precision": 0.8214285714285714, "recall": 0.6388888888888888, "f1-score": 0.71875, "support": 36.0}, "macro avg": {"precision": 0.8344155844155844, "recall": 0.6926136363636364, "f1-score": 0.7211700336700337, "support": 36.0}, "weighted avg": {"precision": 0.8683261183261184, "recall": 0.6388888888888888, "f1-score": 0.717896558174336, "support": 36.0}, "samples avg": {"precision": 0.23529411764705882, "recall": 0.2529411764705882, "f1-score": 0.23921568627450976, "support": 36.0}}