{"noneconomic__age": {"precision": 1.0, "recall": 0.7142857142857143, "f1-score": 0.8333333333333334, "support": 7.0}, "noneconomic__crime": {"precision": 1.0, "recall": 0.3333333333333333, "f1-score": 0.5, "support": 3.0}, "noneconomic__ethnicity": {"precision": 0.6666666666666666, "recall": 0.6666666666666666, "f1-score": 0.6666666666666666, "support": 3.0}, "noneconomic__family": {"precision": 1.0, "recall": 1.0, "f1-score": 1.0, "support": 5.0}, "noneconomic__gender_sexuality": {"precision": 0.9090909090909091, "recall": 1.0, "f1-score": 0.9523809523809523, "support": 10.0}, "noneconomic__health": {"precision": 0.2222222222222222, "recall": 0.6666666666666666, "f1-score": 0.3333333333333333, "support": 3.0}, "noneconomic__nationality": {"precision": 0.5, "recall": 1.0, "f1-score": 0.6666666666666666, "support": 4.0}, "noneconomic__place_location": {"precision": 0.0, "recall": 0.0, "f1-score": 0.0, "support": 1.0}, "noneconomic__religion": {"precision": 0.5714285714285714, "recall": 1.0, "f1-score": 0.7272727272727273, "support": 4.0}, "noneconomic__shared_values_mentalities": {"precision": 0.875, "recall": 0.5384615384615384, "f1-score": 0.6666666666666666, "support": 13.0}, "micro avg": {"precision": 0.6779661016949152, "recall": 0.7547169811320755, "f1-score": 0.7142857142857143, "support": 53.0}, "macro avg": {"precision": 0.6744408369408369, "recall": 0.6919413919413919, "f1-score": 0.6346320346320347, "support": 53.0}, "weighted avg": {"precision": 0.8003450951564159, "recall": 0.7547169811320755, "f1-score": 0.7377276811239076, "support": 53.0}, "samples avg": {"precision": 0.40534979423868317, "recall": 0.4156378600823045, "f1-score": 0.402880658436214, "support": 53.0}}