{"economic__education_level": {"precision": 1.0, "recall": 0.5, "f1-score": 0.6666666666666666, "support": 4.0}, "economic__employment_status": {"precision": 1.0, "recall": 0.5, "f1-score": 0.6666666666666666, "support": 2.0}, "economic__income_wealth_economic_status": {"precision": 0.6666666666666666, "recall": 0.5, "f1-score": 0.5714285714285714, "support": 8.0}, "economic__occupation_profession": {"precision": 0.9166666666666666, "recall": 0.4583333333333333, "f1-score": 0.6111111111111112, "support": 24.0}, "micro avg": {"precision": 0.8571428571428571, "recall": 0.47368421052631576, "f1-score": 0.6101694915254238, "support": 38.0}, "macro avg": {"precision": 0.8958333333333333, "recall": 0.4895833333333333, "f1-score": 0.628968253968254, "support": 38.0}, "weighted avg": {"precision": 0.8771929824561402, "recall": 0.47368421052631576, "f1-score": 0.6115288220551379, "support": 38.0}, "samples avg": {"precision": 0.16216216216216217, "recall": 0.15765765765765766, "f1-score": 0.15915915915915912, "support": 38.0}}