{"economic": {"precision": 0.9032258064516129, "recall": 0.8, "f1-score": 0.8484848484848485, "support": 35.0}, "noneconomic": {"precision": 0.8032786885245902, "recall": 0.9074074074074074, "f1-score": 0.8521739130434782, "support": 54.0}, "micro avg": {"precision": 0.8369565217391305, "recall": 0.8651685393258427, "f1-score": 0.850828729281768, "support": 89.0}, "macro avg": {"precision": 0.8532522474881015, "recall": 0.8537037037037037, "f1-score": 0.8503293807641634, "support": 89.0}, "weighted avg": {"precision": 0.8425837349003856, "recall": 0.8651685393258427, "f1-score": 0.8507231573181745, "support": 89.0}, "samples avg": {"precision": 0.8031914893617021, "recall": 0.776595744680851, "f1-score": 0.7801418439716311, "support": 89.0}}