{"economic": {"precision": 0.8620689655172413, "recall": 0.7575757575757576, "f1-score": 0.8064516129032258, "support": 33.0}, "noneconomic": {"precision": 0.8163265306122449, "recall": 0.8333333333333334, "f1-score": 0.8247422680412371, "support": 48.0}, "micro avg": {"precision": 0.8333333333333334, "recall": 0.8024691358024691, "f1-score": 0.8176100628930818, "support": 81.0}, "macro avg": {"precision": 0.8391977480647431, "recall": 0.7954545454545454, "f1-score": 0.8155969404722314, "support": 81.0}, "weighted avg": {"precision": 0.8349623374253916, "recall": 0.8024691358024691, "f1-score": 0.817290519651677, "support": 81.0}, "samples avg": {"precision": 0.79375, "recall": 0.7625, "f1-score": 0.7708333333333334, "support": 81.0}}