{"economic": {"precision": 0.6458333333333334, "recall": 0.8378378378378378, "f1-score": 0.7294117647058823, "support": 37.0}, "noneconomic": {"precision": 0.8717948717948718, "recall": 0.8831168831168831, "f1-score": 0.8774193548387097, "support": 77.0}, "micro avg": {"precision": 0.7857142857142857, "recall": 0.868421052631579, "f1-score": 0.825, "support": 114.0}, "macro avg": {"precision": 0.7588141025641026, "recall": 0.8604773604773605, "f1-score": 0.8034155597722961, "support": 114.0}, "weighted avg": {"precision": 0.7984564777327935, "recall": 0.868421052631579, "f1-score": 0.8293818036552482, "support": 114.0}, "samples avg": {"precision": 0.8063063063063063, "recall": 0.8378378378378378, "f1-score": 0.8078078078078078, "support": 114.0}}