{"economic": {"precision": 0.6511627906976745, "recall": 0.8484848484848485, "f1-score": 0.7368421052631579, "support": 33.0}, "noneconomic": {"precision": 0.8372093023255814, "recall": 0.75, "f1-score": 0.7912087912087912, "support": 48.0}, "micro avg": {"precision": 0.7441860465116279, "recall": 0.7901234567901234, "f1-score": 0.7664670658682635, "support": 81.0}, "macro avg": {"precision": 0.7441860465116279, "recall": 0.7992424242424243, "f1-score": 0.7640254482359745, "support": 81.0}, "weighted avg": {"precision": 0.7614125753660638, "recall": 0.7901234567901234, "f1-score": 0.769059400638348, "support": 81.0}, "samples avg": {"precision": 0.70625, "recall": 0.7375, "f1-score": 0.7083333333333333, "support": 81.0}}