{"economic__class_membership": {"precision": 1.0, "recall": 0.25, "f1-score": 0.4, "support": 4.0}, "economic__ecology_of_group": {"precision": 0.0, "recall": 0.0, "f1-score": 0.0, "support": 1.0}, "economic__education_level": {"precision": 1.0, "recall": 0.5, "f1-score": 0.6666666666666666, "support": 4.0}, "economic__employment_status": {"precision": 1.0, "recall": 0.3333333333333333, "f1-score": 0.5, "support": 9.0}, "economic__income_wealth_economic_status": {"precision": 1.0, "recall": 0.5714285714285714, "f1-score": 0.7272727272727273, "support": 7.0}, "economic__occupation_profession": {"precision": 0.5, "recall": 0.375, "f1-score": 0.42857142857142855, "support": 8.0}, "micro avg": {"precision": 0.8125, "recall": 0.3939393939393939, "f1-score": 0.5306122448979592, "support": 33.0}, "macro avg": {"precision": 0.75, "recall": 0.33829365079365076, "f1-score": 0.45375180375180374, "support": 33.0}, "weighted avg": {"precision": 0.8484848484848485, "recall": 0.3939393939393939, "f1-score": 0.52382264200446, "support": 33.0}, "samples avg": {"precision": 0.12244897959183673, "recall": 0.12755102040816327, "f1-score": 0.12244897959183673, "support": 33.0}}