{"economic": {"precision": 0.5925925925925926, "recall": 0.5161290322580645, "f1-score": 0.5517241379310345, "support": 31.0}, "noneconomic": {"precision": 0.7676767676767676, "recall": 0.987012987012987, "f1-score": 0.8636363636363636, "support": 77.0}, "micro avg": {"precision": 0.7301587301587301, "recall": 0.8518518518518519, "f1-score": 0.7863247863247863, "support": 108.0}, "macro avg": {"precision": 0.6801346801346801, "recall": 0.7515710096355257, "f1-score": 0.707680250783699, "support": 108.0}, "weighted avg": {"precision": 0.7174211248285323, "recall": 0.8518518518518519, "f1-score": 0.7741060025542784, "support": 108.0}, "samples avg": {"precision": 0.7477064220183486, "recall": 0.8073394495412844, "f1-score": 0.7645259938837922, "support": 108.0}}