{"noneconomic__age": {"precision": 1.0, "recall": 0.7142857142857143, "f1-score": 0.8333333333333334, "support": 7.0}, "noneconomic__crime": {"precision": 1.0, "recall": 0.3333333333333333, "f1-score": 0.5, "support": 3.0}, "noneconomic__ethnicity": {"precision": 1.0, "recall": 1.0, "f1-score": 1.0, "support": 3.0}, "noneconomic__family": {"precision": 1.0, "recall": 1.0, "f1-score": 1.0, "support": 5.0}, "noneconomic__gender_sexuality": {"precision": 0.8888888888888888, "recall": 0.8, "f1-score": 0.8421052631578947, "support": 10.0}, "noneconomic__health": {"precision": 1.0, "recall": 1.0, "f1-score": 1.0, "support": 3.0}, "noneconomic__nationality": {"precision": 0.25, "recall": 0.25, "f1-score": 0.25, "support": 4.0}, "noneconomic__place_location": {"precision": 0.0, "recall": 0.0, "f1-score": 0.0, "support": 1.0}, "noneconomic__religion": {"precision": 0.6666666666666666, "recall": 1.0, "f1-score": 0.8, "support": 4.0}, "noneconomic__shared_values_mentalities": {"precision": 1.0, "recall": 0.7692307692307693, "f1-score": 0.8695652173913043, "support": 13.0}, "micro avg": {"precision": 0.8695652173913043, "recall": 0.7547169811320755, "f1-score": 0.8080808080808081, "support": 53.0}, "macro avg": {"precision": 0.7805555555555557, "recall": 0.6866849816849816, "f1-score": 0.7095003813882532, "support": 53.0}, "weighted avg": {"precision": 0.8784067085953878, "recall": 0.7547169811320755, "f1-score": 0.7973345998301743, "support": 53.0}, "samples avg": {"precision": 0.397119341563786, "recall": 0.40946502057613166, "f1-score": 0.3983539094650206, "support": 53.0}}