{"economic__education_level": {"precision": 1.0, "recall": 0.75, "f1-score": 0.8571428571428571, "support": 4.0}, "economic__employment_status": {"precision": 0.6666666666666666, "recall": 1.0, "f1-score": 0.8, "support": 2.0}, "economic__income_wealth_economic_status": {"precision": 0.0, "recall": 0.0, "f1-score": 0.0, "support": 8.0}, "economic__occupation_profession": {"precision": 0.9166666666666666, "recall": 0.4583333333333333, "f1-score": 0.6111111111111112, "support": 24.0}, "micro avg": {"precision": 0.6956521739130435, "recall": 0.42105263157894735, "f1-score": 0.5245901639344263, "support": 38.0}, "macro avg": {"precision": 0.6458333333333333, "recall": 0.5520833333333334, "f1-score": 0.567063492063492, "support": 38.0}, "weighted avg": {"precision": 0.7192982456140351, "recall": 0.42105263157894735, "f1-score": 0.5182957393483709, "support": 38.0}, "samples avg": {"precision": 0.13063063063063063, "recall": 0.13513513513513514, "f1-score": 0.13213213213213212, "support": 38.0}}