{"noneconomic__age": {"precision": 0.7777777777777778, "recall": 1.0, "f1-score": 0.875, "support": 7.0}, "noneconomic__crime": {"precision": 0.6666666666666666, "recall": 0.6666666666666666, "f1-score": 0.6666666666666666, "support": 3.0}, "noneconomic__ethnicity": {"precision": 0.75, "recall": 1.0, "f1-score": 0.8571428571428571, "support": 3.0}, "noneconomic__family": {"precision": 0.8333333333333334, "recall": 1.0, "f1-score": 0.9090909090909091, "support": 5.0}, "noneconomic__gender_sexuality": {"precision": 0.8888888888888888, "recall": 0.8, "f1-score": 0.8421052631578947, "support": 10.0}, "noneconomic__health": {"precision": 0.6666666666666666, "recall": 0.6666666666666666, "f1-score": 0.6666666666666666, "support": 3.0}, "noneconomic__nationality": {"precision": 0.375, "recall": 0.75, "f1-score": 0.5, "support": 4.0}, "noneconomic__place_location": {"precision": 0.0, "recall": 0.0, "f1-score": 0.0, "support": 1.0}, "noneconomic__religion": {"precision": 0.6, "recall": 0.75, "f1-score": 0.6666666666666666, "support": 4.0}, "noneconomic__shared_values_mentalities": {"precision": 0.75, "recall": 0.6923076923076923, "f1-score": 0.72, "support": 13.0}, "micro avg": {"precision": 0.711864406779661, "recall": 0.7924528301886793, "f1-score": 0.75, "support": 53.0}, "macro avg": {"precision": 0.6308333333333332, "recall": 0.7325641025641025, "f1-score": 0.6703339029391661, "support": 53.0}, "weighted avg": {"precision": 0.7245283018867924, "recall": 0.7924528301886793, "f1-score": 0.7488604229269572, "support": 53.0}, "samples avg": {"precision": 0.4444444444444444, "recall": 0.448559670781893, "f1-score": 0.4382716049382716, "support": 53.0}}