{"economic__education_level": {"precision": 1.0, "recall": 1.0, "f1-score": 1.0, "support": 4.0}, "economic__employment_status": {"precision": 0.6666666666666666, "recall": 1.0, "f1-score": 0.8, "support": 2.0}, "economic__income_wealth_economic_status": {"precision": 0.5714285714285714, "recall": 0.5, "f1-score": 0.5333333333333333, "support": 8.0}, "economic__occupation_profession": {"precision": 1.0, "recall": 0.5, "f1-score": 0.6666666666666666, "support": 24.0}, "micro avg": {"precision": 0.8461538461538461, "recall": 0.5789473684210527, "f1-score": 0.6875, "support": 38.0}, "macro avg": {"precision": 0.8095238095238095, "recall": 0.75, "f1-score": 0.75, "support": 38.0}, "weighted avg": {"precision": 0.8922305764411028, "recall": 0.5789473684210527, "f1-score": 0.6807017543859649, "support": 38.0}, "samples avg": {"precision": 0.19369369369369369, "recall": 0.19369369369369369, "f1-score": 0.1921921921921922, "support": 38.0}}