{"economic": {"precision": 0.8857142857142857, "recall": 0.8611111111111112, "f1-score": 0.8732394366197183, "support": 36.0}, "noneconomic": {"precision": 0.7916666666666666, "recall": 0.8444444444444444, "f1-score": 0.8172043010752689, "support": 45.0}, "micro avg": {"precision": 0.8313253012048193, "recall": 0.8518518518518519, "f1-score": 0.8414634146341463, "support": 81.0}, "macro avg": {"precision": 0.8386904761904761, "recall": 0.8527777777777779, "f1-score": 0.8452218688474935, "support": 81.0}, "weighted avg": {"precision": 0.8334656084656085, "recall": 0.8518518518518519, "f1-score": 0.8421088057616909, "support": 81.0}, "samples avg": {"precision": 0.8181818181818182, "recall": 0.8116883116883117, "f1-score": 0.8051948051948051, "support": 81.0}}