{"economic": {"precision": 0.8108108108108109, "recall": 0.967741935483871, "f1-score": 0.8823529411764706, "support": 31.0}, "noneconomic": {"precision": 0.95, "recall": 0.8260869565217391, "f1-score": 0.8837209302325582, "support": 69.0}, "micro avg": {"precision": 0.8969072164948454, "recall": 0.87, "f1-score": 0.883248730964467, "support": 100.0}, "macro avg": {"precision": 0.8804054054054054, "recall": 0.8969144460028051, "f1-score": 0.8830369357045144, "support": 100.0}, "weighted avg": {"precision": 0.9068513513513514, "recall": 0.87, "f1-score": 0.883296853625171, "support": 100.0}, "samples avg": {"precision": 0.8917525773195877, "recall": 0.8608247422680413, "f1-score": 0.8694158075601374, "support": 100.0}}