{"economic__class_membership": {"precision": 0.0, "recall": 0.0, "f1-score": 0.0, "support": 0.0}, "economic__ecology_of_group": {"precision": 0.0, "recall": 0.0, "f1-score": 0.0, "support": 3.0}, "economic__education_level": {"precision": 1.0, "recall": 0.8333333333333334, "f1-score": 0.9090909090909091, "support": 6.0}, "economic__employment_status": {"precision": 0.8, "recall": 1.0, "f1-score": 0.8888888888888888, "support": 4.0}, "economic__income_wealth_economic_status": {"precision": 0.7142857142857143, "recall": 0.7142857142857143, "f1-score": 0.7142857142857143, "support": 7.0}, "economic__occupation_profession": {"precision": 0.5454545454545454, "recall": 0.375, "f1-score": 0.4444444444444444, "support": 16.0}, "micro avg": {"precision": 0.6896551724137931, "recall": 0.5555555555555556, "f1-score": 0.6153846153846154, "support": 36.0}, "macro avg": {"precision": 0.5099567099567099, "recall": 0.48710317460317465, "f1-score": 0.49278499278499277, "support": 36.0}, "weighted avg": {"precision": 0.6368686868686868, "recall": 0.5555555555555556, "f1-score": 0.5867003367003367, "support": 36.0}, "samples avg": {"precision": 0.25, "recall": 0.2375, "f1-score": 0.24166666666666664, "support": 36.0}}