{"economic__class_membership": {"precision": 0.0, "recall": 0.0, "f1-score": 0.0, "support": 4.0}, "economic__ecology_of_group": {"precision": 0.0, "recall": 0.0, "f1-score": 0.0, "support": 1.0}, "economic__education_level": {"precision": 0.3333333333333333, "recall": 0.75, "f1-score": 0.46153846153846156, "support": 4.0}, "economic__employment_status": {"precision": 1.0, "recall": 0.2222222222222222, "f1-score": 0.36363636363636365, "support": 9.0}, "economic__income_wealth_economic_status": {"precision": 0.75, "recall": 0.42857142857142855, "f1-score": 0.5454545454545454, "support": 7.0}, "economic__occupation_profession": {"precision": 0.6, "recall": 0.375, "f1-score": 0.46153846153846156, "support": 8.0}, "micro avg": {"precision": 0.5238095238095238, "recall": 0.3333333333333333, "f1-score": 0.4074074074074074, "support": 33.0}, "macro avg": {"precision": 0.4472222222222222, "recall": 0.29596560846560843, "f1-score": 0.30536130536130535, "support": 33.0}, "weighted avg": {"precision": 0.6176767676767677, "recall": 0.3333333333333333, "f1-score": 0.3827082008900191, "support": 33.0}, "samples avg": {"precision": 0.10544217687074829, "recall": 0.10714285714285714, "f1-score": 0.10374149659863945, "support": 33.0}}