{"economic": {"precision": 0.5588235294117647, "recall": 0.6551724137931034, "f1-score": 0.6031746031746031, "support": 29.0}, "noneconomic": {"precision": 0.8484848484848485, "recall": 0.8484848484848485, "f1-score": 0.8484848484848485, "support": 66.0}, "micro avg": {"precision": 0.75, "recall": 0.7894736842105263, "f1-score": 0.7692307692307693, "support": 95.0}, "macro avg": {"precision": 0.7036541889483066, "recall": 0.7518286311389759, "f1-score": 0.7258297258297258, "support": 95.0}, "weighted avg": {"precision": 0.760061919504644, "recall": 0.7894736842105263, "f1-score": 0.7736006683375105, "support": 95.0}, "samples avg": {"precision": 0.75, "recall": 0.7670454545454546, "f1-score": 0.7386363636363636, "support": 95.0}}