{"economic": {"precision": 0.6410256410256411, "recall": 0.8620689655172413, "f1-score": 0.7352941176470589, "support": 29.0}, "noneconomic": {"precision": 0.8823529411764706, "recall": 0.9230769230769231, "f1-score": 0.9022556390977443, "support": 65.0}, "micro avg": {"precision": 0.794392523364486, "recall": 0.9042553191489362, "f1-score": 0.845771144278607, "support": 94.0}, "macro avg": {"precision": 0.7616892911010558, "recall": 0.8925729442970822, "f1-score": 0.8187748783724016, "support": 94.0}, "weighted avg": {"precision": 0.8079009017682358, "recall": 0.9042553191489362, "f1-score": 0.8507462335438095, "support": 94.0}, "samples avg": {"precision": 0.8163265306122449, "recall": 0.8520408163265306, "f1-score": 0.8231292517006803, "support": 94.0}}