{"economic__education_level": {"precision": 0.3333333333333333, "recall": 1.0, "f1-score": 0.5, "support": 1.0}, "economic__employment_status": {"precision": 0.5, "recall": 0.2222222222222222, "f1-score": 0.3076923076923077, "support": 9.0}, "economic__income_wealth_economic_status": {"precision": 0.6, "recall": 0.4, "f1-score": 0.48, "support": 15.0}, "economic__occupation_profession": {"precision": 0.2777777777777778, "recall": 0.7142857142857143, "f1-score": 0.4, "support": 7.0}, "micro avg": {"precision": 0.4, "recall": 0.4375, "f1-score": 0.417910447761194, "support": 32.0}, "macro avg": {"precision": 0.4277777777777777, "recall": 0.5841269841269842, "f1-score": 0.42192307692307696, "support": 32.0}, "weighted avg": {"precision": 0.4930555555555555, "recall": 0.4375, "f1-score": 0.41466346153846156, "support": 32.0}, "samples avg": {"precision": 0.11009174311926606, "recall": 0.11926605504587157, "f1-score": 0.1131498470948012, "support": 32.0}}