{"noneconomic__age": {"precision": 1.0, "recall": 0.16666666666666666, "f1-score": 0.2857142857142857, "support": 6.0}, "noneconomic__crime": {"precision": 0.8333333333333334, "recall": 1.0, "f1-score": 0.9090909090909091, "support": 5.0}, "noneconomic__ethnicity": {"precision": 0.0, "recall": 0.0, "f1-score": 0.0, "support": 0.0}, "noneconomic__family": {"precision": 0.9166666666666666, "recall": 1.0, "f1-score": 0.9565217391304348, "support": 11.0}, "noneconomic__gender_sexuality": {"precision": 1.0, "recall": 0.7142857142857143, "f1-score": 0.8333333333333334, "support": 7.0}, "noneconomic__health": {"precision": 1.0, "recall": 1.0, "f1-score": 1.0, "support": 4.0}, "noneconomic__nationality": {"precision": 0.8181818181818182, "recall": 0.9, "f1-score": 0.8571428571428571, "support": 10.0}, "noneconomic__place_location": {"precision": 0.6666666666666666, "recall": 0.3333333333333333, "f1-score": 0.4444444444444444, "support": 6.0}, "noneconomic__religion": {"precision": 0.0, "recall": 0.0, "f1-score": 0.0, "support": 0.0}, "noneconomic__shared_values_mentalities": {"precision": 0.9333333333333333, "recall": 0.6086956521739131, "f1-score": 0.7368421052631579, "support": 23.0}, "micro avg": {"precision": 0.864406779661017, "recall": 0.7083333333333334, "f1-score": 0.7786259541984732, "support": 72.0}, "macro avg": {"precision": 0.7168181818181818, "recall": 0.5722981366459627, "f1-score": 0.6023089674119422, "support": 72.0}, "weighted avg": {"precision": 0.9013678451178452, "recall": 0.7083333333333334, "f1-score": 0.7611149497591145, "support": 72.0}, "samples avg": {"precision": 0.5625, "recall": 0.5511363636363636, "f1-score": 0.5492424242424242, "support": 72.0}}