{"noneconomic__age": {"precision": 1.0, "recall": 1.0, "f1-score": 1.0, "support": 7.0}, "noneconomic__crime": {"precision": 1.0, "recall": 0.3333333333333333, "f1-score": 0.5, "support": 3.0}, "noneconomic__ethnicity": {"precision": 0.75, "recall": 1.0, "f1-score": 0.8571428571428571, "support": 3.0}, "noneconomic__family": {"precision": 1.0, "recall": 1.0, "f1-score": 1.0, "support": 5.0}, "noneconomic__gender_sexuality": {"precision": 1.0, "recall": 1.0, "f1-score": 1.0, "support": 10.0}, "noneconomic__health": {"precision": 1.0, "recall": 0.6666666666666666, "f1-score": 0.8, "support": 3.0}, "noneconomic__nationality": {"precision": 0.36363636363636365, "recall": 1.0, "f1-score": 0.5333333333333333, "support": 4.0}, "noneconomic__place_location": {"precision": 0.0, "recall": 0.0, "f1-score": 0.0, "support": 1.0}, "noneconomic__religion": {"precision": 1.0, "recall": 1.0, "f1-score": 1.0, "support": 4.0}, "noneconomic__shared_values_mentalities": {"precision": 0.75, "recall": 0.6923076923076923, "f1-score": 0.72, "support": 13.0}, "micro avg": {"precision": 0.8035714285714286, "recall": 0.8490566037735849, "f1-score": 0.8256880733944955, "support": 53.0}, "macro avg": {"precision": 0.7863636363636364, "recall": 0.7692307692307693, "f1-score": 0.7410476190476191, "support": 53.0}, "weighted avg": {"precision": 0.8576329331046312, "recall": 0.8490566037735849, "f1-score": 0.8295238095238094, "support": 53.0}, "samples avg": {"precision": 0.4382716049382716, "recall": 0.4567901234567901, "f1-score": 0.4423868312757202, "support": 53.0}}