{"economic__class_membership": {"precision": 1.0, "recall": 0.25, "f1-score": 0.4, "support": 4.0}, "economic__ecology_of_group": {"precision": 1.0, "recall": 1.0, "f1-score": 1.0, "support": 1.0}, "economic__education_level": {"precision": 1.0, "recall": 0.75, "f1-score": 0.8571428571428571, "support": 4.0}, "economic__employment_status": {"precision": 1.0, "recall": 0.4444444444444444, "f1-score": 0.6153846153846154, "support": 9.0}, "economic__income_wealth_economic_status": {"precision": 1.0, "recall": 0.2857142857142857, "f1-score": 0.4444444444444444, "support": 7.0}, "economic__occupation_profession": {"precision": 0.3333333333333333, "recall": 0.375, "f1-score": 0.35294117647058826, "support": 8.0}, "micro avg": {"precision": 0.7, "recall": 0.42424242424242425, "f1-score": 0.5283018867924528, "support": 33.0}, "macro avg": {"precision": 0.8888888888888888, "recall": 0.517526455026455, "f1-score": 0.6116521822404175, "support": 33.0}, "weighted avg": {"precision": 0.8383838383838385, "recall": 0.42424242424242425, "f1-score": 0.530353742118448, "support": 33.0}, "samples avg": {"precision": 0.12244897959183673, "recall": 0.12244897959183673, "f1-score": 0.11904761904761904, "support": 33.0}}