{"economic__class_membership": {"precision": 0.0, "recall": 0.0, "f1-score": 0.0, "support": 5.0}, "economic__ecology_of_group": {"precision": 0.5, "recall": 0.3333333333333333, "f1-score": 0.4, "support": 3.0}, "economic__education_level": {"precision": 1.0, "recall": 1.0, "f1-score": 1.0, "support": 3.0}, "economic__employment_status": {"precision": 0.6, "recall": 0.6, "f1-score": 0.6, "support": 5.0}, "economic__income_wealth_economic_status": {"precision": 0.8571428571428571, "recall": 0.6, "f1-score": 0.7058823529411765, "support": 10.0}, "economic__occupation_profession": {"precision": 0.9090909090909091, "recall": 0.8333333333333334, "f1-score": 0.8695652173913043, "support": 12.0}, "micro avg": {"precision": 0.8214285714285714, "recall": 0.6052631578947368, "f1-score": 0.696969696969697, "support": 38.0}, "macro avg": {"precision": 0.6443722943722944, "recall": 0.5611111111111111, "f1-score": 0.5959079283887468, "support": 38.0}, "weighted avg": {"precision": 0.7100136705399862, "recall": 0.6052631578947368, "f1-score": 0.649831740476511, "support": 38.0}, "samples avg": {"precision": 0.25308641975308643, "recall": 0.25308641975308643, "f1-score": 0.24691358024691357, "support": 38.0}}