{"noneconomic__age": {"precision": 0.8125, "recall": 1.0, "f1-score": 0.896551724137931, "support": 13.0}, "noneconomic__crime": {"precision": 1.0, "recall": 1.0, "f1-score": 1.0, "support": 5.0}, "noneconomic__ethnicity": {"precision": 1.0, "recall": 1.0, "f1-score": 1.0, "support": 1.0}, "noneconomic__family": {"precision": 1.0, "recall": 1.0, "f1-score": 1.0, "support": 7.0}, "noneconomic__gender_sexuality": {"precision": 1.0, "recall": 0.75, "f1-score": 0.8571428571428571, "support": 4.0}, "noneconomic__health": {"precision": 0.2, "recall": 0.5, "f1-score": 0.2857142857142857, "support": 2.0}, "noneconomic__nationality": {"precision": 0.8181818181818182, "recall": 1.0, "f1-score": 0.9, "support": 9.0}, "noneconomic__place_location": {"precision": 0.5, "recall": 0.5, "f1-score": 0.5, "support": 2.0}, "noneconomic__religion": {"precision": 0.0, "recall": 0.0, "f1-score": 0.0, "support": 0.0}, "noneconomic__shared_values_mentalities": {"precision": 0.5714285714285714, "recall": 0.6153846153846154, "f1-score": 0.5925925925925926, "support": 13.0}, "micro avg": {"precision": 0.7272727272727273, "recall": 0.8571428571428571, "f1-score": 0.7868852459016393, "support": 56.0}, "macro avg": {"precision": 0.690211038961039, "recall": 0.7365384615384615, "f1-score": 0.7032001459587666, "support": 56.0}, "weighted avg": {"precision": 0.7813340677179964, "recall": 0.8571428571428571, "f1-score": 0.8117656449553001, "support": 56.0}, "samples avg": {"precision": 0.507843137254902, "recall": 0.5137254901960785, "f1-score": 0.5058823529411764, "support": 56.0}}