{"noneconomic__age": {"precision": 1.0, "recall": 0.8461538461538461, "f1-score": 0.9166666666666666, "support": 13.0}, "noneconomic__crime": {"precision": 1.0, "recall": 0.6, "f1-score": 0.75, "support": 5.0}, "noneconomic__ethnicity": {"precision": 0.0, "recall": 0.0, "f1-score": 0.0, "support": 1.0}, "noneconomic__family": {"precision": 1.0, "recall": 0.8571428571428571, "f1-score": 0.9230769230769231, "support": 7.0}, "noneconomic__gender_sexuality": {"precision": 1.0, "recall": 0.5, "f1-score": 0.6666666666666666, "support": 4.0}, "noneconomic__health": {"precision": 1.0, "recall": 0.5, "f1-score": 0.6666666666666666, "support": 2.0}, "noneconomic__nationality": {"precision": 0.8888888888888888, "recall": 0.8888888888888888, "f1-score": 0.8888888888888888, "support": 9.0}, "noneconomic__place_location": {"precision": 0.5, "recall": 0.5, "f1-score": 0.5, "support": 2.0}, "noneconomic__religion": {"precision": 0.0, "recall": 0.0, "f1-score": 0.0, "support": 0.0}, "noneconomic__shared_values_mentalities": {"precision": 0.8571428571428571, "recall": 0.46153846153846156, "f1-score": 0.6, "support": 13.0}, "micro avg": {"precision": 0.926829268292683, "recall": 0.6785714285714286, "f1-score": 0.7835051546391752, "support": 56.0}, "macro avg": {"precision": 0.7246031746031746, "recall": 0.5153724053724054, "f1-score": 0.5911965811965811, "support": 56.0}, "weighted avg": {"precision": 0.9132653061224489, "recall": 0.6785714285714286, "f1-score": 0.7665750915750914, "support": 56.0}, "samples avg": {"precision": 0.43529411764705883, "recall": 0.41568627450980394, "f1-score": 0.4176470588235293, "support": 56.0}}