{"economic__education_level": {"precision": 1.0, "recall": 0.6666666666666666, "f1-score": 0.8, "support": 3.0}, "economic__employment_status": {"precision": 0.875, "recall": 0.7, "f1-score": 0.7777777777777778, "support": 10.0}, "economic__income_wealth_economic_status": {"precision": 0.5, "recall": 0.4, "f1-score": 0.4444444444444444, "support": 5.0}, "economic__occupation_profession": {"precision": 0.7058823529411765, "recall": 0.631578947368421, "f1-score": 0.6666666666666666, "support": 19.0}, "micro avg": {"precision": 0.7419354838709677, "recall": 0.6216216216216216, "f1-score": 0.6764705882352942, "support": 37.0}, "macro avg": {"precision": 0.7702205882352942, "recall": 0.599561403508772, "f1-score": 0.6722222222222222, "support": 37.0}, "weighted avg": {"precision": 0.7476152623211447, "recall": 0.6216216216216216, "f1-score": 0.6774774774774773, "support": 37.0}, "samples avg": {"precision": 0.24025974025974026, "recall": 0.2857142857142857, "f1-score": 0.2554112554112554, "support": 37.0}}