{"noneconomic__age": {"precision": 0.9285714285714286, "recall": 0.52, "f1-score": 0.6666666666666666, "support": 25.0}, "noneconomic__crime": {"precision": 1.0, "recall": 0.6666666666666666, "f1-score": 0.8, "support": 3.0}, "noneconomic__ethnicity": {"precision": 0.8, "recall": 1.0, "f1-score": 0.8888888888888888, "support": 4.0}, "noneconomic__family": {"precision": 0.8571428571428571, "recall": 0.5, "f1-score": 0.631578947368421, "support": 12.0}, "noneconomic__gender_sexuality": {"precision": 1.0, "recall": 0.8333333333333334, "f1-score": 0.9090909090909091, "support": 6.0}, "noneconomic__health": {"precision": 1.0, "recall": 1.0, "f1-score": 1.0, "support": 3.0}, "noneconomic__nationality": {"precision": 0.7142857142857143, "recall": 0.8333333333333334, "f1-score": 0.7692307692307693, "support": 12.0}, "noneconomic__place_location": {"precision": 0.3333333333333333, "recall": 0.3333333333333333, "f1-score": 0.3333333333333333, "support": 3.0}, "noneconomic__religion": {"precision": 0.8, "recall": 0.8, "f1-score": 0.8, "support": 5.0}, "noneconomic__shared_values_mentalities": {"precision": 0.8181818181818182, "recall": 0.6428571428571429, "f1-score": 0.72, "support": 14.0}, "micro avg": {"precision": 0.8260869565217391, "recall": 0.6551724137931034, "f1-score": 0.7307692307692307, "support": 87.0}, "macro avg": {"precision": 0.825151515151515, "recall": 0.712952380952381, "f1-score": 0.7518789514578987, "support": 87.0}, "weighted avg": {"precision": 0.8474249888042992, "recall": 0.6551724137931034, "f1-score": 0.7237526928271029, "support": 87.0}, "samples avg": {"precision": 0.4829931972789115, "recall": 0.4659863945578231, "f1-score": 0.46156462585034014, "support": 87.0}}