{"noneconomic__age": {"precision": 0.9285714285714286, "recall": 0.9285714285714286, "f1-score": 0.9285714285714286, "support": 14.0}, "noneconomic__crime": {"precision": 1.0, "recall": 0.16666666666666666, "f1-score": 0.2857142857142857, "support": 6.0}, "noneconomic__ethnicity": {"precision": 0.8333333333333334, "recall": 1.0, "f1-score": 0.9090909090909091, "support": 5.0}, "noneconomic__family": {"precision": 0.8333333333333334, "recall": 0.8333333333333334, "f1-score": 0.8333333333333334, "support": 6.0}, "noneconomic__gender_sexuality": {"precision": 1.0, "recall": 1.0, "f1-score": 1.0, "support": 20.0}, "noneconomic__health": {"precision": 1.0, "recall": 1.0, "f1-score": 1.0, "support": 2.0}, "noneconomic__nationality": {"precision": 0.9230769230769231, "recall": 0.8, "f1-score": 0.8571428571428571, "support": 15.0}, "noneconomic__place_location": {"precision": 0.5, "recall": 0.25, "f1-score": 0.3333333333333333, "support": 4.0}, "noneconomic__religion": {"precision": 0.8, "recall": 1.0, "f1-score": 0.8888888888888888, "support": 4.0}, "noneconomic__shared_values_mentalities": {"precision": 0.6521739130434783, "recall": 1.0, "f1-score": 0.7894736842105263, "support": 15.0}, "micro avg": {"precision": 0.8478260869565217, "recall": 0.8571428571428571, "f1-score": 0.8524590163934426, "support": 91.0}, "macro avg": {"precision": 0.8470488931358495, "recall": 0.7978571428571428, "f1-score": 0.7825548720285563, "support": 91.0}, "weighted avg": {"precision": 0.868081639653546, "recall": 0.8571428571428571, "f1-score": 0.8334931568014274, "support": 91.0}, "samples avg": {"precision": 0.5718654434250765, "recall": 0.5986238532110092, "f1-score": 0.5791175185670598, "support": 91.0}}