{"economic__education_level": {"precision": 1.0, "recall": 1.0, "f1-score": 1.0, "support": 1.0}, "economic__employment_status": {"precision": 0.8888888888888888, "recall": 0.8888888888888888, "f1-score": 0.8888888888888888, "support": 9.0}, "economic__income_wealth_economic_status": {"precision": 0.7142857142857143, "recall": 0.6666666666666666, "f1-score": 0.6896551724137931, "support": 15.0}, "economic__occupation_profession": {"precision": 0.5, "recall": 0.7142857142857143, "f1-score": 0.5882352941176471, "support": 7.0}, "micro avg": {"precision": 0.7058823529411765, "recall": 0.75, "f1-score": 0.7272727272727273, "support": 32.0}, "macro avg": {"precision": 0.7757936507936508, "recall": 0.8174603174603174, "f1-score": 0.7916948388550823, "support": 32.0}, "weighted avg": {"precision": 0.7254464285714286, "recall": 0.75, "f1-score": 0.7332023326572008, "support": 32.0}, "samples avg": {"precision": 0.2018348623853211, "recall": 0.21559633027522937, "f1-score": 0.20489296636085627, "support": 32.0}}