{"economic": {"precision": 0.7380952380952381, "recall": 1.0, "f1-score": 0.8493150684931506, "support": 31.0}, "noneconomic": {"precision": 0.8421052631578947, "recall": 0.927536231884058, "f1-score": 0.8827586206896552, "support": 69.0}, "micro avg": {"precision": 0.8050847457627118, "recall": 0.95, "f1-score": 0.8715596330275229, "support": 100.0}, "macro avg": {"precision": 0.7901002506265664, "recall": 0.963768115942029, "f1-score": 0.8660368445914028, "support": 100.0}, "weighted avg": {"precision": 0.8098621553884712, "recall": 0.95, "f1-score": 0.8723911195087388, "support": 100.0}, "samples avg": {"precision": 0.845360824742268, "recall": 0.9175257731958762, "f1-score": 0.865979381443299, "support": 100.0}}