{"economic": {"precision": 0.7142857142857143, "recall": 0.8571428571428571, "f1-score": 0.7792207792207793, "support": 35.0}, "noneconomic": {"precision": 0.7611940298507462, "recall": 0.9444444444444444, "f1-score": 0.8429752066115702, "support": 54.0}, "micro avg": {"precision": 0.7431192660550459, "recall": 0.9101123595505618, "f1-score": 0.8181818181818182, "support": 89.0}, "macro avg": {"precision": 0.7377398720682302, "recall": 0.9007936507936507, "f1-score": 0.8110979929161748, "support": 89.0}, "weighted avg": {"precision": 0.7427469394600034, "recall": 0.9101123595505618, "f1-score": 0.8179032407837311, "support": 89.0}, "samples avg": {"precision": 0.7446808510638298, "recall": 0.7819148936170213, "f1-score": 0.7517730496453902, "support": 89.0}}