{"noneconomic__age": {"precision": 0.8461538461538461, "recall": 0.6875, "f1-score": 0.7586206896551724, "support": 16.0}, "noneconomic__crime": {"precision": 1.0, "recall": 1.0, "f1-score": 1.0, "support": 8.0}, "noneconomic__ethnicity": {"precision": 0.7142857142857143, "recall": 0.8333333333333334, "f1-score": 0.7692307692307693, "support": 6.0}, "noneconomic__family": {"precision": 0.3333333333333333, "recall": 1.0, "f1-score": 0.5, "support": 1.0}, "noneconomic__gender_sexuality": {"precision": 1.0, "recall": 0.92, "f1-score": 0.9583333333333334, "support": 25.0}, "noneconomic__health": {"precision": 0.8, "recall": 0.5, "f1-score": 0.6153846153846154, "support": 8.0}, "noneconomic__nationality": {"precision": 0.5, "recall": 0.6666666666666666, "f1-score": 0.5714285714285714, "support": 9.0}, "noneconomic__place_location": {"precision": 1.0, "recall": 1.0, "f1-score": 1.0, "support": 2.0}, "noneconomic__religion": {"precision": 0.26666666666666666, "recall": 0.8, "f1-score": 0.4, "support": 5.0}, "noneconomic__shared_values_mentalities": {"precision": 0.9, "recall": 0.5, "f1-score": 0.6428571428571429, "support": 18.0}, "micro avg": {"precision": 0.7448979591836735, "recall": 0.7448979591836735, "f1-score": 0.7448979591836735, "support": 98.0}, "macro avg": {"precision": 0.7360439560439561, "recall": 0.79075, "f1-score": 0.7215855121889605, "support": 98.0}, "weighted avg": {"precision": 0.8325596172534948, "recall": 0.7448979591836735, "f1-score": 0.7637654246996259, "support": 98.0}, "samples avg": {"precision": 0.5045045045045045, "recall": 0.5495495495495496, "f1-score": 0.5084084084084083, "support": 98.0}}