{"noneconomic__age": {"precision": 0.9565217391304348, "recall": 0.88, "f1-score": 0.9166666666666666, "support": 25.0}, "noneconomic__crime": {"precision": 0.5, "recall": 0.6666666666666666, "f1-score": 0.5714285714285714, "support": 3.0}, "noneconomic__ethnicity": {"precision": 1.0, "recall": 1.0, "f1-score": 1.0, "support": 4.0}, "noneconomic__family": {"precision": 0.8571428571428571, "recall": 1.0, "f1-score": 0.9230769230769231, "support": 12.0}, "noneconomic__gender_sexuality": {"precision": 0.8, "recall": 0.6666666666666666, "f1-score": 0.7272727272727273, "support": 6.0}, "noneconomic__health": {"precision": 1.0, "recall": 1.0, "f1-score": 1.0, "support": 3.0}, "noneconomic__nationality": {"precision": 0.6875, "recall": 0.9166666666666666, "f1-score": 0.7857142857142857, "support": 12.0}, "noneconomic__place_location": {"precision": 1.0, "recall": 0.6666666666666666, "f1-score": 0.8, "support": 3.0}, "noneconomic__religion": {"precision": 0.75, "recall": 0.6, "f1-score": 0.6666666666666666, "support": 5.0}, "noneconomic__shared_values_mentalities": {"precision": 0.8181818181818182, "recall": 0.6428571428571429, "f1-score": 0.72, "support": 14.0}, "micro avg": {"precision": 0.8372093023255814, "recall": 0.8275862068965517, "f1-score": 0.8323699421965318, "support": 87.0}, "macro avg": {"precision": 0.836934641445511, "recall": 0.8039523809523809, "f1-score": 0.8110825840825842, "support": 87.0}, "weighted avg": {"precision": 0.8500379680289725, "recall": 0.8275862068965517, "f1-score": 0.8311886963611103, "support": 87.0}, "samples avg": {"precision": 0.5782312925170068, "recall": 0.5595238095238094, "f1-score": 0.5585034013605442, "support": 87.0}}