{"noneconomic__age": {"precision": 1.0, "recall": 0.8, "f1-score": 0.8888888888888888, "support": 10.0}, "noneconomic__crime": {"precision": 1.0, "recall": 0.5555555555555556, "f1-score": 0.7142857142857143, "support": 9.0}, "noneconomic__ethnicity": {"precision": 0.9, "recall": 1.0, "f1-score": 0.9473684210526315, "support": 9.0}, "noneconomic__family": {"precision": 1.0, "recall": 0.9411764705882353, "f1-score": 0.9696969696969697, "support": 17.0}, "noneconomic__gender_sexuality": {"precision": 1.0, "recall": 0.8888888888888888, "f1-score": 0.9411764705882353, "support": 9.0}, "noneconomic__health": {"precision": 1.0, "recall": 0.25, "f1-score": 0.4, "support": 4.0}, "noneconomic__nationality": {"precision": 0.8571428571428571, "recall": 0.631578947368421, "f1-score": 0.7272727272727273, "support": 19.0}, "noneconomic__place_location": {"precision": 1.0, "recall": 0.75, "f1-score": 0.8571428571428571, "support": 4.0}, "noneconomic__religion": {"precision": 0.75, "recall": 0.5, "f1-score": 0.6, "support": 6.0}, "noneconomic__shared_values_mentalities": {"precision": 1.0, "recall": 0.5, "f1-score": 0.6666666666666666, "support": 12.0}, "micro avg": {"precision": 0.9466666666666667, "recall": 0.7171717171717171, "f1-score": 0.8160919540229885, "support": 99.0}, "macro avg": {"precision": 0.9507142857142856, "recall": 0.68171998624011, "f1-score": 0.771249871559469, "support": 99.0}, "weighted avg": {"precision": 0.9483405483405484, "recall": 0.7171717171717171, "f1-score": 0.800464303776059, "support": 99.0}, "samples avg": {"precision": 0.5301724137931034, "recall": 0.5064655172413793, "f1-score": 0.5106321839080459, "support": 99.0}}