{"noneconomic__age": {"precision": 0.9166666666666666, "recall": 1.0, "f1-score": 0.9565217391304348, "support": 11.0}, "noneconomic__crime": {"precision": 1.0, "recall": 0.7272727272727273, "f1-score": 0.8421052631578947, "support": 11.0}, "noneconomic__ethnicity": {"precision": 0.8, "recall": 1.0, "f1-score": 0.8888888888888888, "support": 8.0}, "noneconomic__family": {"precision": 1.0, "recall": 0.75, "f1-score": 0.8571428571428571, "support": 16.0}, "noneconomic__gender_sexuality": {"precision": 1.0, "recall": 1.0, "f1-score": 1.0, "support": 27.0}, "noneconomic__health": {"precision": 1.0, "recall": 0.7142857142857143, "f1-score": 0.8333333333333334, "support": 7.0}, "noneconomic__nationality": {"precision": 0.875, "recall": 0.875, "f1-score": 0.875, "support": 16.0}, "noneconomic__place_location": {"precision": 1.0, "recall": 1.0, "f1-score": 1.0, "support": 4.0}, "noneconomic__religion": {"precision": 0.29411764705882354, "recall": 0.8333333333333334, "f1-score": 0.43478260869565216, "support": 6.0}, "noneconomic__shared_values_mentalities": {"precision": 1.0, "recall": 0.8181818181818182, "f1-score": 0.9, "support": 11.0}, "micro avg": {"precision": 0.8583333333333333, "recall": 0.8803418803418803, "f1-score": 0.869198312236287, "support": 117.0}, "macro avg": {"precision": 0.8885784313725491, "recall": 0.8718073593073592, "f1-score": 0.8587774690349061, "support": 117.0}, "weighted avg": {"precision": 0.925196916373387, "recall": 0.8803418803418803, "f1-score": 0.8884813917613307, "support": 117.0}, "samples avg": {"precision": 0.6172839506172839, "recall": 0.6617283950617283, "f1-score": 0.6298765432098765, "support": 117.0}}