{"economic__class_membership": {"precision": 0.0, "recall": 0.0, "f1-score": 0.0, "support": 0.0}, "economic__ecology_of_group": {"precision": 0.0, "recall": 0.0, "f1-score": 0.0, "support": 4.0}, "economic__education_level": {"precision": 1.0, "recall": 0.6666666666666666, "f1-score": 0.8, "support": 3.0}, "economic__employment_status": {"precision": 1.0, "recall": 1.0, "f1-score": 1.0, "support": 2.0}, "economic__income_wealth_economic_status": {"precision": 0.4444444444444444, "recall": 0.8, "f1-score": 0.5714285714285714, "support": 5.0}, "economic__occupation_profession": {"precision": 0.7692307692307693, "recall": 0.625, "f1-score": 0.6896551724137931, "support": 16.0}, "micro avg": {"precision": 0.6923076923076923, "recall": 0.6, "f1-score": 0.6428571428571429, "support": 30.0}, "macro avg": {"precision": 0.5356125356125356, "recall": 0.5152777777777778, "f1-score": 0.5101806239737274, "support": 30.0}, "weighted avg": {"precision": 0.650997150997151, "recall": 0.6, "f1-score": 0.6097208538587849, "support": 30.0}, "samples avg": {"precision": 0.1875, "recall": 0.20454545454545456, "f1-score": 0.19318181818181818, "support": 30.0}}