{"economic__education_level": {"precision": 1.0, "recall": 0.6, "f1-score": 0.75, "support": 5.0}, "economic__employment_status": {"precision": 1.0, "recall": 1.0, "f1-score": 1.0, "support": 4.0}, "economic__income_wealth_economic_status": {"precision": 0.7142857142857143, "recall": 0.45454545454545453, "f1-score": 0.5555555555555556, "support": 11.0}, "economic__occupation_profession": {"precision": 0.7894736842105263, "recall": 0.9375, "f1-score": 0.8571428571428571, "support": 16.0}, "micro avg": {"precision": 0.8181818181818182, "recall": 0.75, "f1-score": 0.782608695652174, "support": 36.0}, "macro avg": {"precision": 0.8759398496240602, "recall": 0.7480113636363637, "f1-score": 0.7906746031746031, "support": 36.0}, "weighted avg": {"precision": 0.8191311612364244, "recall": 0.75, "f1-score": 0.7659832451499118, "support": 36.0}, "samples avg": {"precision": 0.27647058823529413, "recall": 0.29411764705882354, "f1-score": 0.2823529411764706, "support": 36.0}}