{"economic": {"precision": 0.8333333333333334, "recall": 0.8620689655172413, "f1-score": 0.847457627118644, "support": 29.0}, "noneconomic": {"precision": 0.8985507246376812, "recall": 0.9538461538461539, "f1-score": 0.9253731343283582, "support": 65.0}, "micro avg": {"precision": 0.8787878787878788, "recall": 0.925531914893617, "f1-score": 0.9015544041450777, "support": 94.0}, "macro avg": {"precision": 0.8659420289855073, "recall": 0.9079575596816976, "f1-score": 0.8864153807235011, "support": 94.0}, "weighted avg": {"precision": 0.8784304656182547, "recall": 0.925531914893617, "f1-score": 0.9013353714657868, "support": 94.0}, "samples avg": {"precision": 0.8316326530612245, "recall": 0.8622448979591837, "f1-score": 0.8401360544217688, "support": 94.0}}