{"noneconomic__age": {"precision": 1.0, "recall": 0.5, "f1-score": 0.6666666666666666, "support": 6.0}, "noneconomic__crime": {"precision": 0.8333333333333334, "recall": 1.0, "f1-score": 0.9090909090909091, "support": 5.0}, "noneconomic__ethnicity": {"precision": 0.0, "recall": 0.0, "f1-score": 0.0, "support": 0.0}, "noneconomic__family": {"precision": 0.8333333333333334, "recall": 0.9090909090909091, "f1-score": 0.8695652173913043, "support": 11.0}, "noneconomic__gender_sexuality": {"precision": 0.75, "recall": 0.8571428571428571, "f1-score": 0.8, "support": 7.0}, "noneconomic__health": {"precision": 1.0, "recall": 0.75, "f1-score": 0.8571428571428571, "support": 4.0}, "noneconomic__nationality": {"precision": 0.7692307692307693, "recall": 1.0, "f1-score": 0.8695652173913043, "support": 10.0}, "noneconomic__place_location": {"precision": 0.3333333333333333, "recall": 0.16666666666666666, "f1-score": 0.2222222222222222, "support": 6.0}, "noneconomic__religion": {"precision": 0.0, "recall": 0.0, "f1-score": 0.0, "support": 0.0}, "noneconomic__shared_values_mentalities": {"precision": 0.8666666666666667, "recall": 0.5652173913043478, "f1-score": 0.6842105263157895, "support": 23.0}, "micro avg": {"precision": 0.7846153846153846, "recall": 0.7083333333333334, "f1-score": 0.7445255474452555, "support": 72.0}, "macro avg": {"precision": 0.6385897435897437, "recall": 0.574811782420478, "f1-score": 0.5878463616221052, "support": 72.0}, "weighted avg": {"precision": 0.8084579772079772, "recall": 0.7083333333333334, "f1-score": 0.734792652469998, "support": 72.0}, "samples avg": {"precision": 0.5454545454545454, "recall": 0.5454545454545454, "f1-score": 0.5340909090909091, "support": 72.0}}