{"noneconomic__age": {"precision": 0.5714285714285714, "recall": 1.0, "f1-score": 0.7272727272727273, "support": 4.0}, "noneconomic__crime": {"precision": 0.8, "recall": 0.7272727272727273, "f1-score": 0.7619047619047619, "support": 11.0}, "noneconomic__ethnicity": {"precision": 0.21428571428571427, "recall": 0.75, "f1-score": 0.3333333333333333, "support": 4.0}, "noneconomic__family": {"precision": 0.75, "recall": 0.75, "f1-score": 0.75, "support": 4.0}, "noneconomic__gender_sexuality": {"precision": 1.0, "recall": 0.9545454545454546, "f1-score": 0.9767441860465116, "support": 22.0}, "noneconomic__health": {"precision": 1.0, "recall": 0.8, "f1-score": 0.8888888888888888, "support": 5.0}, "noneconomic__nationality": {"precision": 0.75, "recall": 0.6666666666666666, "f1-score": 0.7058823529411765, "support": 9.0}, "noneconomic__place_location": {"precision": 1.0, "recall": 0.16666666666666666, "f1-score": 0.2857142857142857, "support": 6.0}, "noneconomic__religion": {"precision": 0.2857142857142857, "recall": 0.8, "f1-score": 0.42105263157894735, "support": 5.0}, "noneconomic__shared_values_mentalities": {"precision": 0.8181818181818182, "recall": 0.9, "f1-score": 0.8571428571428571, "support": 10.0}, "micro avg": {"precision": 0.6702127659574468, "recall": 0.7875, "f1-score": 0.7241379310344828, "support": 80.0}, "macro avg": {"precision": 0.7189610389610389, "recall": 0.7515151515151516, "f1-score": 0.6707936024823489, "support": 80.0}, "weighted avg": {"precision": 0.8037905844155844, "recall": 0.7875, "f1-score": 0.7537513972615492, "support": 80.0}, "samples avg": {"precision": 0.4982817869415807, "recall": 0.5687285223367697, "f1-score": 0.5109965635738831, "support": 80.0}}