{"economic__education_level": {"precision": 0.6666666666666666, "recall": 1.0, "f1-score": 0.8, "support": 4.0}, "economic__employment_status": {"precision": 1.0, "recall": 1.0, "f1-score": 1.0, "support": 2.0}, "economic__income_wealth_economic_status": {"precision": 1.0, "recall": 0.5, "f1-score": 0.6666666666666666, "support": 8.0}, "economic__occupation_profession": {"precision": 1.0, "recall": 0.6666666666666666, "f1-score": 0.8, "support": 24.0}, "micro avg": {"precision": 0.9285714285714286, "recall": 0.6842105263157895, "f1-score": 0.7878787878787878, "support": 38.0}, "macro avg": {"precision": 0.9166666666666666, "recall": 0.7916666666666666, "f1-score": 0.8166666666666667, "support": 38.0}, "weighted avg": {"precision": 0.9649122807017543, "recall": 0.6842105263157895, "f1-score": 0.7824561403508772, "support": 38.0}, "samples avg": {"precision": 0.23423423423423423, "recall": 0.22972972972972974, "f1-score": 0.2312312312312312, "support": 38.0}}