{"noneconomic__age": {"precision": 0.9583333333333334, "recall": 0.92, "f1-score": 0.9387755102040817, "support": 25.0}, "noneconomic__crime": {"precision": 1.0, "recall": 1.0, "f1-score": 1.0, "support": 3.0}, "noneconomic__ethnicity": {"precision": 0.8, "recall": 1.0, "f1-score": 0.8888888888888888, "support": 4.0}, "noneconomic__family": {"precision": 0.9, "recall": 0.75, "f1-score": 0.8181818181818182, "support": 12.0}, "noneconomic__gender_sexuality": {"precision": 0.8333333333333334, "recall": 0.8333333333333334, "f1-score": 0.8333333333333334, "support": 6.0}, "noneconomic__health": {"precision": 1.0, "recall": 0.6666666666666666, "f1-score": 0.8, "support": 3.0}, "noneconomic__nationality": {"precision": 0.6470588235294118, "recall": 0.9166666666666666, "f1-score": 0.7586206896551724, "support": 12.0}, "noneconomic__place_location": {"precision": 0.2857142857142857, "recall": 0.6666666666666666, "f1-score": 0.4, "support": 3.0}, "noneconomic__religion": {"precision": 1.0, "recall": 1.0, "f1-score": 1.0, "support": 5.0}, "noneconomic__shared_values_mentalities": {"precision": 0.9090909090909091, "recall": 0.7142857142857143, "f1-score": 0.8, "support": 14.0}, "micro avg": {"precision": 0.8222222222222222, "recall": 0.8505747126436781, "f1-score": 0.8361581920903954, "support": 87.0}, "macro avg": {"precision": 0.8333530685001274, "recall": 0.8467619047619047, "f1-score": 0.8237800240263295, "support": 87.0}, "weighted avg": {"precision": 0.8656029287368029, "recall": 0.8505747126436781, "f1-score": 0.8476617632724308, "support": 87.0}, "samples avg": {"precision": 0.5467687074829931, "recall": 0.5578231292517006, "f1-score": 0.5441205053449951, "support": 87.0}}