{"economic": {"precision": 0.7058823529411765, "recall": 0.7741935483870968, "f1-score": 0.7384615384615385, "support": 31.0}, "noneconomic": {"precision": 0.8928571428571429, "recall": 0.974025974025974, "f1-score": 0.9316770186335404, "support": 77.0}, "micro avg": {"precision": 0.8389830508474576, "recall": 0.9166666666666666, "f1-score": 0.8761061946902655, "support": 108.0}, "macro avg": {"precision": 0.7993697478991597, "recall": 0.8741097612065354, "f1-score": 0.8350692785475394, "support": 108.0}, "weighted avg": {"precision": 0.8391884531590413, "recall": 0.9166666666666666, "f1-score": 0.8762170196952807, "support": 108.0}, "samples avg": {"precision": 0.8211009174311926, "recall": 0.8715596330275229, "f1-score": 0.8348623853211009, "support": 108.0}}