{"economic__class_membership": {"precision": 0.0, "recall": 0.0, "f1-score": 0.0, "support": 0.0}, "economic__ecology_of_group": {"precision": 1.0, "recall": 0.25, "f1-score": 0.4, "support": 4.0}, "economic__education_level": {"precision": 1.0, "recall": 1.0, "f1-score": 1.0, "support": 3.0}, "economic__employment_status": {"precision": 1.0, "recall": 1.0, "f1-score": 1.0, "support": 2.0}, "economic__income_wealth_economic_status": {"precision": 0.6, "recall": 0.6, "f1-score": 0.6, "support": 5.0}, "economic__occupation_profession": {"precision": 0.875, "recall": 0.875, "f1-score": 0.875, "support": 16.0}, "micro avg": {"precision": 0.8214285714285714, "recall": 0.7666666666666667, "f1-score": 0.7931034482758621, "support": 30.0}, "macro avg": {"precision": 0.7458333333333332, "recall": 0.6208333333333333, "f1-score": 0.6458333333333334, "support": 30.0}, "weighted avg": {"precision": 0.8666666666666667, "recall": 0.7666666666666667, "f1-score": 0.7866666666666667, "support": 30.0}, "samples avg": {"precision": 0.2556818181818182, "recall": 0.2556818181818182, "f1-score": 0.2537878787878788, "support": 30.0}}