{"noneconomic__age": {"precision": 1.0, "recall": 0.6875, "f1-score": 0.8148148148148148, "support": 16.0}, "noneconomic__crime": {"precision": 1.0, "recall": 0.875, "f1-score": 0.9333333333333333, "support": 8.0}, "noneconomic__ethnicity": {"precision": 0.8333333333333334, "recall": 0.8333333333333334, "f1-score": 0.8333333333333334, "support": 6.0}, "noneconomic__family": {"precision": 0.3333333333333333, "recall": 1.0, "f1-score": 0.5, "support": 1.0}, "noneconomic__gender_sexuality": {"precision": 1.0, "recall": 0.92, "f1-score": 0.9583333333333334, "support": 25.0}, "noneconomic__health": {"precision": 0.8333333333333334, "recall": 0.625, "f1-score": 0.7142857142857143, "support": 8.0}, "noneconomic__nationality": {"precision": 0.7, "recall": 0.7777777777777778, "f1-score": 0.7368421052631579, "support": 9.0}, "noneconomic__place_location": {"precision": 0.0, "recall": 0.0, "f1-score": 0.0, "support": 2.0}, "noneconomic__religion": {"precision": 1.0, "recall": 0.8, "f1-score": 0.8888888888888888, "support": 5.0}, "noneconomic__shared_values_mentalities": {"precision": 0.7692307692307693, "recall": 0.5555555555555556, "f1-score": 0.6451612903225806, "support": 18.0}, "micro avg": {"precision": 0.8795180722891566, "recall": 0.7448979591836735, "f1-score": 0.8066298342541437, "support": 98.0}, "macro avg": {"precision": 0.7469230769230769, "recall": 0.7074166666666666, "f1-score": 0.7024992813575157, "support": 98.0}, "weighted avg": {"precision": 0.8790423861852433, "recall": 0.7448979591836735, "f1-score": 0.7996454017238985, "support": 98.0}, "samples avg": {"precision": 0.5765765765765766, "recall": 0.5600600600600601, "f1-score": 0.5582582582582583, "support": 98.0}}