{"noneconomic__age": {"precision": 0.9523809523809523, "recall": 0.8, "f1-score": 0.8695652173913043, "support": 25.0}, "noneconomic__crime": {"precision": 1.0, "recall": 0.6666666666666666, "f1-score": 0.8, "support": 3.0}, "noneconomic__ethnicity": {"precision": 1.0, "recall": 1.0, "f1-score": 1.0, "support": 4.0}, "noneconomic__family": {"precision": 0.9230769230769231, "recall": 1.0, "f1-score": 0.96, "support": 12.0}, "noneconomic__gender_sexuality": {"precision": 1.0, "recall": 1.0, "f1-score": 1.0, "support": 6.0}, "noneconomic__health": {"precision": 1.0, "recall": 0.6666666666666666, "f1-score": 0.8, "support": 3.0}, "noneconomic__nationality": {"precision": 1.0, "recall": 0.75, "f1-score": 0.8571428571428571, "support": 12.0}, "noneconomic__place_location": {"precision": 1.0, "recall": 0.3333333333333333, "f1-score": 0.5, "support": 3.0}, "noneconomic__religion": {"precision": 0.8, "recall": 0.8, "f1-score": 0.8, "support": 5.0}, "noneconomic__shared_values_mentalities": {"precision": 0.7857142857142857, "recall": 0.7857142857142857, "f1-score": 0.7857142857142857, "support": 14.0}, "micro avg": {"precision": 0.922077922077922, "recall": 0.8160919540229885, "f1-score": 0.8658536585365854, "support": 87.0}, "macro avg": {"precision": 0.9461172161172163, "recall": 0.7802380952380952, "f1-score": 0.8372422360248448, "support": 87.0}, "weighted avg": {"precision": 0.9297292745568608, "recall": 0.8160919540229885, "f1-score": 0.8602855714999643, "support": 87.0}, "samples avg": {"precision": 0.5408163265306123, "recall": 0.5408163265306123, "f1-score": 0.5340136054421769, "support": 87.0}}