{"economic": {"precision": 0.6551724137931034, "recall": 0.6551724137931034, "f1-score": 0.6551724137931034, "support": 29.0}, "noneconomic": {"precision": 0.8955223880597015, "recall": 0.9090909090909091, "f1-score": 0.9022556390977443, "support": 66.0}, "micro avg": {"precision": 0.8229166666666666, "recall": 0.8315789473684211, "f1-score": 0.8272251308900523, "support": 95.0}, "macro avg": {"precision": 0.7753474009264025, "recall": 0.7821316614420062, "f1-score": 0.7787140264454239, "support": 95.0}, "weighted avg": {"precision": 0.822152395915161, "recall": 0.8315789473684211, "f1-score": 0.8268302334784329, "support": 95.0}, "samples avg": {"precision": 0.8295454545454546, "recall": 0.8181818181818182, "f1-score": 0.8068181818181818, "support": 95.0}}