{"economic": {"precision": 0.675, "recall": 0.7941176470588235, "f1-score": 0.7297297297297297, "support": 34.0}, "noneconomic": {"precision": 0.7454545454545455, "recall": 0.82, "f1-score": 0.780952380952381, "support": 50.0}, "micro avg": {"precision": 0.7157894736842105, "recall": 0.8095238095238095, "f1-score": 0.7597765363128491, "support": 84.0}, "macro avg": {"precision": 0.7102272727272727, "recall": 0.8070588235294117, "f1-score": 0.7553410553410553, "support": 84.0}, "weighted avg": {"precision": 0.7169372294372295, "recall": 0.8095238095238095, "f1-score": 0.7602194030765459, "support": 84.0}, "samples avg": {"precision": 0.7411764705882353, "recall": 0.7764705882352941, "f1-score": 0.7450980392156862, "support": 84.0}}