{"economic": {"precision": 0.8787878787878788, "recall": 0.8285714285714286, "f1-score": 0.8529411764705882, "support": 35.0}, "noneconomic": {"precision": 0.85, "recall": 0.9444444444444444, "f1-score": 0.8947368421052632, "support": 54.0}, "micro avg": {"precision": 0.8602150537634409, "recall": 0.898876404494382, "f1-score": 0.8791208791208791, "support": 89.0}, "macro avg": {"precision": 0.8643939393939394, "recall": 0.8865079365079365, "f1-score": 0.8738390092879257, "support": 89.0}, "weighted avg": {"precision": 0.8613210759278175, "recall": 0.898876404494382, "f1-score": 0.8783003443837618, "support": 89.0}, "samples avg": {"precision": 0.75, "recall": 0.7819148936170213, "f1-score": 0.7553191489361702, "support": 89.0}}