{"noneconomic__age": {"precision": 0.9285714285714286, "recall": 0.9285714285714286, "f1-score": 0.9285714285714286, "support": 14.0}, "noneconomic__crime": {"precision": 1.0, "recall": 0.5, "f1-score": 0.6666666666666666, "support": 6.0}, "noneconomic__ethnicity": {"precision": 0.7142857142857143, "recall": 1.0, "f1-score": 0.8333333333333334, "support": 5.0}, "noneconomic__family": {"precision": 0.8, "recall": 0.6666666666666666, "f1-score": 0.7272727272727273, "support": 6.0}, "noneconomic__gender_sexuality": {"precision": 1.0, "recall": 0.9, "f1-score": 0.9473684210526315, "support": 20.0}, "noneconomic__health": {"precision": 1.0, "recall": 1.0, "f1-score": 1.0, "support": 2.0}, "noneconomic__nationality": {"precision": 0.9285714285714286, "recall": 0.8666666666666667, "f1-score": 0.896551724137931, "support": 15.0}, "noneconomic__place_location": {"precision": 1.0, "recall": 0.25, "f1-score": 0.4, "support": 4.0}, "noneconomic__religion": {"precision": 0.5714285714285714, "recall": 1.0, "f1-score": 0.7272727272727273, "support": 4.0}, "noneconomic__shared_values_mentalities": {"precision": 0.6111111111111112, "recall": 0.7333333333333333, "f1-score": 0.6666666666666666, "support": 15.0}, "micro avg": {"precision": 0.8314606741573034, "recall": 0.8131868131868132, "f1-score": 0.8222222222222222, "support": 91.0}, "macro avg": {"precision": 0.8553968253968254, "recall": 0.7845238095238095, "f1-score": 0.7793703694974112, "support": 91.0}, "weighted avg": {"precision": 0.8654107796964943, "recall": 0.8131868131868132, "f1-score": 0.8179674529946761, "support": 91.0}, "samples avg": {"precision": 0.5779816513761469, "recall": 0.5848623853211009, "f1-score": 0.5702490170380078, "support": 91.0}}