{"economic": {"precision": 0.8157894736842105, "recall": 0.9393939393939394, "f1-score": 0.8732394366197183, "support": 33.0}, "noneconomic": {"precision": 0.8979591836734694, "recall": 0.9166666666666666, "f1-score": 0.9072164948453608, "support": 48.0}, "micro avg": {"precision": 0.8620689655172413, "recall": 0.9259259259259259, "f1-score": 0.8928571428571429, "support": 81.0}, "macro avg": {"precision": 0.85687432867884, "recall": 0.928030303030303, "f1-score": 0.8902279657325396, "support": 81.0}, "weighted avg": {"precision": 0.8644826351593268, "recall": 0.9259259259259259, "f1-score": 0.8933739896423213, "support": 81.0}, "samples avg": {"precision": 0.81875, "recall": 0.8625, "f1-score": 0.8291666666666666, "support": 81.0}}