{"economic__education_level": {"precision": 0.6666666666666666, "recall": 1.0, "f1-score": 0.8, "support": 2.0}, "economic__employment_status": {"precision": 0.6666666666666666, "recall": 1.0, "f1-score": 0.8, "support": 2.0}, "economic__income_wealth_economic_status": {"precision": 0.8571428571428571, "recall": 0.7058823529411765, "f1-score": 0.7741935483870968, "support": 17.0}, "economic__occupation_profession": {"precision": 0.7692307692307693, "recall": 0.7407407407407407, "f1-score": 0.7547169811320755, "support": 27.0}, "micro avg": {"precision": 0.782608695652174, "recall": 0.75, "f1-score": 0.7659574468085106, "support": 48.0}, "macro avg": {"precision": 0.7399267399267399, "recall": 0.8616557734204793, "f1-score": 0.782227632379793, "support": 48.0}, "weighted avg": {"precision": 0.7918192918192918, "recall": 0.75, "f1-score": 0.7653885169405559, "support": 48.0}, "samples avg": {"precision": 0.26717557251908397, "recall": 0.27099236641221375, "f1-score": 0.26717557251908397, "support": 48.0}}