{"economic__class_membership": {"precision": 0.6, "recall": 0.375, "f1-score": 0.46153846153846156, "support": 8.0}, "economic__ecology_of_group": {"precision": 0.5, "recall": 0.6666666666666666, "f1-score": 0.5714285714285714, "support": 3.0}, "economic__education_level": {"precision": 0.3333333333333333, "recall": 1.0, "f1-score": 0.5, "support": 1.0}, "economic__employment_status": {"precision": 0.75, "recall": 1.0, "f1-score": 0.8571428571428571, "support": 3.0}, "economic__income_wealth_economic_status": {"precision": 0.8, "recall": 0.6666666666666666, "f1-score": 0.7272727272727273, "support": 6.0}, "economic__occupation_profession": {"precision": 0.95, "recall": 0.6551724137931034, "f1-score": 0.7755102040816326, "support": 29.0}, "micro avg": {"precision": 0.7804878048780488, "recall": 0.64, "f1-score": 0.7032967032967034, "support": 50.0}, "macro avg": {"precision": 0.6555555555555556, "recall": 0.7272509578544061, "f1-score": 0.6488154702440416, "support": 50.0}, "weighted avg": {"precision": 0.8246666666666667, "recall": 0.64, "f1-score": 0.7066290852005137, "support": 50.0}, "samples avg": {"precision": 0.2644230769230769, "recall": 0.27724358974358976, "f1-score": 0.2644230769230769, "support": 50.0}}