{"economic__class_membership": {"precision": 0.0, "recall": 0.0, "f1-score": 0.0, "support": 5.0}, "economic__ecology_of_group": {"precision": 1.0, "recall": 0.3333333333333333, "f1-score": 0.5, "support": 3.0}, "economic__education_level": {"precision": 1.0, "recall": 1.0, "f1-score": 1.0, "support": 3.0}, "economic__employment_status": {"precision": 0.75, "recall": 0.6, "f1-score": 0.6666666666666666, "support": 5.0}, "economic__income_wealth_economic_status": {"precision": 0.8888888888888888, "recall": 0.8, "f1-score": 0.8421052631578947, "support": 10.0}, "economic__occupation_profession": {"precision": 0.9, "recall": 0.75, "f1-score": 0.8181818181818182, "support": 12.0}, "micro avg": {"precision": 0.8, "recall": 0.631578947368421, "f1-score": 0.7058823529411765, "support": 38.0}, "macro avg": {"precision": 0.7564814814814814, "recall": 0.5805555555555556, "f1-score": 0.63782562466773, "support": 38.0}, "weighted avg": {"precision": 0.7747076023391813, "recall": 0.631578947368421, "f1-score": 0.6861202048182659, "support": 38.0}, "samples avg": {"precision": 0.2695473251028807, "recall": 0.2654320987654321, "f1-score": 0.2613168724279835, "support": 38.0}}