{"noneconomic__age": {"precision": 0.9090909090909091, "recall": 0.8333333333333334, "f1-score": 0.8695652173913043, "support": 12.0}, "noneconomic__crime": {"precision": 1.0, "recall": 1.0, "f1-score": 1.0, "support": 3.0}, "noneconomic__ethnicity": {"precision": 0.5, "recall": 1.0, "f1-score": 0.6666666666666666, "support": 1.0}, "noneconomic__family": {"precision": 1.0, "recall": 0.8, "f1-score": 0.8888888888888888, "support": 5.0}, "noneconomic__gender_sexuality": {"precision": 0.5, "recall": 0.5, "f1-score": 0.5, "support": 2.0}, "noneconomic__health": {"precision": 0.0, "recall": 0.0, "f1-score": 0.0, "support": 1.0}, "noneconomic__nationality": {"precision": 1.0, "recall": 0.5882352941176471, "f1-score": 0.7407407407407407, "support": 17.0}, "noneconomic__place_location": {"precision": 1.0, "recall": 1.0, "f1-score": 1.0, "support": 2.0}, "noneconomic__religion": {"precision": 0.0, "recall": 0.0, "f1-score": 0.0, "support": 0.0}, "noneconomic__shared_values_mentalities": {"precision": 0.875, "recall": 0.6666666666666666, "f1-score": 0.7567567567567568, "support": 21.0}, "micro avg": {"precision": 0.8823529411764706, "recall": 0.703125, "f1-score": 0.782608695652174, "support": 64.0}, "macro avg": {"precision": 0.678409090909091, "recall": 0.6388235294117648, "f1-score": 0.6422618270444358, "support": 64.0}, "weighted avg": {"precision": 0.9028764204545454, "recall": 0.703125, "f1-score": 0.7817246594420507, "support": 64.0}, "samples avg": {"precision": 0.4273049645390071, "recall": 0.41666666666666674, "f1-score": 0.4145390070921986, "support": 64.0}}