{"economic__education_level": {"precision": 0.2, "recall": 1.0, "f1-score": 0.3333333333333333, "support": 1.0}, "economic__employment_status": {"precision": 0.9, "recall": 1.0, "f1-score": 0.9473684210526315, "support": 9.0}, "economic__income_wealth_economic_status": {"precision": 0.75, "recall": 0.6, "f1-score": 0.6666666666666666, "support": 15.0}, "economic__occupation_profession": {"precision": 0.2777777777777778, "recall": 0.7142857142857143, "f1-score": 0.4, "support": 7.0}, "micro avg": {"precision": 0.5333333333333333, "recall": 0.75, "f1-score": 0.6233766233766234, "support": 32.0}, "macro avg": {"precision": 0.5319444444444444, "recall": 0.8285714285714286, "f1-score": 0.5868421052631578, "support": 32.0}, "weighted avg": {"precision": 0.6717013888888888, "recall": 0.75, "f1-score": 0.6768640350877193, "support": 32.0}, "samples avg": {"precision": 0.18807339449541285, "recall": 0.21559633027522937, "f1-score": 0.19571865443425077, "support": 32.0}}