{"economic": {"precision": 0.6458333333333334, "recall": 0.9393939393939394, "f1-score": 0.7654320987654321, "support": 33.0}, "noneconomic": {"precision": 0.7916666666666666, "recall": 0.7916666666666666, "f1-score": 0.7916666666666666, "support": 48.0}, "micro avg": {"precision": 0.71875, "recall": 0.8518518518518519, "f1-score": 0.7796610169491526, "support": 81.0}, "macro avg": {"precision": 0.71875, "recall": 0.865530303030303, "f1-score": 0.7785493827160493, "support": 81.0}, "weighted avg": {"precision": 0.7322530864197531, "recall": 0.8518518518518519, "f1-score": 0.780978509373571, "support": 81.0}, "samples avg": {"precision": 0.725, "recall": 0.79375, "f1-score": 0.7416666666666667, "support": 81.0}}