{"economic__education_level": {"precision": 0.5, "recall": 0.3333333333333333, "f1-score": 0.4, "support": 3.0}, "economic__employment_status": {"precision": 0.625, "recall": 0.5, "f1-score": 0.5555555555555556, "support": 10.0}, "economic__income_wealth_economic_status": {"precision": 0.5, "recall": 0.6, "f1-score": 0.5454545454545454, "support": 5.0}, "economic__occupation_profession": {"precision": 0.5, "recall": 0.47368421052631576, "f1-score": 0.4864864864864865, "support": 19.0}, "micro avg": {"precision": 0.5294117647058824, "recall": 0.4864864864864865, "f1-score": 0.5070422535211268, "support": 37.0}, "macro avg": {"precision": 0.53125, "recall": 0.4767543859649122, "f1-score": 0.4968741468741469, "support": 37.0}, "weighted avg": {"precision": 0.5337837837837838, "recall": 0.4864864864864865, "f1-score": 0.5061100412451764, "support": 37.0}, "samples avg": {"precision": 0.17316017316017315, "recall": 0.22077922077922077, "f1-score": 0.1883116883116883, "support": 37.0}}