{"economic__class_membership": {"precision": 0.0, "recall": 0.0, "f1-score": 0.0, "support": 0.0}, "economic__ecology_of_group": {"precision": 0.0, "recall": 0.0, "f1-score": 0.0, "support": 3.0}, "economic__education_level": {"precision": 1.0, "recall": 0.8333333333333334, "f1-score": 0.9090909090909091, "support": 6.0}, "economic__employment_status": {"precision": 0.6666666666666666, "recall": 0.5, "f1-score": 0.5714285714285714, "support": 4.0}, "economic__income_wealth_economic_status": {"precision": 0.8, "recall": 0.5714285714285714, "f1-score": 0.6666666666666666, "support": 7.0}, "economic__occupation_profession": {"precision": 0.7272727272727273, "recall": 0.5, "f1-score": 0.5925925925925926, "support": 16.0}, "micro avg": {"precision": 0.7037037037037037, "recall": 0.5277777777777778, "f1-score": 0.6031746031746031, "support": 36.0}, "macro avg": {"precision": 0.5323232323232324, "recall": 0.40079365079365087, "f1-score": 0.45662978996312326, "support": 36.0}, "weighted avg": {"precision": 0.7195286195286195, "recall": 0.5277777777777778, "f1-score": 0.6080113302335524, "support": 36.0}, "samples avg": {"precision": 0.2, "recall": 0.225, "f1-score": 0.20416666666666666, "support": 36.0}}