{"economic__class_membership": {"precision": 0.0, "recall": 0.0, "f1-score": 0.0, "support": 0.0}, "economic__ecology_of_group": {"precision": 0.0, "recall": 0.0, "f1-score": 0.0, "support": 3.0}, "economic__education_level": {"precision": 0.8, "recall": 0.6666666666666666, "f1-score": 0.7272727272727273, "support": 6.0}, "economic__employment_status": {"precision": 0.8, "recall": 1.0, "f1-score": 0.8888888888888888, "support": 4.0}, "economic__income_wealth_economic_status": {"precision": 0.75, "recall": 0.8571428571428571, "f1-score": 0.8, "support": 7.0}, "economic__occupation_profession": {"precision": 0.42857142857142855, "recall": 0.1875, "f1-score": 0.2608695652173913, "support": 16.0}, "micro avg": {"precision": 0.5151515151515151, "recall": 0.4722222222222222, "f1-score": 0.4927536231884058, "support": 36.0}, "macro avg": {"precision": 0.46309523809523806, "recall": 0.45188492063492064, "f1-score": 0.4461718635631679, "support": 36.0}, "weighted avg": {"precision": 0.558531746031746, "recall": 0.4722222222222222, "f1-score": 0.49147513785194946, "support": 36.0}, "samples avg": {"precision": 0.16875, "recall": 0.20625, "f1-score": 0.17916666666666664, "support": 36.0}}