{"economic__education_level": {"precision": 0.0, "recall": 0.0, "f1-score": 0.0, "support": 1.0}, "economic__employment_status": {"precision": 1.0, "recall": 0.7777777777777778, "f1-score": 0.875, "support": 9.0}, "economic__income_wealth_economic_status": {"precision": 0.8888888888888888, "recall": 0.5333333333333333, "f1-score": 0.6666666666666666, "support": 15.0}, "economic__occupation_profession": {"precision": 0.3076923076923077, "recall": 0.5714285714285714, "f1-score": 0.4, "support": 7.0}, "micro avg": {"precision": 0.6551724137931034, "recall": 0.59375, "f1-score": 0.6229508196721312, "support": 32.0}, "macro avg": {"precision": 0.5491452991452992, "recall": 0.47063492063492063, "f1-score": 0.4854166666666666, "support": 32.0}, "weighted avg": {"precision": 0.7652243589743589, "recall": 0.59375, "f1-score": 0.64609375, "support": 32.0}, "samples avg": {"precision": 0.14678899082568808, "recall": 0.16972477064220184, "f1-score": 0.1529051987767584, "support": 32.0}}