{"noneconomic__age": {"precision": 1.0, "recall": 0.8571428571428571, "f1-score": 0.9230769230769231, "support": 14.0}, "noneconomic__crime": {"precision": 1.0, "recall": 0.8333333333333334, "f1-score": 0.9090909090909091, "support": 6.0}, "noneconomic__ethnicity": {"precision": 0.7142857142857143, "recall": 1.0, "f1-score": 0.8333333333333334, "support": 5.0}, "noneconomic__family": {"precision": 0.8333333333333334, "recall": 0.8333333333333334, "f1-score": 0.8333333333333334, "support": 6.0}, "noneconomic__gender_sexuality": {"precision": 0.95, "recall": 0.95, "f1-score": 0.95, "support": 20.0}, "noneconomic__health": {"precision": 0.6666666666666666, "recall": 1.0, "f1-score": 0.8, "support": 2.0}, "noneconomic__nationality": {"precision": 0.8235294117647058, "recall": 0.9333333333333333, "f1-score": 0.875, "support": 15.0}, "noneconomic__place_location": {"precision": 0.5, "recall": 0.5, "f1-score": 0.5, "support": 4.0}, "noneconomic__religion": {"precision": 0.6, "recall": 0.75, "f1-score": 0.6666666666666666, "support": 4.0}, "noneconomic__shared_values_mentalities": {"precision": 0.9285714285714286, "recall": 0.8666666666666667, "f1-score": 0.896551724137931, "support": 15.0}, "micro avg": {"precision": 0.8602150537634409, "recall": 0.8791208791208791, "f1-score": 0.8695652173913043, "support": 91.0}, "macro avg": {"precision": 0.8016386554621848, "recall": 0.8523809523809524, "f1-score": 0.8187052889639096, "support": 91.0}, "weighted avg": {"precision": 0.8745744451626806, "recall": 0.8791208791208791, "f1-score": 0.8723541931101613, "support": 91.0}, "samples avg": {"precision": 0.6376146788990825, "recall": 0.6444954128440367, "f1-score": 0.6329401485364787, "support": 91.0}}