{"economic": {"precision": 0.6521739130434783, "recall": 0.8108108108108109, "f1-score": 0.7228915662650602, "support": 37.0}, "noneconomic": {"precision": 0.8961038961038961, "recall": 0.8961038961038961, "f1-score": 0.8961038961038961, "support": 77.0}, "micro avg": {"precision": 0.8048780487804879, "recall": 0.868421052631579, "f1-score": 0.8354430379746836, "support": 114.0}, "macro avg": {"precision": 0.7741389045736872, "recall": 0.8534573534573535, "f1-score": 0.8094977311844782, "support": 114.0}, "weighted avg": {"precision": 0.8169336384439359, "recall": 0.868421052631579, "f1-score": 0.8398858592263792, "support": 114.0}, "samples avg": {"precision": 0.7837837837837838, "recall": 0.8333333333333334, "f1-score": 0.7927927927927928, "support": 114.0}}