{"economic": {"precision": 0.7368421052631579, "recall": 0.8235294117647058, "f1-score": 0.7777777777777778, "support": 34.0}, "noneconomic": {"precision": 0.8, "recall": 0.8181818181818182, "f1-score": 0.8089887640449438, "support": 44.0}, "micro avg": {"precision": 0.7710843373493976, "recall": 0.8205128205128205, "f1-score": 0.7950310559006211, "support": 78.0}, "macro avg": {"precision": 0.7684210526315789, "recall": 0.820855614973262, "f1-score": 0.7933832709113608, "support": 78.0}, "weighted avg": {"precision": 0.7724696356275305, "recall": 0.8205128205128205, "f1-score": 0.7953839751592562, "support": 78.0}, "samples avg": {"precision": 0.7037037037037037, "recall": 0.7222222222222222, "f1-score": 0.7037037037037037, "support": 78.0}}