{"economic__class_membership": {"precision": 0.0, "recall": 0.0, "f1-score": 0.0, "support": 0.0}, "economic__ecology_of_group": {"precision": 0.0, "recall": 0.0, "f1-score": 0.0, "support": 4.0}, "economic__education_level": {"precision": 1.0, "recall": 0.6666666666666666, "f1-score": 0.8, "support": 3.0}, "economic__employment_status": {"precision": 0.6666666666666666, "recall": 1.0, "f1-score": 0.8, "support": 2.0}, "economic__income_wealth_economic_status": {"precision": 1.0, "recall": 0.4, "f1-score": 0.5714285714285714, "support": 5.0}, "economic__occupation_profession": {"precision": 1.0, "recall": 0.5625, "f1-score": 0.72, "support": 16.0}, "micro avg": {"precision": 0.9375, "recall": 0.5, "f1-score": 0.6521739130434783, "support": 30.0}, "macro avg": {"precision": 0.611111111111111, "recall": 0.4381944444444444, "f1-score": 0.4819047619047619, "support": 30.0}, "weighted avg": {"precision": 0.8444444444444444, "recall": 0.5, "f1-score": 0.6125714285714285, "support": 30.0}, "samples avg": {"precision": 0.17045454545454544, "recall": 0.17045454545454544, "f1-score": 0.17045454545454544, "support": 30.0}}