{"noneconomic__age": {"precision": 0.2222222222222222, "recall": 0.3333333333333333, "f1-score": 0.26666666666666666, "support": 6.0}, "noneconomic__crime": {"precision": 0.8333333333333334, "recall": 1.0, "f1-score": 0.9090909090909091, "support": 5.0}, "noneconomic__ethnicity": {"precision": 0.0, "recall": 0.0, "f1-score": 0.0, "support": 0.0}, "noneconomic__family": {"precision": 0.7857142857142857, "recall": 1.0, "f1-score": 0.88, "support": 11.0}, "noneconomic__gender_sexuality": {"precision": 0.7142857142857143, "recall": 0.7142857142857143, "f1-score": 0.7142857142857143, "support": 7.0}, "noneconomic__health": {"precision": 1.0, "recall": 0.75, "f1-score": 0.8571428571428571, "support": 4.0}, "noneconomic__nationality": {"precision": 0.5882352941176471, "recall": 1.0, "f1-score": 0.7407407407407407, "support": 10.0}, "noneconomic__place_location": {"precision": 0.6, "recall": 0.5, "f1-score": 0.5454545454545454, "support": 6.0}, "noneconomic__religion": {"precision": 0.0, "recall": 0.0, "f1-score": 0.0, "support": 0.0}, "noneconomic__shared_values_mentalities": {"precision": 0.8666666666666667, "recall": 0.5652173913043478, "f1-score": 0.6842105263157895, "support": 23.0}, "micro avg": {"precision": 0.5842696629213483, "recall": 0.7222222222222222, "f1-score": 0.6459627329192547, "support": 72.0}, "macro avg": {"precision": 0.5610457516339871, "recall": 0.5862836438923396, "f1-score": 0.5597591959697222, "support": 72.0}, "weighted avg": {"precision": 0.729979769685652, "recall": 0.7222222222222222, "f1-score": 0.7037639272142195, "support": 72.0}, "samples avg": {"precision": 0.48200757575757575, "recall": 0.5511363636363636, "f1-score": 0.49886363636363634, "support": 72.0}}