{"noneconomic__age": {"precision": 0.8666666666666667, "recall": 0.9285714285714286, "f1-score": 0.896551724137931, "support": 14.0}, "noneconomic__crime": {"precision": 0.8, "recall": 0.6666666666666666, "f1-score": 0.7272727272727273, "support": 6.0}, "noneconomic__ethnicity": {"precision": 0.8333333333333334, "recall": 1.0, "f1-score": 0.9090909090909091, "support": 5.0}, "noneconomic__family": {"precision": 0.8, "recall": 0.6666666666666666, "f1-score": 0.7272727272727273, "support": 6.0}, "noneconomic__gender_sexuality": {"precision": 1.0, "recall": 0.95, "f1-score": 0.9743589743589743, "support": 20.0}, "noneconomic__health": {"precision": 0.6666666666666666, "recall": 1.0, "f1-score": 0.8, "support": 2.0}, "noneconomic__nationality": {"precision": 1.0, "recall": 0.8, "f1-score": 0.8888888888888888, "support": 15.0}, "noneconomic__place_location": {"precision": 0.6666666666666666, "recall": 0.5, "f1-score": 0.5714285714285714, "support": 4.0}, "noneconomic__religion": {"precision": 1.0, "recall": 1.0, "f1-score": 1.0, "support": 4.0}, "noneconomic__shared_values_mentalities": {"precision": 0.7857142857142857, "recall": 0.7333333333333333, "f1-score": 0.7586206896551724, "support": 15.0}, "micro avg": {"precision": 0.8837209302325582, "recall": 0.8351648351648352, "f1-score": 0.8587570621468926, "support": 91.0}, "macro avg": {"precision": 0.8419047619047619, "recall": 0.8245238095238095, "f1-score": 0.8253485212105902, "support": 91.0}, "weighted avg": {"precision": 0.8866562009419152, "recall": 0.8351648351648352, "f1-score": 0.8561537237550879, "support": 91.0}, "samples avg": {"precision": 0.5932721712538227, "recall": 0.5940366972477065, "f1-score": 0.5885976408912189, "support": 91.0}}