{"economic__education_level": {"precision": 1.0, "recall": 0.25, "f1-score": 0.4, "support": 4.0}, "economic__employment_status": {"precision": 0.5, "recall": 1.0, "f1-score": 0.6666666666666666, "support": 2.0}, "economic__income_wealth_economic_status": {"precision": 1.0, "recall": 0.42857142857142855, "f1-score": 0.6, "support": 7.0}, "economic__occupation_profession": {"precision": 1.0, "recall": 0.4782608695652174, "f1-score": 0.6470588235294118, "support": 23.0}, "micro avg": {"precision": 0.8947368421052632, "recall": 0.4722222222222222, "f1-score": 0.6181818181818182, "support": 36.0}, "macro avg": {"precision": 0.875, "recall": 0.5392080745341615, "f1-score": 0.5784313725490196, "support": 36.0}, "weighted avg": {"precision": 0.9722222222222222, "recall": 0.4722222222222222, "f1-score": 0.6115468409586057, "support": 36.0}, "samples avg": {"precision": 0.16489361702127658, "recall": 0.1702127659574468, "f1-score": 0.16666666666666666, "support": 36.0}}