{"economic__class_membership": {"precision": 0.0, "recall": 0.0, "f1-score": 0.0, "support": 5.0}, "economic__ecology_of_group": {"precision": 0.5, "recall": 0.6666666666666666, "f1-score": 0.5714285714285714, "support": 3.0}, "economic__education_level": {"precision": 1.0, "recall": 1.0, "f1-score": 1.0, "support": 3.0}, "economic__employment_status": {"precision": 0.5, "recall": 0.4, "f1-score": 0.4444444444444444, "support": 5.0}, "economic__income_wealth_economic_status": {"precision": 1.0, "recall": 0.5, "f1-score": 0.6666666666666666, "support": 10.0}, "economic__occupation_profession": {"precision": 1.0, "recall": 0.75, "f1-score": 0.8571428571428571, "support": 12.0}, "micro avg": {"precision": 0.84, "recall": 0.5526315789473685, "f1-score": 0.6666666666666666, "support": 38.0}, "macro avg": {"precision": 0.6666666666666666, "recall": 0.5527777777777777, "f1-score": 0.5899470899470899, "support": 38.0}, "weighted avg": {"precision": 0.7631578947368421, "recall": 0.5526315789473685, "f1-score": 0.6286549707602338, "support": 38.0}, "samples avg": {"precision": 0.2222222222222222, "recall": 0.2222222222222222, "f1-score": 0.21810699588477364, "support": 38.0}}