{"noneconomic__age": {"precision": 1.0, "recall": 0.75, "f1-score": 0.8571428571428571, "support": 16.0}, "noneconomic__crime": {"precision": 1.0, "recall": 1.0, "f1-score": 1.0, "support": 8.0}, "noneconomic__ethnicity": {"precision": 1.0, "recall": 0.8333333333333334, "f1-score": 0.9090909090909091, "support": 6.0}, "noneconomic__family": {"precision": 0.3333333333333333, "recall": 1.0, "f1-score": 0.5, "support": 1.0}, "noneconomic__gender_sexuality": {"precision": 1.0, "recall": 0.96, "f1-score": 0.9795918367346939, "support": 25.0}, "noneconomic__health": {"precision": 1.0, "recall": 0.5, "f1-score": 0.6666666666666666, "support": 8.0}, "noneconomic__nationality": {"precision": 0.75, "recall": 0.6666666666666666, "f1-score": 0.7058823529411765, "support": 9.0}, "noneconomic__place_location": {"precision": 0.6666666666666666, "recall": 1.0, "f1-score": 0.8, "support": 2.0}, "noneconomic__religion": {"precision": 0.6666666666666666, "recall": 0.8, "f1-score": 0.7272727272727273, "support": 5.0}, "noneconomic__shared_values_mentalities": {"precision": 0.7, "recall": 0.3888888888888889, "f1-score": 0.5, "support": 18.0}, "micro avg": {"precision": 0.8795180722891566, "recall": 0.7448979591836735, "f1-score": 0.8066298342541437, "support": 98.0}, "macro avg": {"precision": 0.8116666666666668, "recall": 0.7898888888888889, "f1-score": 0.7645647349849031, "support": 98.0}, "weighted avg": {"precision": 0.8913265306122449, "recall": 0.7448979591836735, "f1-score": 0.7967476044221027, "support": 98.0}, "samples avg": {"precision": 0.5510510510510511, "recall": 0.5525525525525525, "f1-score": 0.5432432432432432, "support": 98.0}}