{"economic": {"precision": 0.8695652173913043, "recall": 0.6896551724137931, "f1-score": 0.7692307692307693, "support": 29.0}, "noneconomic": {"precision": 0.8985507246376812, "recall": 0.9393939393939394, "f1-score": 0.9185185185185185, "support": 66.0}, "micro avg": {"precision": 0.8913043478260869, "recall": 0.8631578947368421, "f1-score": 0.8770053475935828, "support": 95.0}, "macro avg": {"precision": 0.8840579710144927, "recall": 0.8145245559038663, "f1-score": 0.8438746438746438, "support": 95.0}, "weighted avg": {"precision": 0.8897025171624714, "recall": 0.8631578947368421, "f1-score": 0.8729464687359424, "support": 95.0}, "samples avg": {"precision": 0.8636363636363636, "recall": 0.8295454545454546, "f1-score": 0.8409090909090909, "support": 95.0}}