{"economic": {"precision": 0.7272727272727273, "recall": 0.8275862068965517, "f1-score": 0.7741935483870968, "support": 29.0}, "noneconomic": {"precision": 0.875, "recall": 0.9692307692307692, "f1-score": 0.9197080291970803, "support": 65.0}, "micro avg": {"precision": 0.8285714285714286, "recall": 0.925531914893617, "f1-score": 0.8743718592964824, "support": 94.0}, "macro avg": {"precision": 0.8011363636363636, "recall": 0.8984084880636605, "f1-score": 0.8469507887920885, "support": 94.0}, "weighted avg": {"precision": 0.8294245647969053, "recall": 0.925531914893617, "f1-score": 0.8748152638408088, "support": 94.0}, "samples avg": {"precision": 0.8316326530612245, "recall": 0.8673469387755102, "f1-score": 0.8401360544217686, "support": 94.0}}