{"economic": {"precision": 0.8055555555555556, "recall": 0.8529411764705882, "f1-score": 0.8285714285714286, "support": 34.0}, "noneconomic": {"precision": 0.7592592592592593, "recall": 0.9318181818181818, "f1-score": 0.8367346938775511, "support": 44.0}, "micro avg": {"precision": 0.7777777777777778, "recall": 0.8974358974358975, "f1-score": 0.8333333333333334, "support": 78.0}, "macro avg": {"precision": 0.7824074074074074, "recall": 0.892379679144385, "f1-score": 0.8326530612244898, "support": 78.0}, "weighted avg": {"precision": 0.7794396961063629, "recall": 0.8974358974358975, "f1-score": 0.8331763474620618, "support": 78.0}, "samples avg": {"precision": 0.7654320987654321, "recall": 0.7901234567901234, "f1-score": 0.7695473251028806, "support": 78.0}}