{"economic": {"precision": 0.8064516129032258, "recall": 0.8064516129032258, "f1-score": 0.8064516129032258, "support": 31.0}, "noneconomic": {"precision": 0.891566265060241, "recall": 0.961038961038961, "f1-score": 0.925, "support": 77.0}, "micro avg": {"precision": 0.868421052631579, "recall": 0.9166666666666666, "f1-score": 0.8918918918918919, "support": 108.0}, "macro avg": {"precision": 0.8490089389817334, "recall": 0.8837452869710933, "f1-score": 0.8657258064516129, "support": 108.0}, "weighted avg": {"precision": 0.8671352074966533, "recall": 0.9166666666666666, "f1-score": 0.8909722222222223, "support": 108.0}, "samples avg": {"precision": 0.8532110091743119, "recall": 0.8761467889908257, "f1-score": 0.8562691131498471, "support": 108.0}}