{"noneconomic__age": {"precision": 0.92, "recall": 0.92, "f1-score": 0.92, "support": 25.0}, "noneconomic__crime": {"precision": 1.0, "recall": 0.6666666666666666, "f1-score": 0.8, "support": 3.0}, "noneconomic__ethnicity": {"precision": 0.8, "recall": 1.0, "f1-score": 0.8888888888888888, "support": 4.0}, "noneconomic__family": {"precision": 0.8571428571428571, "recall": 1.0, "f1-score": 0.9230769230769231, "support": 12.0}, "noneconomic__gender_sexuality": {"precision": 1.0, "recall": 1.0, "f1-score": 1.0, "support": 6.0}, "noneconomic__health": {"precision": 1.0, "recall": 0.6666666666666666, "f1-score": 0.8, "support": 3.0}, "noneconomic__nationality": {"precision": 0.9, "recall": 0.75, "f1-score": 0.8181818181818182, "support": 12.0}, "noneconomic__place_location": {"precision": 0.25, "recall": 0.3333333333333333, "f1-score": 0.2857142857142857, "support": 3.0}, "noneconomic__religion": {"precision": 0.75, "recall": 0.6, "f1-score": 0.6666666666666666, "support": 5.0}, "noneconomic__shared_values_mentalities": {"precision": 1.0, "recall": 0.5714285714285714, "f1-score": 0.7272727272727273, "support": 14.0}, "micro avg": {"precision": 0.875, "recall": 0.8045977011494253, "f1-score": 0.8383233532934131, "support": 87.0}, "macro avg": {"precision": 0.8477142857142856, "recall": 0.7508095238095238, "f1-score": 0.7829801309801311, "support": 87.0}, "weighted avg": {"precision": 0.8940886699507388, "recall": 0.8045977011494253, "f1-score": 0.8347466071604003, "support": 87.0}, "samples avg": {"precision": 0.5068027210884354, "recall": 0.5306122448979592, "f1-score": 0.5081632653061224, "support": 87.0}}