{"economic": {"precision": 0.6, "recall": 0.7714285714285715, "f1-score": 0.675, "support": 35.0}, "noneconomic": {"precision": 0.86, "recall": 0.7962962962962963, "f1-score": 0.8269230769230769, "support": 54.0}, "micro avg": {"precision": 0.7368421052631579, "recall": 0.7865168539325843, "f1-score": 0.7608695652173914, "support": 89.0}, "macro avg": {"precision": 0.73, "recall": 0.7838624338624338, "f1-score": 0.7509615384615385, "support": 89.0}, "weighted avg": {"precision": 0.7577528089887641, "recall": 0.7865168539325843, "f1-score": 0.7671780466724287, "support": 89.0}, "samples avg": {"precision": 0.7446808510638298, "recall": 0.6968085106382979, "f1-score": 0.7127659574468085, "support": 89.0}}