{"economic": {"precision": 0.725, "recall": 0.9354838709677419, "f1-score": 0.8169014084507042, "support": 31.0}, "noneconomic": {"precision": 0.8333333333333334, "recall": 0.8695652173913043, "f1-score": 0.851063829787234, "support": 69.0}, "micro avg": {"precision": 0.7946428571428571, "recall": 0.89, "f1-score": 0.839622641509434, "support": 100.0}, "macro avg": {"precision": 0.7791666666666667, "recall": 0.9025245441795231, "f1-score": 0.8339826191189692, "support": 100.0}, "weighted avg": {"precision": 0.79975, "recall": 0.89, "f1-score": 0.8404734791729098, "support": 100.0}, "samples avg": {"precision": 0.845360824742268, "recall": 0.8762886597938144, "f1-score": 0.845360824742268, "support": 100.0}}