{"economic": {"precision": 0.6956521739130435, "recall": 0.9696969696969697, "f1-score": 0.810126582278481, "support": 33.0}, "noneconomic": {"precision": 0.82, "recall": 0.8541666666666666, "f1-score": 0.8367346938775511, "support": 48.0}, "micro avg": {"precision": 0.7604166666666666, "recall": 0.9012345679012346, "f1-score": 0.8248587570621468, "support": 81.0}, "macro avg": {"precision": 0.7578260869565216, "recall": 0.9119318181818181, "f1-score": 0.8234306380780161, "support": 81.0}, "weighted avg": {"precision": 0.7693397745571658, "recall": 0.9012345679012346, "f1-score": 0.825894352114967, "support": 81.0}, "samples avg": {"precision": 0.73125, "recall": 0.83125, "f1-score": 0.7625, "support": 81.0}}