{"noneconomic__age": {"precision": 0.4, "recall": 0.3333333333333333, "f1-score": 0.36363636363636365, "support": 6.0}, "noneconomic__crime": {"precision": 1.0, "recall": 1.0, "f1-score": 1.0, "support": 5.0}, "noneconomic__ethnicity": {"precision": 0.0, "recall": 0.0, "f1-score": 0.0, "support": 0.0}, "noneconomic__family": {"precision": 0.8333333333333334, "recall": 0.9090909090909091, "f1-score": 0.8695652173913043, "support": 11.0}, "noneconomic__gender_sexuality": {"precision": 0.8333333333333334, "recall": 0.7142857142857143, "f1-score": 0.7692307692307693, "support": 7.0}, "noneconomic__health": {"precision": 1.0, "recall": 1.0, "f1-score": 1.0, "support": 4.0}, "noneconomic__nationality": {"precision": 0.8333333333333334, "recall": 1.0, "f1-score": 0.9090909090909091, "support": 10.0}, "noneconomic__place_location": {"precision": 0.5, "recall": 0.16666666666666666, "f1-score": 0.25, "support": 6.0}, "noneconomic__religion": {"precision": 0.0, "recall": 0.0, "f1-score": 0.0, "support": 0.0}, "noneconomic__shared_values_mentalities": {"precision": 0.8888888888888888, "recall": 0.6956521739130435, "f1-score": 0.7804878048780488, "support": 23.0}, "micro avg": {"precision": 0.803030303030303, "recall": 0.7361111111111112, "f1-score": 0.7681159420289855, "support": 72.0}, "macro avg": {"precision": 0.6288888888888889, "recall": 0.5819028797289667, "f1-score": 0.5942011064227395, "support": 72.0}, "weighted avg": {"precision": 0.8080246913580247, "recall": 0.7361111111111112, "f1-score": 0.7593580494561407, "support": 72.0}, "samples avg": {"precision": 0.5795454545454546, "recall": 0.5738636363636364, "f1-score": 0.5700757575757576, "support": 72.0}}