{"economic": {"precision": 0.6571428571428571, "recall": 0.7419354838709677, "f1-score": 0.696969696969697, "support": 31.0}, "noneconomic": {"precision": 0.85, "recall": 0.8831168831168831, "f1-score": 0.8662420382165605, "support": 77.0}, "micro avg": {"precision": 0.7913043478260869, "recall": 0.8425925925925926, "f1-score": 0.8161434977578476, "support": 108.0}, "macro avg": {"precision": 0.7535714285714286, "recall": 0.8125261834939255, "f1-score": 0.7816058675931288, "support": 108.0}, "weighted avg": {"precision": 0.7946428571428571, "recall": 0.8425925925925926, "f1-score": 0.8176546069327386, "support": 108.0}, "samples avg": {"precision": 0.7660550458715596, "recall": 0.8073394495412844, "f1-score": 0.7767584097859326, "support": 108.0}}