{"economic__class_membership": {"precision": 0.0, "recall": 0.0, "f1-score": 0.0, "support": 0.0}, "economic__ecology_of_group": {"precision": 0.0, "recall": 0.0, "f1-score": 0.0, "support": 4.0}, "economic__education_level": {"precision": 1.0, "recall": 0.3333333333333333, "f1-score": 0.5, "support": 3.0}, "economic__employment_status": {"precision": 0.5, "recall": 0.5, "f1-score": 0.5, "support": 2.0}, "economic__income_wealth_economic_status": {"precision": 0.125, "recall": 0.2, "f1-score": 0.15384615384615385, "support": 5.0}, "economic__occupation_profession": {"precision": 0.8, "recall": 0.5, "f1-score": 0.6153846153846154, "support": 16.0}, "micro avg": {"precision": 0.5238095238095238, "recall": 0.36666666666666664, "f1-score": 0.43137254901960786, "support": 30.0}, "macro avg": {"precision": 0.4041666666666666, "recall": 0.25555555555555554, "f1-score": 0.2948717948717949, "support": 30.0}, "weighted avg": {"precision": 0.5808333333333333, "recall": 0.36666666666666664, "f1-score": 0.43717948717948724, "support": 30.0}, "samples avg": {"precision": 0.11363636363636363, "recall": 0.125, "f1-score": 0.11742424242424242, "support": 30.0}}