{"economic__class_membership": {"precision": 0.0, "recall": 0.0, "f1-score": 0.0, "support": 0.0}, "economic__ecology_of_group": {"precision": 0.0, "recall": 0.0, "f1-score": 0.0, "support": 4.0}, "economic__education_level": {"precision": 0.6666666666666666, "recall": 0.6666666666666666, "f1-score": 0.6666666666666666, "support": 3.0}, "economic__employment_status": {"precision": 0.6666666666666666, "recall": 1.0, "f1-score": 0.8, "support": 2.0}, "economic__income_wealth_economic_status": {"precision": 0.6, "recall": 0.6, "f1-score": 0.6, "support": 5.0}, "economic__occupation_profession": {"precision": 0.4444444444444444, "recall": 0.25, "f1-score": 0.32, "support": 16.0}, "micro avg": {"precision": 0.55, "recall": 0.36666666666666664, "f1-score": 0.44, "support": 30.0}, "macro avg": {"precision": 0.3962962962962962, "recall": 0.41944444444444445, "f1-score": 0.3977777777777778, "support": 30.0}, "weighted avg": {"precision": 0.4481481481481481, "recall": 0.36666666666666664, "f1-score": 0.3906666666666666, "support": 30.0}, "samples avg": {"precision": 0.10227272727272728, "recall": 0.125, "f1-score": 0.10984848484848485, "support": 30.0}}