{"economic": {"precision": 0.675, "recall": 0.7941176470588235, "f1-score": 0.7297297297297297, "support": 34.0}, "noneconomic": {"precision": 0.6949152542372882, "recall": 0.9318181818181818, "f1-score": 0.7961165048543689, "support": 44.0}, "micro avg": {"precision": 0.6868686868686869, "recall": 0.8717948717948718, "f1-score": 0.768361581920904, "support": 78.0}, "macro avg": {"precision": 0.6849576271186442, "recall": 0.8629679144385026, "f1-score": 0.7629231172920493, "support": 78.0}, "weighted avg": {"precision": 0.6862342459800087, "recall": 0.8717948717948718, "f1-score": 0.767178679800039, "support": 78.0}, "samples avg": {"precision": 0.691358024691358, "recall": 0.7654320987654321, "f1-score": 0.7119341563786008, "support": 78.0}}