{"economic": {"precision": 0.6666666666666666, "recall": 0.8387096774193549, "f1-score": 0.7428571428571429, "support": 31.0}, "noneconomic": {"precision": 0.9154929577464789, "recall": 0.8441558441558441, "f1-score": 0.8783783783783784, "support": 77.0}, "micro avg": {"precision": 0.8272727272727273, "recall": 0.8425925925925926, "f1-score": 0.8348623853211009, "support": 108.0}, "macro avg": {"precision": 0.7910798122065728, "recall": 0.8414327607875995, "f1-score": 0.8106177606177607, "support": 108.0}, "weighted avg": {"precision": 0.8440705964180142, "recall": 0.8425925925925926, "f1-score": 0.8394787644787643, "support": 108.0}, "samples avg": {"precision": 0.8302752293577982, "recall": 0.8119266055045872, "f1-score": 0.8165137614678899, "support": 108.0}}