{"economic": {"precision": 0.7857142857142857, "recall": 0.9428571428571428, "f1-score": 0.8571428571428571, "support": 35.0}, "noneconomic": {"precision": 0.8448275862068966, "recall": 0.9074074074074074, "f1-score": 0.875, "support": 54.0}, "micro avg": {"precision": 0.82, "recall": 0.9213483146067416, "f1-score": 0.8677248677248677, "support": 89.0}, "macro avg": {"precision": 0.8152709359605912, "recall": 0.9251322751322751, "f1-score": 0.8660714285714286, "support": 89.0}, "weighted avg": {"precision": 0.8215807826423867, "recall": 0.9213483146067416, "f1-score": 0.8679775280898876, "support": 89.0}, "samples avg": {"precision": 0.7712765957446809, "recall": 0.7978723404255319, "f1-score": 0.7730496453900709, "support": 89.0}}