{"economic": {"precision": 0.8461538461538461, "recall": 0.6666666666666666, "f1-score": 0.7457627118644068, "support": 33.0}, "noneconomic": {"precision": 0.82, "recall": 0.8541666666666666, "f1-score": 0.8367346938775511, "support": 48.0}, "micro avg": {"precision": 0.8289473684210527, "recall": 0.7777777777777778, "f1-score": 0.802547770700637, "support": 81.0}, "macro avg": {"precision": 0.833076923076923, "recall": 0.7604166666666666, "f1-score": 0.7912487028709789, "support": 81.0}, "weighted avg": {"precision": 0.8306552706552706, "recall": 0.7777777777777778, "f1-score": 0.7996720345388627, "support": 81.0}, "samples avg": {"precision": 0.7875, "recall": 0.74375, "f1-score": 0.7583333333333334, "support": 81.0}}