{"economic": {"precision": 0.7837837837837838, "recall": 0.9354838709677419, "f1-score": 0.8529411764705882, "support": 31.0}, "noneconomic": {"precision": 0.8571428571428571, "recall": 0.8695652173913043, "f1-score": 0.8633093525179856, "support": 69.0}, "micro avg": {"precision": 0.8317757009345794, "recall": 0.89, "f1-score": 0.8599033816425121, "support": 100.0}, "macro avg": {"precision": 0.8204633204633205, "recall": 0.9025245441795231, "f1-score": 0.8581252644942869, "support": 100.0}, "weighted avg": {"precision": 0.8344015444015443, "recall": 0.89, "f1-score": 0.8600952179432925, "support": 100.0}, "samples avg": {"precision": 0.8195876288659794, "recall": 0.8608247422680413, "f1-score": 0.8281786941580755, "support": 100.0}}