{"economic": {"precision": 0.825, "recall": 0.9166666666666666, "f1-score": 0.868421052631579, "support": 36.0}, "noneconomic": {"precision": 0.8125, "recall": 0.8666666666666667, "f1-score": 0.8387096774193549, "support": 45.0}, "micro avg": {"precision": 0.8181818181818182, "recall": 0.8888888888888888, "f1-score": 0.8520710059171598, "support": 81.0}, "macro avg": {"precision": 0.81875, "recall": 0.8916666666666666, "f1-score": 0.8535653650254669, "support": 81.0}, "weighted avg": {"precision": 0.8180555555555555, "recall": 0.8888888888888888, "f1-score": 0.8519147330692323, "support": 81.0}, "samples avg": {"precision": 0.7857142857142857, "recall": 0.8311688311688312, "f1-score": 0.7965367965367964, "support": 81.0}}