{"noneconomic__age": {"precision": 0.8571428571428571, "recall": 0.9230769230769231, "f1-score": 0.8888888888888888, "support": 13.0}, "noneconomic__crime": {"precision": 1.0, "recall": 1.0, "f1-score": 1.0, "support": 5.0}, "noneconomic__ethnicity": {"precision": 1.0, "recall": 1.0, "f1-score": 1.0, "support": 1.0}, "noneconomic__family": {"precision": 0.875, "recall": 1.0, "f1-score": 0.9333333333333333, "support": 7.0}, "noneconomic__gender_sexuality": {"precision": 1.0, "recall": 0.75, "f1-score": 0.8571428571428571, "support": 4.0}, "noneconomic__health": {"precision": 0.6666666666666666, "recall": 1.0, "f1-score": 0.8, "support": 2.0}, "noneconomic__nationality": {"precision": 0.8181818181818182, "recall": 1.0, "f1-score": 0.9, "support": 9.0}, "noneconomic__place_location": {"precision": 0.0, "recall": 0.0, "f1-score": 0.0, "support": 2.0}, "noneconomic__religion": {"precision": 0.0, "recall": 0.0, "f1-score": 0.0, "support": 0.0}, "noneconomic__shared_values_mentalities": {"precision": 0.8, "recall": 0.6153846153846154, "f1-score": 0.6956521739130435, "support": 13.0}, "micro avg": {"precision": 0.8392857142857143, "recall": 0.8392857142857143, "f1-score": 0.8392857142857143, "support": 56.0}, "macro avg": {"precision": 0.7016991341991342, "recall": 0.7288461538461538, "f1-score": 0.7075017253278123, "support": 56.0}, "weighted avg": {"precision": 0.8279433364254792, "recall": 0.8392857142857143, "f1-score": 0.8260881888987478, "support": 56.0}, "samples avg": {"precision": 0.49411764705882355, "recall": 0.5019607843137256, "f1-score": 0.4917647058823529, "support": 56.0}}