{"economic__education_level": {"precision": 1.0, "recall": 1.0, "f1-score": 1.0, "support": 1.0}, "economic__employment_status": {"precision": 1.0, "recall": 0.8888888888888888, "f1-score": 0.9411764705882353, "support": 9.0}, "economic__income_wealth_economic_status": {"precision": 0.6923076923076923, "recall": 0.6, "f1-score": 0.6428571428571429, "support": 15.0}, "economic__occupation_profession": {"precision": 0.3333333333333333, "recall": 0.7142857142857143, "f1-score": 0.45454545454545453, "support": 7.0}, "micro avg": {"precision": 0.6216216216216216, "recall": 0.71875, "f1-score": 0.6666666666666666, "support": 32.0}, "macro avg": {"precision": 0.7564102564102565, "recall": 0.8007936507936508, "f1-score": 0.7596447669977082, "support": 32.0}, "weighted avg": {"precision": 0.7099358974358975, "recall": 0.71875, "f1-score": 0.696726986249045, "support": 32.0}, "samples avg": {"precision": 0.18807339449541285, "recall": 0.20642201834862386, "f1-score": 0.1926605504587156, "support": 32.0}}