{"noneconomic__age": {"precision": 0.25, "recall": 0.16666666666666666, "f1-score": 0.2, "support": 6.0}, "noneconomic__crime": {"precision": 1.0, "recall": 0.4, "f1-score": 0.5714285714285714, "support": 5.0}, "noneconomic__ethnicity": {"precision": 0.0, "recall": 0.0, "f1-score": 0.0, "support": 0.0}, "noneconomic__family": {"precision": 0.8181818181818182, "recall": 0.8181818181818182, "f1-score": 0.8181818181818182, "support": 11.0}, "noneconomic__gender_sexuality": {"precision": 1.0, "recall": 0.7142857142857143, "f1-score": 0.8333333333333334, "support": 7.0}, "noneconomic__health": {"precision": 0.75, "recall": 0.75, "f1-score": 0.75, "support": 4.0}, "noneconomic__nationality": {"precision": 0.7142857142857143, "recall": 1.0, "f1-score": 0.8333333333333334, "support": 10.0}, "noneconomic__place_location": {"precision": 1.0, "recall": 0.3333333333333333, "f1-score": 0.5, "support": 6.0}, "noneconomic__religion": {"precision": 0.0, "recall": 0.0, "f1-score": 0.0, "support": 0.0}, "noneconomic__shared_values_mentalities": {"precision": 0.9, "recall": 0.391304347826087, "f1-score": 0.5454545454545454, "support": 23.0}, "micro avg": {"precision": 0.7592592592592593, "recall": 0.5694444444444444, "f1-score": 0.6507936507936508, "support": 72.0}, "macro avg": {"precision": 0.6432467532467533, "recall": 0.4573771880293619, "f1-score": 0.5051731601731602, "support": 72.0}, "weighted avg": {"precision": 0.8242063492063492, "recall": 0.5694444444444444, "f1-score": 0.6356842231842231, "support": 72.0}, "samples avg": {"precision": 0.4318181818181818, "recall": 0.4375, "f1-score": 0.42613636363636365, "support": 72.0}}