{"noneconomic__age": {"precision": 1.0, "recall": 0.375, "f1-score": 0.5454545454545454, "support": 16.0}, "noneconomic__crime": {"precision": 1.0, "recall": 1.0, "f1-score": 1.0, "support": 8.0}, "noneconomic__ethnicity": {"precision": 1.0, "recall": 0.8333333333333334, "f1-score": 0.9090909090909091, "support": 6.0}, "noneconomic__family": {"precision": 0.25, "recall": 1.0, "f1-score": 0.4, "support": 1.0}, "noneconomic__gender_sexuality": {"precision": 0.9583333333333334, "recall": 0.92, "f1-score": 0.9387755102040817, "support": 25.0}, "noneconomic__health": {"precision": 1.0, "recall": 0.375, "f1-score": 0.5454545454545454, "support": 8.0}, "noneconomic__nationality": {"precision": 0.8888888888888888, "recall": 0.8888888888888888, "f1-score": 0.8888888888888888, "support": 9.0}, "noneconomic__place_location": {"precision": 0.6666666666666666, "recall": 1.0, "f1-score": 0.8, "support": 2.0}, "noneconomic__religion": {"precision": 1.0, "recall": 0.8, "f1-score": 0.8888888888888888, "support": 5.0}, "noneconomic__shared_values_mentalities": {"precision": 0.875, "recall": 0.7777777777777778, "f1-score": 0.8235294117647058, "support": 18.0}, "micro avg": {"precision": 0.9024390243902439, "recall": 0.7551020408163265, "f1-score": 0.8222222222222222, "support": 98.0}, "macro avg": {"precision": 0.8638888888888889, "recall": 0.7969999999999999, "f1-score": 0.7740082699746564, "support": 98.0}, "weighted avg": {"precision": 0.9417517006802721, "recall": 0.7551020408163265, "f1-score": 0.8090083281302626, "support": 98.0}, "samples avg": {"precision": 0.5495495495495496, "recall": 0.548048048048048, "f1-score": 0.542942942942943, "support": 98.0}}