{"noneconomic__age": {"precision": 0.9230769230769231, "recall": 0.96, "f1-score": 0.9411764705882353, "support": 25.0}, "noneconomic__crime": {"precision": 0.75, "recall": 1.0, "f1-score": 0.8571428571428571, "support": 3.0}, "noneconomic__ethnicity": {"precision": 0.8, "recall": 1.0, "f1-score": 0.8888888888888888, "support": 4.0}, "noneconomic__family": {"precision": 1.0, "recall": 0.16666666666666666, "f1-score": 0.2857142857142857, "support": 12.0}, "noneconomic__gender_sexuality": {"precision": 0.8571428571428571, "recall": 1.0, "f1-score": 0.9230769230769231, "support": 6.0}, "noneconomic__health": {"precision": 1.0, "recall": 0.6666666666666666, "f1-score": 0.8, "support": 3.0}, "noneconomic__nationality": {"precision": 0.9230769230769231, "recall": 1.0, "f1-score": 0.96, "support": 12.0}, "noneconomic__place_location": {"precision": 0.6666666666666666, "recall": 0.6666666666666666, "f1-score": 0.6666666666666666, "support": 3.0}, "noneconomic__religion": {"precision": 1.0, "recall": 1.0, "f1-score": 1.0, "support": 5.0}, "noneconomic__shared_values_mentalities": {"precision": 0.6842105263157895, "recall": 0.9285714285714286, "f1-score": 0.7878787878787878, "support": 14.0}, "micro avg": {"precision": 0.8488372093023255, "recall": 0.8390804597701149, "f1-score": 0.8439306358381503, "support": 87.0}, "macro avg": {"precision": 0.860417389627916, "recall": 0.8388571428571427, "f1-score": 0.8110544879956644, "support": 87.0}, "weighted avg": {"precision": 0.8773063294841879, "recall": 0.8390804597701149, "f1-score": 0.8111923205635173, "support": 87.0}, "samples avg": {"precision": 0.6190476190476191, "recall": 0.576530612244898, "f1-score": 0.5863945578231293, "support": 87.0}}