{"economic": {"precision": 0.75, "recall": 0.9090909090909091, "f1-score": 0.821917808219178, "support": 33.0}, "noneconomic": {"precision": 0.8444444444444444, "recall": 0.7916666666666666, "f1-score": 0.8172043010752689, "support": 48.0}, "micro avg": {"precision": 0.8, "recall": 0.8395061728395061, "f1-score": 0.8192771084337349, "support": 81.0}, "macro avg": {"precision": 0.7972222222222223, "recall": 0.8503787878787878, "f1-score": 0.8195610546472234, "support": 81.0}, "weighted avg": {"precision": 0.8059670781893004, "recall": 0.8395061728395061, "f1-score": 0.8191246188005652, "support": 81.0}, "samples avg": {"precision": 0.75, "recall": 0.78125, "f1-score": 0.7541666666666667, "support": 81.0}}