{"economic__education_level": {"precision": 1.0, "recall": 0.25, "f1-score": 0.4, "support": 4.0}, "economic__employment_status": {"precision": 0.5, "recall": 0.5, "f1-score": 0.5, "support": 2.0}, "economic__income_wealth_economic_status": {"precision": 0.6666666666666666, "recall": 0.5714285714285714, "f1-score": 0.6153846153846154, "support": 7.0}, "economic__occupation_profession": {"precision": 1.0, "recall": 0.6521739130434783, "f1-score": 0.7894736842105263, "support": 23.0}, "micro avg": {"precision": 0.875, "recall": 0.5833333333333334, "f1-score": 0.7, "support": 36.0}, "macro avg": {"precision": 0.7916666666666666, "recall": 0.4934006211180124, "f1-score": 0.5762145748987855, "support": 36.0}, "weighted avg": {"precision": 0.9074074074074073, "recall": 0.5833333333333334, "f1-score": 0.6962663067926226, "support": 36.0}, "samples avg": {"precision": 0.2127659574468085, "recall": 0.21808510638297873, "f1-score": 0.2127659574468085, "support": 36.0}}