{"economic": {"precision": 0.696969696969697, "recall": 0.7419354838709677, "f1-score": 0.71875, "support": 31.0}, "noneconomic": {"precision": 0.8470588235294118, "recall": 0.935064935064935, "f1-score": 0.8888888888888888, "support": 77.0}, "micro avg": {"precision": 0.8050847457627118, "recall": 0.8796296296296297, "f1-score": 0.8407079646017699, "support": 108.0}, "macro avg": {"precision": 0.7720142602495543, "recall": 0.8385002094679515, "f1-score": 0.8038194444444444, "support": 108.0}, "weighted avg": {"precision": 0.8039776853502344, "recall": 0.8796296296296297, "f1-score": 0.8400527263374485, "support": 108.0}, "samples avg": {"precision": 0.7844036697247706, "recall": 0.8302752293577982, "f1-score": 0.7981651376146789, "support": 108.0}}