{"economic__class_membership": {"precision": 0.0, "recall": 0.0, "f1-score": 0.0, "support": 4.0}, "economic__ecology_of_group": {"precision": 0.0, "recall": 0.0, "f1-score": 0.0, "support": 1.0}, "economic__education_level": {"precision": 0.4444444444444444, "recall": 1.0, "f1-score": 0.6153846153846154, "support": 4.0}, "economic__employment_status": {"precision": 0.8333333333333334, "recall": 0.5555555555555556, "f1-score": 0.6666666666666666, "support": 9.0}, "economic__income_wealth_economic_status": {"precision": 0.5, "recall": 0.5714285714285714, "f1-score": 0.5333333333333333, "support": 7.0}, "economic__occupation_profession": {"precision": 1.0, "recall": 0.375, "f1-score": 0.5454545454545454, "support": 8.0}, "micro avg": {"precision": 0.5517241379310345, "recall": 0.48484848484848486, "f1-score": 0.5161290322580645, "support": 33.0}, "macro avg": {"precision": 0.46296296296296297, "recall": 0.4169973544973545, "f1-score": 0.3934731934731934, "support": 33.0}, "weighted avg": {"precision": 0.6296296296296297, "recall": 0.48484848484848486, "f1-score": 0.5017729745002472, "support": 33.0}, "samples avg": {"precision": 0.13605442176870747, "recall": 0.15816326530612246, "f1-score": 0.141156462585034, "support": 33.0}}