{"economic__education_level": {"precision": 0.16666666666666666, "recall": 1.0, "f1-score": 0.2857142857142857, "support": 1.0}, "economic__employment_status": {"precision": 0.8, "recall": 0.8888888888888888, "f1-score": 0.8421052631578947, "support": 9.0}, "economic__income_wealth_economic_status": {"precision": 0.5714285714285714, "recall": 0.26666666666666666, "f1-score": 0.36363636363636365, "support": 15.0}, "economic__occupation_profession": {"precision": 0.5, "recall": 0.7142857142857143, "f1-score": 0.5882352941176471, "support": 7.0}, "micro avg": {"precision": 0.5454545454545454, "recall": 0.5625, "f1-score": 0.5538461538461539, "support": 32.0}, "macro avg": {"precision": 0.5095238095238095, "recall": 0.7174603174603175, "f1-score": 0.5199228016565478, "support": 32.0}, "weighted avg": {"precision": 0.6074404761904761, "recall": 0.5625, "f1-score": 0.5449016927345101, "support": 32.0}, "samples avg": {"precision": 0.1651376146788991, "recall": 0.16055045871559634, "f1-score": 0.1620795107033639, "support": 32.0}}