{"economic__class_membership": {"precision": 0.0, "recall": 0.0, "f1-score": 0.0, "support": 5.0}, "economic__ecology_of_group": {"precision": 0.6666666666666666, "recall": 0.6666666666666666, "f1-score": 0.6666666666666666, "support": 3.0}, "economic__education_level": {"precision": 1.0, "recall": 0.6666666666666666, "f1-score": 0.8, "support": 3.0}, "economic__employment_status": {"precision": 0.375, "recall": 0.6, "f1-score": 0.46153846153846156, "support": 5.0}, "economic__income_wealth_economic_status": {"precision": 0.5333333333333333, "recall": 0.8, "f1-score": 0.64, "support": 10.0}, "economic__occupation_profession": {"precision": 0.6923076923076923, "recall": 0.75, "f1-score": 0.72, "support": 12.0}, "micro avg": {"precision": 0.5714285714285714, "recall": 0.631578947368421, "f1-score": 0.6, "support": 38.0}, "macro avg": {"precision": 0.544551282051282, "recall": 0.5805555555555556, "f1-score": 0.5480341880341881, "support": 38.0}, "weighted avg": {"precision": 0.5398954116059379, "recall": 0.631578947368421, "f1-score": 0.5723076923076924, "support": 38.0}, "samples avg": {"precision": 0.2654320987654321, "recall": 0.25925925925925924, "f1-score": 0.25925925925925924, "support": 38.0}}