{"economic__education_level": {"precision": 1.0, "recall": 0.8333333333333334, "f1-score": 0.9090909090909091, "support": 6.0}, "economic__employment_status": {"precision": 1.0, "recall": 0.5, "f1-score": 0.6666666666666666, "support": 6.0}, "economic__income_wealth_economic_status": {"precision": 1.0, "recall": 0.6, "f1-score": 0.75, "support": 10.0}, "economic__occupation_profession": {"precision": 0.8947368421052632, "recall": 0.8095238095238095, "f1-score": 0.85, "support": 21.0}, "micro avg": {"precision": 0.9393939393939394, "recall": 0.7209302325581395, "f1-score": 0.8157894736842105, "support": 43.0}, "macro avg": {"precision": 0.9736842105263158, "recall": 0.6857142857142857, "f1-score": 0.793939393939394, "support": 43.0}, "weighted avg": {"precision": 0.9485924112607099, "recall": 0.7209302325581395, "f1-score": 0.8094080338266383, "support": 43.0}, "samples avg": {"precision": 0.3225806451612903, "recall": 0.3261648745519713, "f1-score": 0.3207885304659498, "support": 43.0}}