{"economic__class_membership": {"precision": 1.0, "recall": 0.5, "f1-score": 0.6666666666666666, "support": 2.0}, "economic__ecology_of_group": {"precision": 1.0, "recall": 0.5, "f1-score": 0.6666666666666666, "support": 4.0}, "economic__education_level": {"precision": 1.0, "recall": 0.8888888888888888, "f1-score": 0.9411764705882353, "support": 9.0}, "economic__employment_status": {"precision": 0.5, "recall": 1.0, "f1-score": 0.6666666666666666, "support": 2.0}, "economic__income_wealth_economic_status": {"precision": 0.875, "recall": 0.6363636363636364, "f1-score": 0.7368421052631579, "support": 11.0}, "economic__occupation_profession": {"precision": 0.9285714285714286, "recall": 0.7647058823529411, "f1-score": 0.8387096774193549, "support": 17.0}, "micro avg": {"precision": 0.8918918918918919, "recall": 0.7333333333333333, "f1-score": 0.8048780487804879, "support": 45.0}, "macro avg": {"precision": 0.8839285714285715, "recall": 0.7149930679342443, "f1-score": 0.7527880422117913, "support": 45.0}, "weighted avg": {"precision": 0.9202380952380952, "recall": 0.7333333333333333, "f1-score": 0.8037166498366939, "support": 45.0}, "samples avg": {"precision": 0.2904761904761905, "recall": 0.2761904761904762, "f1-score": 0.2793650793650793, "support": 45.0}}