{"economic__class_membership": {"precision": 0.0, "recall": 0.0, "f1-score": 0.0, "support": 5.0}, "economic__ecology_of_group": {"precision": 0.6, "recall": 1.0, "f1-score": 0.75, "support": 3.0}, "economic__education_level": {"precision": 1.0, "recall": 1.0, "f1-score": 1.0, "support": 3.0}, "economic__employment_status": {"precision": 0.5555555555555556, "recall": 1.0, "f1-score": 0.7142857142857143, "support": 5.0}, "economic__income_wealth_economic_status": {"precision": 0.9090909090909091, "recall": 1.0, "f1-score": 0.9523809523809523, "support": 10.0}, "economic__occupation_profession": {"precision": 0.8888888888888888, "recall": 0.6666666666666666, "f1-score": 0.7619047619047619, "support": 12.0}, "micro avg": {"precision": 0.7837837837837838, "recall": 0.7631578947368421, "f1-score": 0.7733333333333333, "support": 38.0}, "macro avg": {"precision": 0.658922558922559, "recall": 0.7777777777777778, "f1-score": 0.6964285714285715, "support": 38.0}, "weighted avg": {"precision": 0.719351408825093, "recall": 0.7631578947368421, "f1-score": 0.7233709273182957, "support": 38.0}, "samples avg": {"precision": 0.3148148148148148, "recall": 0.32098765432098764, "f1-score": 0.3127572016460905, "support": 38.0}}