{"noneconomic__age": {"precision": 0.75, "recall": 0.5, "f1-score": 0.6, "support": 6.0}, "noneconomic__crime": {"precision": 0.75, "recall": 0.6, "f1-score": 0.6666666666666666, "support": 5.0}, "noneconomic__ethnicity": {"precision": 0.0, "recall": 0.0, "f1-score": 0.0, "support": 0.0}, "noneconomic__family": {"precision": 0.75, "recall": 0.8181818181818182, "f1-score": 0.782608695652174, "support": 11.0}, "noneconomic__gender_sexuality": {"precision": 1.0, "recall": 0.8571428571428571, "f1-score": 0.9230769230769231, "support": 7.0}, "noneconomic__health": {"precision": 1.0, "recall": 0.75, "f1-score": 0.8571428571428571, "support": 4.0}, "noneconomic__nationality": {"precision": 0.6666666666666666, "recall": 1.0, "f1-score": 0.8, "support": 10.0}, "noneconomic__place_location": {"precision": 0.0, "recall": 0.0, "f1-score": 0.0, "support": 6.0}, "noneconomic__religion": {"precision": 0.0, "recall": 0.0, "f1-score": 0.0, "support": 0.0}, "noneconomic__shared_values_mentalities": {"precision": 1.0, "recall": 0.6521739130434783, "f1-score": 0.7894736842105263, "support": 23.0}, "micro avg": {"precision": 0.7777777777777778, "recall": 0.6805555555555556, "f1-score": 0.725925925925926, "support": 72.0}, "macro avg": {"precision": 0.5916666666666666, "recall": 0.5177498588368155, "f1-score": 0.5418968826749146, "support": 72.0}, "weighted avg": {"precision": 0.7939814814814814, "recall": 0.6805555555555556, "f1-score": 0.7165282446174897, "support": 72.0}, "samples avg": {"precision": 0.4943181818181818, "recall": 0.5113636363636364, "f1-score": 0.49242424242424243, "support": 72.0}}