{"noneconomic__age": {"precision": 0.9230769230769231, "recall": 0.9230769230769231, "f1-score": 0.9230769230769231, "support": 13.0}, "noneconomic__crime": {"precision": 0.8333333333333334, "recall": 1.0, "f1-score": 0.9090909090909091, "support": 5.0}, "noneconomic__ethnicity": {"precision": 1.0, "recall": 1.0, "f1-score": 1.0, "support": 1.0}, "noneconomic__family": {"precision": 1.0, "recall": 1.0, "f1-score": 1.0, "support": 7.0}, "noneconomic__gender_sexuality": {"precision": 1.0, "recall": 0.75, "f1-score": 0.8571428571428571, "support": 4.0}, "noneconomic__health": {"precision": 0.5, "recall": 1.0, "f1-score": 0.6666666666666666, "support": 2.0}, "noneconomic__nationality": {"precision": 0.8888888888888888, "recall": 0.8888888888888888, "f1-score": 0.8888888888888888, "support": 9.0}, "noneconomic__place_location": {"precision": 0.0, "recall": 0.0, "f1-score": 0.0, "support": 2.0}, "noneconomic__religion": {"precision": 0.0, "recall": 0.0, "f1-score": 0.0, "support": 0.0}, "noneconomic__shared_values_mentalities": {"precision": 0.6666666666666666, "recall": 0.6153846153846154, "f1-score": 0.64, "support": 13.0}, "micro avg": {"precision": 0.8214285714285714, "recall": 0.8214285714285714, "f1-score": 0.8214285714285714, "support": 56.0}, "macro avg": {"precision": 0.6811965811965812, "recall": 0.7177350427350427, "f1-score": 0.6884866244866245, "support": 56.0}, "weighted avg": {"precision": 0.818452380952381, "recall": 0.8214285714285714, "f1-score": 0.8147742733457018, "support": 56.0}, "samples avg": {"precision": 0.5058823529411764, "recall": 0.4960784313725491, "f1-score": 0.4956862745098039, "support": 56.0}}