{"noneconomic__age": {"precision": 0.9, "recall": 0.75, "f1-score": 0.8181818181818182, "support": 12.0}, "noneconomic__crime": {"precision": 1.0, "recall": 1.0, "f1-score": 1.0, "support": 3.0}, "noneconomic__ethnicity": {"precision": 1.0, "recall": 1.0, "f1-score": 1.0, "support": 1.0}, "noneconomic__family": {"precision": 1.0, "recall": 0.8, "f1-score": 0.8888888888888888, "support": 5.0}, "noneconomic__gender_sexuality": {"precision": 0.5, "recall": 0.5, "f1-score": 0.5, "support": 2.0}, "noneconomic__health": {"precision": 0.0, "recall": 0.0, "f1-score": 0.0, "support": 1.0}, "noneconomic__nationality": {"precision": 1.0, "recall": 0.5882352941176471, "f1-score": 0.7407407407407407, "support": 17.0}, "noneconomic__place_location": {"precision": 1.0, "recall": 1.0, "f1-score": 1.0, "support": 2.0}, "noneconomic__religion": {"precision": 0.0, "recall": 0.0, "f1-score": 0.0, "support": 0.0}, "noneconomic__shared_values_mentalities": {"precision": 0.8823529411764706, "recall": 0.7142857142857143, "f1-score": 0.7894736842105263, "support": 21.0}, "micro avg": {"precision": 0.8823529411764706, "recall": 0.703125, "f1-score": 0.782608695652174, "support": 64.0}, "macro avg": {"precision": 0.7282352941176471, "recall": 0.6352521008403362, "f1-score": 0.6737285132021975, "support": 64.0}, "weighted avg": {"precision": 0.9113970588235294, "recall": 0.703125, "f1-score": 0.7880338472443735, "support": 64.0}, "samples avg": {"precision": 0.4237588652482269, "recall": 0.4113475177304965, "f1-score": 0.41063829787234035, "support": 64.0}}