{"economic__education_level": {"precision": 0.0, "recall": 0.0, "f1-score": 0.0, "support": 1.0}, "economic__employment_status": {"precision": 1.0, "recall": 0.8888888888888888, "f1-score": 0.9411764705882353, "support": 9.0}, "economic__income_wealth_economic_status": {"precision": 0.8, "recall": 0.5333333333333333, "f1-score": 0.64, "support": 15.0}, "economic__occupation_profession": {"precision": 0.2777777777777778, "recall": 0.7142857142857143, "f1-score": 0.4, "support": 7.0}, "micro avg": {"precision": 0.5833333333333334, "recall": 0.65625, "f1-score": 0.6176470588235294, "support": 32.0}, "macro avg": {"precision": 0.5194444444444445, "recall": 0.5341269841269841, "f1-score": 0.4952941176470588, "support": 32.0}, "weighted avg": {"precision": 0.7170138888888888, "recall": 0.65625, "f1-score": 0.6522058823529412, "support": 32.0}, "samples avg": {"precision": 0.15137614678899083, "recall": 0.1834862385321101, "f1-score": 0.1620795107033639, "support": 32.0}}