{"economic__class_membership": {"precision": 0.0, "recall": 0.0, "f1-score": 0.0, "support": 5.0}, "economic__ecology_of_group": {"precision": 0.3333333333333333, "recall": 0.6666666666666666, "f1-score": 0.4444444444444444, "support": 3.0}, "economic__education_level": {"precision": 1.0, "recall": 1.0, "f1-score": 1.0, "support": 3.0}, "economic__employment_status": {"precision": 0.6, "recall": 0.6, "f1-score": 0.6, "support": 5.0}, "economic__income_wealth_economic_status": {"precision": 0.8888888888888888, "recall": 0.8, "f1-score": 0.8421052631578947, "support": 10.0}, "economic__occupation_profession": {"precision": 0.8461538461538461, "recall": 0.9166666666666666, "f1-score": 0.88, "support": 12.0}, "micro avg": {"precision": 0.7105263157894737, "recall": 0.7105263157894737, "f1-score": 0.7105263157894737, "support": 38.0}, "macro avg": {"precision": 0.6113960113960114, "recall": 0.6638888888888889, "f1-score": 0.6277582846003898, "support": 38.0}, "weighted avg": {"precision": 0.6853351327035537, "recall": 0.7105263157894737, "f1-score": 0.6924838411819022, "support": 38.0}, "samples avg": {"precision": 0.2654320987654321, "recall": 0.29012345679012347, "f1-score": 0.2716049382716049, "support": 38.0}}