{"noneconomic__age": {"precision": 0.8, "recall": 0.8, "f1-score": 0.8, "support": 5.0}, "noneconomic__crime": {"precision": 1.0, "recall": 1.0, "f1-score": 1.0, "support": 1.0}, "noneconomic__ethnicity": {"precision": 0.6666666666666666, "recall": 1.0, "f1-score": 0.8, "support": 2.0}, "noneconomic__family": {"precision": 1.0, "recall": 1.0, "f1-score": 1.0, "support": 1.0}, "noneconomic__gender_sexuality": {"precision": 1.0, "recall": 0.6666666666666666, "f1-score": 0.8, "support": 3.0}, "noneconomic__health": {"precision": 0.5, "recall": 0.25, "f1-score": 0.3333333333333333, "support": 4.0}, "noneconomic__nationality": {"precision": 0.9166666666666666, "recall": 0.7333333333333333, "f1-score": 0.8148148148148148, "support": 15.0}, "noneconomic__place_location": {"precision": 1.0, "recall": 0.5, "f1-score": 0.6666666666666666, "support": 6.0}, "noneconomic__religion": {"precision": 1.0, "recall": 0.6666666666666666, "f1-score": 0.8, "support": 3.0}, "noneconomic__shared_values_mentalities": {"precision": 0.875, "recall": 0.8235294117647058, "f1-score": 0.8484848484848485, "support": 17.0}, "micro avg": {"precision": 0.8723404255319149, "recall": 0.7192982456140351, "f1-score": 0.7884615384615384, "support": 57.0}, "macro avg": {"precision": 0.8758333333333332, "recall": 0.7440196078431371, "f1-score": 0.7863299663299663, "support": 57.0}, "weighted avg": {"precision": 0.8764619883040936, "recall": 0.7192982456140351, "f1-score": 0.7785929470139996, "support": 57.0}, "samples avg": {"precision": 0.4502164502164502, "recall": 0.42965367965367957, "f1-score": 0.4371057513914657, "support": 57.0}}