{"economic__education_level": {"precision": 1.0, "recall": 0.75, "f1-score": 0.8571428571428571, "support": 4.0}, "economic__employment_status": {"precision": 0.6666666666666666, "recall": 1.0, "f1-score": 0.8, "support": 2.0}, "economic__income_wealth_economic_status": {"precision": 0.8, "recall": 0.5, "f1-score": 0.6153846153846154, "support": 8.0}, "economic__occupation_profession": {"precision": 1.0, "recall": 0.4166666666666667, "f1-score": 0.5882352941176471, "support": 24.0}, "micro avg": {"precision": 0.9047619047619048, "recall": 0.5, "f1-score": 0.6440677966101694, "support": 38.0}, "macro avg": {"precision": 0.8666666666666667, "recall": 0.6666666666666666, "f1-score": 0.7151906916612799, "support": 38.0}, "weighted avg": {"precision": 0.9403508771929825, "recall": 0.5, "f1-score": 0.6334025108018916, "support": 38.0}, "samples avg": {"precision": 0.17117117117117117, "recall": 0.16666666666666666, "f1-score": 0.16816816816816815, "support": 38.0}}