{"economic": {"precision": 0.8292682926829268, "recall": 0.9444444444444444, "f1-score": 0.8831168831168831, "support": 36.0}, "noneconomic": {"precision": 0.723404255319149, "recall": 0.7555555555555555, "f1-score": 0.7391304347826086, "support": 45.0}, "micro avg": {"precision": 0.7727272727272727, "recall": 0.8395061728395061, "f1-score": 0.8047337278106509, "support": 81.0}, "macro avg": {"precision": 0.7763362740010379, "recall": 0.85, "f1-score": 0.8111236589497459, "support": 81.0}, "weighted avg": {"precision": 0.770454938591939, "recall": 0.8395061728395061, "f1-score": 0.803124411820064, "support": 81.0}, "samples avg": {"precision": 0.7922077922077922, "recall": 0.8116883116883117, "f1-score": 0.7835497835497834, "support": 81.0}}