{"noneconomic__age": {"precision": 0.8666666666666667, "recall": 1.0, "f1-score": 0.9285714285714286, "support": 13.0}, "noneconomic__crime": {"precision": 1.0, "recall": 0.8, "f1-score": 0.8888888888888888, "support": 5.0}, "noneconomic__ethnicity": {"precision": 1.0, "recall": 1.0, "f1-score": 1.0, "support": 1.0}, "noneconomic__family": {"precision": 1.0, "recall": 0.8571428571428571, "f1-score": 0.9230769230769231, "support": 7.0}, "noneconomic__gender_sexuality": {"precision": 0.6, "recall": 0.75, "f1-score": 0.6666666666666666, "support": 4.0}, "noneconomic__health": {"precision": 0.6666666666666666, "recall": 1.0, "f1-score": 0.8, "support": 2.0}, "noneconomic__nationality": {"precision": 0.8888888888888888, "recall": 0.8888888888888888, "f1-score": 0.8888888888888888, "support": 9.0}, "noneconomic__place_location": {"precision": 1.0, "recall": 0.5, "f1-score": 0.6666666666666666, "support": 2.0}, "noneconomic__religion": {"precision": 0.0, "recall": 0.0, "f1-score": 0.0, "support": 0.0}, "noneconomic__shared_values_mentalities": {"precision": 0.7, "recall": 0.5384615384615384, "f1-score": 0.6086956521739131, "support": 13.0}, "micro avg": {"precision": 0.8333333333333334, "recall": 0.8035714285714286, "f1-score": 0.8181818181818182, "support": 56.0}, "macro avg": {"precision": 0.7722222222222223, "recall": 0.7334493284493284, "f1-score": 0.7371455114933376, "support": 56.0}, "weighted avg": {"precision": 0.8410714285714286, "recall": 0.8035714285714286, "f1-score": 0.8123295527798634, "support": 56.0}, "samples avg": {"precision": 0.47058823529411764, "recall": 0.4764705882352941, "f1-score": 0.46666666666666673, "support": 56.0}}