{"economic__class_membership": {"precision": 0.25, "recall": 0.125, "f1-score": 0.16666666666666666, "support": 8.0}, "economic__ecology_of_group": {"precision": 0.0, "recall": 0.0, "f1-score": 0.0, "support": 3.0}, "economic__education_level": {"precision": 0.5, "recall": 1.0, "f1-score": 0.6666666666666666, "support": 1.0}, "economic__employment_status": {"precision": 0.5, "recall": 0.6666666666666666, "f1-score": 0.5714285714285714, "support": 3.0}, "economic__income_wealth_economic_status": {"precision": 1.0, "recall": 0.6666666666666666, "f1-score": 0.8, "support": 6.0}, "economic__occupation_profession": {"precision": 0.7857142857142857, "recall": 0.3793103448275862, "f1-score": 0.5116279069767442, "support": 29.0}, "micro avg": {"precision": 0.6785714285714286, "recall": 0.38, "f1-score": 0.48717948717948717, "support": 50.0}, "macro avg": {"precision": 0.5059523809523809, "recall": 0.4729406130268199, "f1-score": 0.45273163528977484, "support": 50.0}, "weighted avg": {"precision": 0.6557142857142857, "recall": 0.38, "f1-score": 0.46702990033222597, "support": 50.0}, "samples avg": {"precision": 0.15384615384615385, "recall": 0.17147435897435898, "f1-score": 0.15544871794871792, "support": 50.0}}