{"noneconomic__age": {"precision": 0.9230769230769231, "recall": 0.75, "f1-score": 0.8275862068965517, "support": 16.0}, "noneconomic__crime": {"precision": 1.0, "recall": 1.0, "f1-score": 1.0, "support": 8.0}, "noneconomic__ethnicity": {"precision": 0.75, "recall": 0.5, "f1-score": 0.6, "support": 6.0}, "noneconomic__family": {"precision": 0.3333333333333333, "recall": 1.0, "f1-score": 0.5, "support": 1.0}, "noneconomic__gender_sexuality": {"precision": 0.9583333333333334, "recall": 0.92, "f1-score": 0.9387755102040817, "support": 25.0}, "noneconomic__health": {"precision": 0.6666666666666666, "recall": 0.25, "f1-score": 0.36363636363636365, "support": 8.0}, "noneconomic__nationality": {"precision": 0.6666666666666666, "recall": 0.6666666666666666, "f1-score": 0.6666666666666666, "support": 9.0}, "noneconomic__place_location": {"precision": 1.0, "recall": 1.0, "f1-score": 1.0, "support": 2.0}, "noneconomic__religion": {"precision": 0.5714285714285714, "recall": 0.8, "f1-score": 0.6666666666666666, "support": 5.0}, "noneconomic__shared_values_mentalities": {"precision": 0.9090909090909091, "recall": 0.5555555555555556, "f1-score": 0.6896551724137931, "support": 18.0}, "micro avg": {"precision": 0.8452380952380952, "recall": 0.7244897959183674, "f1-score": 0.7802197802197802, "support": 98.0}, "macro avg": {"precision": 0.7778596403596404, "recall": 0.7442222222222221, "f1-score": 0.7252986586484124, "support": 98.0}, "weighted avg": {"precision": 0.8583164284694897, "recall": 0.7244897959183674, "f1-score": 0.7700712695032592, "support": 98.0}, "samples avg": {"precision": 0.536036036036036, "recall": 0.5330330330330331, "f1-score": 0.5237237237237237, "support": 98.0}}