{"economic__class_membership": {"precision": 0.0, "recall": 0.0, "f1-score": 0.0, "support": 0.0}, "economic__ecology_of_group": {"precision": 0.0, "recall": 0.0, "f1-score": 0.0, "support": 2.0}, "economic__education_level": {"precision": 1.0, "recall": 0.6666666666666666, "f1-score": 0.8, "support": 3.0}, "economic__employment_status": {"precision": 1.0, "recall": 0.4, "f1-score": 0.5714285714285714, "support": 5.0}, "economic__income_wealth_economic_status": {"precision": 0.75, "recall": 0.5, "f1-score": 0.6, "support": 6.0}, "economic__occupation_profession": {"precision": 0.7857142857142857, "recall": 0.6875, "f1-score": 0.7333333333333333, "support": 16.0}, "micro avg": {"precision": 0.8181818181818182, "recall": 0.5625, "f1-score": 0.6666666666666666, "support": 32.0}, "macro avg": {"precision": 0.5892857142857143, "recall": 0.3756944444444444, "f1-score": 0.4507936507936508, "support": 32.0}, "weighted avg": {"precision": 0.7834821428571428, "recall": 0.5625, "f1-score": 0.6434523809523809, "support": 32.0}, "samples avg": {"precision": 0.18041237113402062, "recall": 0.18041237113402062, "f1-score": 0.17869415807560135, "support": 32.0}}