{"economic": {"precision": 0.6896551724137931, "recall": 0.6896551724137931, "f1-score": 0.6896551724137931, "support": 29.0}, "noneconomic": {"precision": 0.8676470588235294, "recall": 0.8939393939393939, "f1-score": 0.8805970149253731, "support": 66.0}, "micro avg": {"precision": 0.8144329896907216, "recall": 0.8315789473684211, "f1-score": 0.8229166666666666, "support": 95.0}, "macro avg": {"precision": 0.7786511156186613, "recall": 0.7917972831765936, "f1-score": 0.7851260936695832, "support": 95.0}, "weighted avg": {"precision": 0.813312693498452, "recall": 0.8315789473684211, "f1-score": 0.8223095051060487, "support": 95.0}, "samples avg": {"precision": 0.8181818181818182, "recall": 0.8125, "f1-score": 0.7992424242424243, "support": 95.0}}