{"economic__class_membership": {"precision": 0.0, "recall": 0.0, "f1-score": 0.0, "support": 0.0}, "economic__ecology_of_group": {"precision": 1.0, "recall": 0.25, "f1-score": 0.4, "support": 4.0}, "economic__education_level": {"precision": 1.0, "recall": 1.0, "f1-score": 1.0, "support": 3.0}, "economic__employment_status": {"precision": 1.0, "recall": 1.0, "f1-score": 1.0, "support": 2.0}, "economic__income_wealth_economic_status": {"precision": 1.0, "recall": 0.6, "f1-score": 0.75, "support": 5.0}, "economic__occupation_profession": {"precision": 0.7142857142857143, "recall": 0.625, "f1-score": 0.6666666666666666, "support": 16.0}, "micro avg": {"precision": 0.8260869565217391, "recall": 0.6333333333333333, "f1-score": 0.7169811320754716, "support": 30.0}, "macro avg": {"precision": 0.7857142857142857, "recall": 0.5791666666666667, "f1-score": 0.6361111111111111, "support": 30.0}, "weighted avg": {"precision": 0.8476190476190477, "recall": 0.6333333333333333, "f1-score": 0.7005555555555555, "support": 30.0}, "samples avg": {"precision": 0.21022727272727273, "recall": 0.2159090909090909, "f1-score": 0.2121212121212121, "support": 30.0}}