{"noneconomic__age": {"precision": 0.8333333333333334, "recall": 0.8333333333333334, "f1-score": 0.8333333333333334, "support": 12.0}, "noneconomic__crime": {"precision": 1.0, "recall": 1.0, "f1-score": 1.0, "support": 3.0}, "noneconomic__ethnicity": {"precision": 1.0, "recall": 1.0, "f1-score": 1.0, "support": 1.0}, "noneconomic__family": {"precision": 0.75, "recall": 0.6, "f1-score": 0.6666666666666666, "support": 5.0}, "noneconomic__gender_sexuality": {"precision": 0.0, "recall": 0.0, "f1-score": 0.0, "support": 2.0}, "noneconomic__health": {"precision": 0.0, "recall": 0.0, "f1-score": 0.0, "support": 1.0}, "noneconomic__nationality": {"precision": 1.0, "recall": 0.8235294117647058, "f1-score": 0.9032258064516129, "support": 17.0}, "noneconomic__place_location": {"precision": 1.0, "recall": 0.5, "f1-score": 0.6666666666666666, "support": 2.0}, "noneconomic__religion": {"precision": 0.0, "recall": 0.0, "f1-score": 0.0, "support": 0.0}, "noneconomic__shared_values_mentalities": {"precision": 0.8888888888888888, "recall": 0.7619047619047619, "f1-score": 0.8205128205128205, "support": 21.0}, "micro avg": {"precision": 0.8888888888888888, "recall": 0.75, "f1-score": 0.8135593220338984, "support": 64.0}, "macro avg": {"precision": 0.6472222222222224, "recall": 0.5518767507002801, "f1-score": 0.58904052936311, "support": 64.0}, "weighted avg": {"precision": 0.8658854166666666, "recall": 0.75, "f1-score": 0.8008167907361454, "support": 64.0}, "samples avg": {"precision": 0.4804964539007093, "recall": 0.46453900709219864, "f1-score": 0.46241134751773044, "support": 64.0}}