{"economic__education_level": {"precision": 1.0, "recall": 1.0, "f1-score": 1.0, "support": 1.0}, "economic__employment_status": {"precision": 0.8, "recall": 0.8888888888888888, "f1-score": 0.8421052631578947, "support": 9.0}, "economic__income_wealth_economic_status": {"precision": 1.0, "recall": 0.6666666666666666, "f1-score": 0.8, "support": 15.0}, "economic__occupation_profession": {"precision": 0.5, "recall": 0.7142857142857143, "f1-score": 0.5882352941176471, "support": 7.0}, "micro avg": {"precision": 0.7741935483870968, "recall": 0.75, "f1-score": 0.7619047619047619, "support": 32.0}, "macro avg": {"precision": 0.825, "recall": 0.8174603174603174, "f1-score": 0.8075851393188854, "support": 32.0}, "weighted avg": {"precision": 0.834375, "recall": 0.75, "f1-score": 0.7717685758513931, "support": 32.0}, "samples avg": {"precision": 0.21100917431192662, "recall": 0.21559633027522937, "f1-score": 0.21100917431192662, "support": 32.0}}