{"economic": {"precision": 0.8787878787878788, "recall": 0.8285714285714286, "f1-score": 0.8529411764705882, "support": 35.0}, "noneconomic": {"precision": 0.8135593220338984, "recall": 0.8888888888888888, "f1-score": 0.8495575221238938, "support": 54.0}, "micro avg": {"precision": 0.8369565217391305, "recall": 0.8651685393258427, "f1-score": 0.850828729281768, "support": 89.0}, "macro avg": {"precision": 0.8461736004108886, "recall": 0.8587301587301588, "f1-score": 0.851249349297241, "support": 89.0}, "weighted avg": {"precision": 0.8392110016562502, "recall": 0.8651685393258427, "f1-score": 0.8508881727096724, "support": 89.0}, "samples avg": {"precision": 0.723404255319149, "recall": 0.7446808510638298, "f1-score": 0.7269503546099291, "support": 89.0}}