{"noneconomic__age": {"precision": 0.9583333333333334, "recall": 0.92, "f1-score": 0.9387755102040817, "support": 25.0}, "noneconomic__crime": {"precision": 1.0, "recall": 1.0, "f1-score": 1.0, "support": 3.0}, "noneconomic__ethnicity": {"precision": 1.0, "recall": 1.0, "f1-score": 1.0, "support": 4.0}, "noneconomic__family": {"precision": 0.6, "recall": 0.25, "f1-score": 0.35294117647058826, "support": 12.0}, "noneconomic__gender_sexuality": {"precision": 0.8571428571428571, "recall": 1.0, "f1-score": 0.9230769230769231, "support": 6.0}, "noneconomic__health": {"precision": 1.0, "recall": 0.6666666666666666, "f1-score": 0.8, "support": 3.0}, "noneconomic__nationality": {"precision": 1.0, "recall": 0.9166666666666666, "f1-score": 0.9565217391304348, "support": 12.0}, "noneconomic__place_location": {"precision": 0.5, "recall": 0.3333333333333333, "f1-score": 0.4, "support": 3.0}, "noneconomic__religion": {"precision": 1.0, "recall": 1.0, "f1-score": 1.0, "support": 5.0}, "noneconomic__shared_values_mentalities": {"precision": 0.8, "recall": 0.8571428571428571, "f1-score": 0.8275862068965517, "support": 14.0}, "micro avg": {"precision": 0.8974358974358975, "recall": 0.8045977011494253, "f1-score": 0.8484848484848485, "support": 87.0}, "macro avg": {"precision": 0.8715476190476192, "recall": 0.7943809523809523, "f1-score": 0.8198901555778579, "support": 87.0}, "weighted avg": {"precision": 0.8735769020251779, "recall": 0.8045977011494253, "f1-score": 0.8265242664060641, "support": 87.0}, "samples avg": {"precision": 0.5969387755102041, "recall": 0.5510204081632653, "f1-score": 0.5612244897959183, "support": 87.0}}