{"economic": {"precision": 0.7352941176470589, "recall": 0.8620689655172413, "f1-score": 0.7936507936507936, "support": 29.0}, "noneconomic": {"precision": 0.8125, "recall": 1.0, "f1-score": 0.896551724137931, "support": 65.0}, "micro avg": {"precision": 0.7894736842105263, "recall": 0.9574468085106383, "f1-score": 0.8653846153846154, "support": 94.0}, "macro avg": {"precision": 0.7738970588235294, "recall": 0.9310344827586207, "f1-score": 0.8451012588943623, "support": 94.0}, "weighted avg": {"precision": 0.7886811639549437, "recall": 0.9574468085106383, "f1-score": 0.8648056923918993, "support": 94.0}, "samples avg": {"precision": 0.8112244897959183, "recall": 0.8877551020408163, "f1-score": 0.8367346938775512, "support": 94.0}}