{"noneconomic__age": {"precision": 0.75, "recall": 0.8571428571428571, "f1-score": 0.8, "support": 7.0}, "noneconomic__crime": {"precision": 0.0, "recall": 0.0, "f1-score": 0.0, "support": 3.0}, "noneconomic__ethnicity": {"precision": 0.6, "recall": 1.0, "f1-score": 0.75, "support": 3.0}, "noneconomic__family": {"precision": 1.0, "recall": 0.8, "f1-score": 0.8888888888888888, "support": 5.0}, "noneconomic__gender_sexuality": {"precision": 1.0, "recall": 0.8, "f1-score": 0.8888888888888888, "support": 10.0}, "noneconomic__health": {"precision": 1.0, "recall": 0.6666666666666666, "f1-score": 0.8, "support": 3.0}, "noneconomic__nationality": {"precision": 0.3333333333333333, "recall": 0.75, "f1-score": 0.46153846153846156, "support": 4.0}, "noneconomic__place_location": {"precision": 0.0, "recall": 0.0, "f1-score": 0.0, "support": 1.0}, "noneconomic__religion": {"precision": 0.5714285714285714, "recall": 1.0, "f1-score": 0.7272727272727273, "support": 4.0}, "noneconomic__shared_values_mentalities": {"precision": 0.625, "recall": 0.7692307692307693, "f1-score": 0.6896551724137931, "support": 13.0}, "micro avg": {"precision": 0.6666666666666666, "recall": 0.7547169811320755, "f1-score": 0.7079646017699115, "support": 53.0}, "macro avg": {"precision": 0.5879761904761904, "recall": 0.6643040293040292, "f1-score": 0.600624413900276, "support": 53.0}, "weighted avg": {"precision": 0.6942273135669362, "recall": 0.7547169811320755, "f1-score": 0.7038508552822152, "support": 53.0}, "samples avg": {"precision": 0.3847736625514403, "recall": 0.40946502057613166, "f1-score": 0.39053497942386833, "support": 53.0}}