{"noneconomic__age": {"precision": 0.9, "recall": 0.8181818181818182, "f1-score": 0.8571428571428571, "support": 22.0}, "noneconomic__crime": {"precision": 1.0, "recall": 1.0, "f1-score": 1.0, "support": 1.0}, "noneconomic__ethnicity": {"precision": 1.0, "recall": 1.0, "f1-score": 1.0, "support": 5.0}, "noneconomic__family": {"precision": 0.8181818181818182, "recall": 1.0, "f1-score": 0.9, "support": 9.0}, "noneconomic__gender_sexuality": {"precision": 0.8888888888888888, "recall": 0.9411764705882353, "f1-score": 0.9142857142857143, "support": 17.0}, "noneconomic__health": {"precision": 0.8333333333333334, "recall": 0.7142857142857143, "f1-score": 0.7692307692307693, "support": 7.0}, "noneconomic__nationality": {"precision": 0.7142857142857143, "recall": 0.5, "f1-score": 0.5882352941176471, "support": 20.0}, "noneconomic__place_location": {"precision": 0.0, "recall": 0.0, "f1-score": 0.0, "support": 4.0}, "noneconomic__religion": {"precision": 1.0, "recall": 0.8333333333333334, "f1-score": 0.9090909090909091, "support": 6.0}, "noneconomic__shared_values_mentalities": {"precision": 0.7142857142857143, "recall": 0.625, "f1-score": 0.6666666666666666, "support": 16.0}, "micro avg": {"precision": 0.8315789473684211, "recall": 0.7383177570093458, "f1-score": 0.7821782178217822, "support": 107.0}, "macro avg": {"precision": 0.786897546897547, "recall": 0.7431977336389101, "f1-score": 0.7604652210534564, "support": 107.0}, "weighted avg": {"precision": 0.8020781917978179, "recall": 0.7383177570093458, "f1-score": 0.7642105924129015, "support": 107.0}, "samples avg": {"precision": 0.5203836930455636, "recall": 0.5239808153477218, "f1-score": 0.515347721822542, "support": 107.0}}