{"noneconomic__age": {"precision": 0.8666666666666667, "recall": 0.8125, "f1-score": 0.8387096774193549, "support": 16.0}, "noneconomic__crime": {"precision": 1.0, "recall": 0.3333333333333333, "f1-score": 0.5, "support": 3.0}, "noneconomic__ethnicity": {"precision": 0.75, "recall": 0.6, "f1-score": 0.6666666666666666, "support": 5.0}, "noneconomic__family": {"precision": 0.8333333333333334, "recall": 0.3125, "f1-score": 0.45454545454545453, "support": 16.0}, "noneconomic__gender_sexuality": {"precision": 0.5, "recall": 0.3333333333333333, "f1-score": 0.4, "support": 3.0}, "noneconomic__health": {"precision": 1.0, "recall": 0.7777777777777778, "f1-score": 0.875, "support": 9.0}, "noneconomic__nationality": {"precision": 0.625, "recall": 0.7142857142857143, "f1-score": 0.6666666666666666, "support": 14.0}, "noneconomic__place_location": {"precision": 1.0, "recall": 0.42857142857142855, "f1-score": 0.6, "support": 7.0}, "noneconomic__religion": {"precision": 0.25, "recall": 0.5, "f1-score": 0.3333333333333333, "support": 2.0}, "noneconomic__shared_values_mentalities": {"precision": 0.47619047619047616, "recall": 0.45454545454545453, "f1-score": 0.46511627906976744, "support": 22.0}, "micro avg": {"precision": 0.6835443037974683, "recall": 0.5567010309278351, "f1-score": 0.6136363636363636, "support": 97.0}, "macro avg": {"precision": 0.7301190476190477, "recall": 0.526684704184704, "f1-score": 0.5800038077701244, "support": 97.0}, "weighted avg": {"precision": 0.7337751595483555, "recall": 0.5567010309278351, "f1-score": 0.6085873565392284, "support": 97.0}, "samples avg": {"precision": 0.37433862433862436, "recall": 0.3366402116402117, "f1-score": 0.34489795918367344, "support": 97.0}}