{"economic": {"precision": 0.9117647058823529, "recall": 0.9117647058823529, "f1-score": 0.9117647058823529, "support": 34.0}, "noneconomic": {"precision": 0.8518518518518519, "recall": 0.92, "f1-score": 0.8846153846153846, "support": 50.0}, "micro avg": {"precision": 0.875, "recall": 0.9166666666666666, "f1-score": 0.8953488372093024, "support": 84.0}, "macro avg": {"precision": 0.8818082788671024, "recall": 0.9158823529411765, "f1-score": 0.8981900452488687, "support": 84.0}, "weighted avg": {"precision": 0.8761022927689595, "recall": 0.9166666666666666, "f1-score": 0.8956043956043955, "support": 84.0}, "samples avg": {"precision": 0.8588235294117647, "recall": 0.8705882352941177, "f1-score": 0.8588235294117647, "support": 84.0}}