{"noneconomic__age": {"precision": 0.6, "recall": 0.75, "f1-score": 0.6666666666666666, "support": 4.0}, "noneconomic__crime": {"precision": 1.0, "recall": 0.8888888888888888, "f1-score": 0.9411764705882353, "support": 9.0}, "noneconomic__ethnicity": {"precision": 1.0, "recall": 1.0, "f1-score": 1.0, "support": 1.0}, "noneconomic__family": {"precision": 0.8, "recall": 1.0, "f1-score": 0.8888888888888888, "support": 4.0}, "noneconomic__gender_sexuality": {"precision": 0.75, "recall": 0.5, "f1-score": 0.6, "support": 6.0}, "noneconomic__health": {"precision": 1.0, "recall": 0.6666666666666666, "f1-score": 0.8, "support": 3.0}, "noneconomic__nationality": {"precision": 0.8181818181818182, "recall": 1.0, "f1-score": 0.9, "support": 9.0}, "noneconomic__place_location": {"precision": 1.0, "recall": 0.75, "f1-score": 0.8571428571428571, "support": 4.0}, "noneconomic__religion": {"precision": 1.0, "recall": 1.0, "f1-score": 1.0, "support": 1.0}, "noneconomic__shared_values_mentalities": {"precision": 0.8, "recall": 0.6153846153846154, "f1-score": 0.6956521739130435, "support": 13.0}, "micro avg": {"precision": 0.84, "recall": 0.7777777777777778, "f1-score": 0.8076923076923077, "support": 54.0}, "macro avg": {"precision": 0.8768181818181819, "recall": 0.8170940170940171, "f1-score": 0.834952705719969, "support": 54.0}, "weighted avg": {"precision": 0.8493265993265994, "recall": 0.7777777777777778, "f1-score": 0.8012011138325432, "support": 54.0}, "samples avg": {"precision": 0.45, "recall": 0.4645833333333333, "f1-score": 0.45166666666666655, "support": 54.0}}