{"economic__education_level": {"precision": 1.0, "recall": 0.6, "f1-score": 0.75, "support": 5.0}, "economic__employment_status": {"precision": 0.2857142857142857, "recall": 0.5, "f1-score": 0.36363636363636365, "support": 4.0}, "economic__income_wealth_economic_status": {"precision": 1.0, "recall": 0.8181818181818182, "f1-score": 0.9, "support": 11.0}, "economic__occupation_profession": {"precision": 0.9090909090909091, "recall": 0.625, "f1-score": 0.7407407407407407, "support": 16.0}, "micro avg": {"precision": 0.8, "recall": 0.6666666666666666, "f1-score": 0.7272727272727273, "support": 36.0}, "macro avg": {"precision": 0.7987012987012987, "recall": 0.6357954545454546, "f1-score": 0.688594276094276, "support": 36.0}, "weighted avg": {"precision": 0.8802308802308801, "recall": 0.6666666666666666, "f1-score": 0.7487888140665918, "support": 36.0}, "samples avg": {"precision": 0.25882352941176473, "recall": 0.27647058823529413, "f1-score": 0.2627450980392157, "support": 36.0}}