{"economic__class_membership": {"precision": 0.0, "recall": 0.0, "f1-score": 0.0, "support": 0.0}, "economic__ecology_of_group": {"precision": 1.0, "recall": 0.3333333333333333, "f1-score": 0.5, "support": 3.0}, "economic__education_level": {"precision": 1.0, "recall": 0.8333333333333334, "f1-score": 0.9090909090909091, "support": 6.0}, "economic__employment_status": {"precision": 0.5, "recall": 0.25, "f1-score": 0.3333333333333333, "support": 4.0}, "economic__income_wealth_economic_status": {"precision": 0.5, "recall": 0.2857142857142857, "f1-score": 0.36363636363636365, "support": 7.0}, "economic__occupation_profession": {"precision": 0.8888888888888888, "recall": 0.5, "f1-score": 0.64, "support": 16.0}, "micro avg": {"precision": 0.8095238095238095, "recall": 0.4722222222222222, "f1-score": 0.5964912280701754, "support": 36.0}, "macro avg": {"precision": 0.6481481481481481, "recall": 0.3670634920634921, "f1-score": 0.4576767676767677, "support": 36.0}, "weighted avg": {"precision": 0.7978395061728395, "recall": 0.4722222222222222, "f1-score": 0.5853703703703703, "support": 36.0}, "samples avg": {"precision": 0.1875, "recall": 0.19375, "f1-score": 0.1875, "support": 36.0}}