{"noneconomic__age": {"precision": 0.7142857142857143, "recall": 1.0, "f1-score": 0.8333333333333334, "support": 5.0}, "noneconomic__crime": {"precision": 1.0, "recall": 1.0, "f1-score": 1.0, "support": 1.0}, "noneconomic__ethnicity": {"precision": 0.6666666666666666, "recall": 1.0, "f1-score": 0.8, "support": 2.0}, "noneconomic__family": {"precision": 0.25, "recall": 1.0, "f1-score": 0.4, "support": 1.0}, "noneconomic__gender_sexuality": {"precision": 1.0, "recall": 0.6666666666666666, "f1-score": 0.8, "support": 3.0}, "noneconomic__health": {"precision": 1.0, "recall": 0.5, "f1-score": 0.6666666666666666, "support": 4.0}, "noneconomic__nationality": {"precision": 0.8571428571428571, "recall": 0.8, "f1-score": 0.8275862068965517, "support": 15.0}, "noneconomic__place_location": {"precision": 0.375, "recall": 0.5, "f1-score": 0.42857142857142855, "support": 6.0}, "noneconomic__religion": {"precision": 0.6666666666666666, "recall": 0.6666666666666666, "f1-score": 0.6666666666666666, "support": 3.0}, "noneconomic__shared_values_mentalities": {"precision": 0.7333333333333333, "recall": 0.6470588235294118, "f1-score": 0.6875, "support": 17.0}, "micro avg": {"precision": 0.6949152542372882, "recall": 0.7192982456140351, "f1-score": 0.7068965517241379, "support": 57.0}, "macro avg": {"precision": 0.7263095238095238, "recall": 0.7780392156862745, "f1-score": 0.7110324302134647, "support": 57.0}, "weighted avg": {"precision": 0.749624060150376, "recall": 0.7192982456140351, "f1-score": 0.7176500878633365, "support": 57.0}, "samples avg": {"precision": 0.3874458874458874, "recall": 0.4318181818181818, "f1-score": 0.39684601113172546, "support": 57.0}}