{"economic": {"precision": 0.7027027027027027, "recall": 0.7647058823529411, "f1-score": 0.7323943661971831, "support": 34.0}, "noneconomic": {"precision": 0.8571428571428571, "recall": 0.8181818181818182, "f1-score": 0.8372093023255814, "support": 44.0}, "micro avg": {"precision": 0.7848101265822784, "recall": 0.7948717948717948, "f1-score": 0.7898089171974523, "support": 78.0}, "macro avg": {"precision": 0.7799227799227799, "recall": 0.7914438502673797, "f1-score": 0.7848018342613823, "support": 78.0}, "weighted avg": {"precision": 0.7898227898227899, "recall": 0.7948717948717948, "f1-score": 0.7915207404234591, "support": 78.0}, "samples avg": {"precision": 0.7160493827160493, "recall": 0.7098765432098766, "f1-score": 0.7037037037037037, "support": 78.0}}