{"economic__class_membership": {"precision": 0.0, "recall": 0.0, "f1-score": 0.0, "support": 0.0}, "economic__ecology_of_group": {"precision": 0.0, "recall": 0.0, "f1-score": 0.0, "support": 2.0}, "economic__education_level": {"precision": 0.6666666666666666, "recall": 0.6666666666666666, "f1-score": 0.6666666666666666, "support": 3.0}, "economic__employment_status": {"precision": 0.3333333333333333, "recall": 0.2, "f1-score": 0.25, "support": 5.0}, "economic__income_wealth_economic_status": {"precision": 0.5714285714285714, "recall": 0.6666666666666666, "f1-score": 0.6153846153846154, "support": 6.0}, "economic__occupation_profession": {"precision": 0.7692307692307693, "recall": 0.625, "f1-score": 0.6896551724137931, "support": 16.0}, "micro avg": {"precision": 0.6538461538461539, "recall": 0.53125, "f1-score": 0.5862068965517241, "support": 32.0}, "macro avg": {"precision": 0.3901098901098901, "recall": 0.3597222222222222, "f1-score": 0.37028440907751253, "support": 32.0}, "weighted avg": {"precision": 0.606341575091575, "recall": 0.53125, "f1-score": 0.561774701591512, "support": 32.0}, "samples avg": {"precision": 0.15807560137457044, "recall": 0.17010309278350516, "f1-score": 0.15979381443298968, "support": 32.0}}