{"economic": {"precision": 0.813953488372093, "recall": 0.9722222222222222, "f1-score": 0.8860759493670886, "support": 36.0}, "noneconomic": {"precision": 0.9117647058823529, "recall": 0.6888888888888889, "f1-score": 0.7848101265822784, "support": 45.0}, "micro avg": {"precision": 0.8571428571428571, "recall": 0.8148148148148148, "f1-score": 0.8354430379746836, "support": 81.0}, "macro avg": {"precision": 0.862859097127223, "recall": 0.8305555555555555, "f1-score": 0.8354430379746836, "support": 81.0}, "weighted avg": {"precision": 0.8682930536555709, "recall": 0.8148148148148148, "f1-score": 0.8298171589310831, "support": 81.0}, "samples avg": {"precision": 0.8311688311688312, "recall": 0.7922077922077922, "f1-score": 0.8008658008658008, "support": 81.0}}