{"economic": {"precision": 0.5833333333333334, "recall": 0.8484848484848485, "f1-score": 0.691358024691358, "support": 33.0}, "noneconomic": {"precision": 0.75, "recall": 0.875, "f1-score": 0.8076923076923077, "support": 48.0}, "micro avg": {"precision": 0.6730769230769231, "recall": 0.8641975308641975, "f1-score": 0.7567567567567568, "support": 81.0}, "macro avg": {"precision": 0.6666666666666667, "recall": 0.8617424242424243, "f1-score": 0.7495251661918328, "support": 81.0}, "weighted avg": {"precision": 0.6820987654320988, "recall": 0.8641975308641975, "f1-score": 0.7602968590622912, "support": 81.0}, "samples avg": {"precision": 0.66875, "recall": 0.80625, "f1-score": 0.7083333333333334, "support": 81.0}}