{"noneconomic__age": {"precision": 1.0, "recall": 0.4375, "f1-score": 0.6086956521739131, "support": 16.0}, "noneconomic__crime": {"precision": 1.0, "recall": 1.0, "f1-score": 1.0, "support": 8.0}, "noneconomic__ethnicity": {"precision": 0.75, "recall": 0.5, "f1-score": 0.6, "support": 6.0}, "noneconomic__family": {"precision": 0.3333333333333333, "recall": 1.0, "f1-score": 0.5, "support": 1.0}, "noneconomic__gender_sexuality": {"precision": 1.0, "recall": 0.92, "f1-score": 0.9583333333333334, "support": 25.0}, "noneconomic__health": {"precision": 0.8, "recall": 0.5, "f1-score": 0.6153846153846154, "support": 8.0}, "noneconomic__nationality": {"precision": 0.8333333333333334, "recall": 0.5555555555555556, "f1-score": 0.6666666666666666, "support": 9.0}, "noneconomic__place_location": {"precision": 0.0, "recall": 0.0, "f1-score": 0.0, "support": 2.0}, "noneconomic__religion": {"precision": 0.4, "recall": 0.8, "f1-score": 0.5333333333333333, "support": 5.0}, "noneconomic__shared_values_mentalities": {"precision": 0.6470588235294118, "recall": 0.6111111111111112, "f1-score": 0.6285714285714286, "support": 18.0}, "micro avg": {"precision": 0.7951807228915663, "recall": 0.673469387755102, "f1-score": 0.7292817679558011, "support": 98.0}, "macro avg": {"precision": 0.676372549019608, "recall": 0.6324166666666666, "f1-score": 0.611098502946329, "support": 98.0}, "weighted avg": {"precision": 0.8304121648659464, "recall": 0.673469387755102, "f1-score": 0.7214438068586251, "support": 98.0}, "samples avg": {"precision": 0.49099099099099097, "recall": 0.5015015015015015, "f1-score": 0.48348348348348347, "support": 98.0}}