{"noneconomic__age": {"precision": 0.2, "recall": 0.16666666666666666, "f1-score": 0.18181818181818182, "support": 6.0}, "noneconomic__crime": {"precision": 1.0, "recall": 0.4, "f1-score": 0.5714285714285714, "support": 5.0}, "noneconomic__ethnicity": {"precision": 0.0, "recall": 0.0, "f1-score": 0.0, "support": 0.0}, "noneconomic__family": {"precision": 0.6923076923076923, "recall": 0.8181818181818182, "f1-score": 0.75, "support": 11.0}, "noneconomic__gender_sexuality": {"precision": 1.0, "recall": 0.7142857142857143, "f1-score": 0.8333333333333334, "support": 7.0}, "noneconomic__health": {"precision": 1.0, "recall": 1.0, "f1-score": 1.0, "support": 4.0}, "noneconomic__nationality": {"precision": 0.6666666666666666, "recall": 1.0, "f1-score": 0.8, "support": 10.0}, "noneconomic__place_location": {"precision": 0.0, "recall": 0.0, "f1-score": 0.0, "support": 6.0}, "noneconomic__religion": {"precision": 0.0, "recall": 0.0, "f1-score": 0.0, "support": 0.0}, "noneconomic__shared_values_mentalities": {"precision": 0.8333333333333334, "recall": 0.43478260869565216, "f1-score": 0.5714285714285714, "support": 23.0}, "micro avg": {"precision": 0.6721311475409836, "recall": 0.5694444444444444, "f1-score": 0.6165413533834586, "support": 72.0}, "macro avg": {"precision": 0.5392307692307692, "recall": 0.45339168078298514, "f1-score": 0.4708008658008659, "support": 72.0}, "weighted avg": {"precision": 0.7034544159544159, "recall": 0.5694444444444444, "f1-score": 0.5996422558922558, "support": 72.0}, "samples avg": {"precision": 0.4375, "recall": 0.4375, "f1-score": 0.4299242424242424, "support": 72.0}}