{"noneconomic__age": {"precision": 1.0, "recall": 0.8, "f1-score": 0.8888888888888888, "support": 5.0}, "noneconomic__crime": {"precision": 1.0, "recall": 1.0, "f1-score": 1.0, "support": 1.0}, "noneconomic__ethnicity": {"precision": 1.0, "recall": 1.0, "f1-score": 1.0, "support": 2.0}, "noneconomic__family": {"precision": 0.3333333333333333, "recall": 1.0, "f1-score": 0.5, "support": 1.0}, "noneconomic__gender_sexuality": {"precision": 1.0, "recall": 0.6666666666666666, "f1-score": 0.8, "support": 3.0}, "noneconomic__health": {"precision": 0.5, "recall": 0.25, "f1-score": 0.3333333333333333, "support": 4.0}, "noneconomic__nationality": {"precision": 0.9230769230769231, "recall": 0.8, "f1-score": 0.8571428571428571, "support": 15.0}, "noneconomic__place_location": {"precision": 1.0, "recall": 0.3333333333333333, "f1-score": 0.5, "support": 6.0}, "noneconomic__religion": {"precision": 1.0, "recall": 0.6666666666666666, "f1-score": 0.8, "support": 3.0}, "noneconomic__shared_values_mentalities": {"precision": 0.8, "recall": 0.7058823529411765, "f1-score": 0.75, "support": 17.0}, "micro avg": {"precision": 0.8478260869565217, "recall": 0.6842105263157895, "f1-score": 0.7572815533980582, "support": 57.0}, "macro avg": {"precision": 0.8556410256410256, "recall": 0.7222549019607843, "f1-score": 0.742936507936508, "support": 57.0}, "weighted avg": {"precision": 0.8733243364822313, "recall": 0.6842105263157895, "f1-score": 0.7488582567529936, "support": 57.0}, "samples avg": {"precision": 0.42857142857142855, "recall": 0.40584415584415584, "f1-score": 0.40896722325293755, "support": 57.0}}