{"economic__education_level": {"precision": 0.6666666666666666, "recall": 1.0, "f1-score": 0.8, "support": 4.0}, "economic__employment_status": {"precision": 1.0, "recall": 0.5, "f1-score": 0.6666666666666666, "support": 2.0}, "economic__income_wealth_economic_status": {"precision": 0.25, "recall": 0.125, "f1-score": 0.16666666666666666, "support": 8.0}, "economic__occupation_profession": {"precision": 0.7272727272727273, "recall": 0.3333333333333333, "f1-score": 0.45714285714285713, "support": 24.0}, "micro avg": {"precision": 0.6363636363636364, "recall": 0.3684210526315789, "f1-score": 0.4666666666666667, "support": 38.0}, "macro avg": {"precision": 0.6609848484848484, "recall": 0.4895833333333333, "f1-score": 0.5226190476190476, "support": 38.0}, "weighted avg": {"precision": 0.6347687400318979, "recall": 0.3684210526315789, "f1-score": 0.4431077694235589, "support": 38.0}, "samples avg": {"precision": 0.11711711711711711, "recall": 0.12162162162162163, "f1-score": 0.11711711711711711, "support": 38.0}}