{"economic": {"precision": 0.8235294117647058, "recall": 0.8484848484848485, "f1-score": 0.835820895522388, "support": 33.0}, "noneconomic": {"precision": 0.82, "recall": 0.8541666666666666, "f1-score": 0.8367346938775511, "support": 48.0}, "micro avg": {"precision": 0.8214285714285714, "recall": 0.8518518518518519, "f1-score": 0.8363636363636363, "support": 81.0}, "macro avg": {"precision": 0.821764705882353, "recall": 0.8513257575757576, "f1-score": 0.8362777946999695, "support": 81.0}, "weighted avg": {"precision": 0.8214379084967319, "recall": 0.8518518518518519, "f1-score": 0.836362405658781, "support": 81.0}, "samples avg": {"precision": 0.775, "recall": 0.79375, "f1-score": 0.775, "support": 81.0}}