{"economic__class_membership": {"precision": 0.0, "recall": 0.0, "f1-score": 0.0, "support": 0.0}, "economic__ecology_of_group": {"precision": 0.0, "recall": 0.0, "f1-score": 0.0, "support": 3.0}, "economic__education_level": {"precision": 1.0, "recall": 0.8333333333333334, "f1-score": 0.9090909090909091, "support": 6.0}, "economic__employment_status": {"precision": 1.0, "recall": 0.75, "f1-score": 0.8571428571428571, "support": 4.0}, "economic__income_wealth_economic_status": {"precision": 1.0, "recall": 0.42857142857142855, "f1-score": 0.6, "support": 7.0}, "economic__occupation_profession": {"precision": 0.75, "recall": 0.75, "f1-score": 0.75, "support": 16.0}, "micro avg": {"precision": 0.7931034482758621, "recall": 0.6388888888888888, "f1-score": 0.7076923076923077, "support": 36.0}, "macro avg": {"precision": 0.625, "recall": 0.4603174603174603, "f1-score": 0.5193722943722944, "support": 36.0}, "weighted avg": {"precision": 0.8055555555555556, "recall": 0.6388888888888888, "f1-score": 0.6967532467532468, "support": 36.0}, "samples avg": {"precision": 0.275, "recall": 0.26875, "f1-score": 0.26666666666666666, "support": 36.0}}