{"economic": {"precision": 0.7647058823529411, "recall": 0.7647058823529411, "f1-score": 0.7647058823529411, "support": 34.0}, "noneconomic": {"precision": 0.6530612244897959, "recall": 0.7272727272727273, "f1-score": 0.6881720430107527, "support": 44.0}, "micro avg": {"precision": 0.6987951807228916, "recall": 0.7435897435897436, "f1-score": 0.7204968944099379, "support": 78.0}, "macro avg": {"precision": 0.7088835534213684, "recall": 0.7459893048128342, "f1-score": 0.7264389626818469, "support": 78.0}, "weighted avg": {"precision": 0.7017268445839874, "recall": 0.7435897435897436, "f1-score": 0.721532947339399, "support": 78.0}, "samples avg": {"precision": 0.6358024691358025, "recall": 0.654320987654321, "f1-score": 0.6337448559670781, "support": 78.0}}