{"noneconomic__age": {"precision": 1.0, "recall": 0.6875, "f1-score": 0.8148148148148148, "support": 16.0}, "noneconomic__crime": {"precision": 0.8888888888888888, "recall": 1.0, "f1-score": 0.9411764705882353, "support": 8.0}, "noneconomic__ethnicity": {"precision": 0.8333333333333334, "recall": 0.8333333333333334, "f1-score": 0.8333333333333334, "support": 6.0}, "noneconomic__family": {"precision": 0.5, "recall": 1.0, "f1-score": 0.6666666666666666, "support": 1.0}, "noneconomic__gender_sexuality": {"precision": 1.0, "recall": 0.96, "f1-score": 0.9795918367346939, "support": 25.0}, "noneconomic__health": {"precision": 1.0, "recall": 0.5, "f1-score": 0.6666666666666666, "support": 8.0}, "noneconomic__nationality": {"precision": 0.6666666666666666, "recall": 0.6666666666666666, "f1-score": 0.6666666666666666, "support": 9.0}, "noneconomic__place_location": {"precision": 0.6666666666666666, "recall": 1.0, "f1-score": 0.8, "support": 2.0}, "noneconomic__religion": {"precision": 0.5, "recall": 0.8, "f1-score": 0.6153846153846154, "support": 5.0}, "noneconomic__shared_values_mentalities": {"precision": 0.8333333333333334, "recall": 0.5555555555555556, "f1-score": 0.6666666666666666, "support": 18.0}, "micro avg": {"precision": 0.8522727272727273, "recall": 0.7653061224489796, "f1-score": 0.8064516129032258, "support": 98.0}, "macro avg": {"precision": 0.7888888888888889, "recall": 0.8003055555555555, "f1-score": 0.7650967737522361, "support": 98.0}, "weighted avg": {"precision": 0.8820861678004535, "recall": 0.7653061224489796, "f1-score": 0.8033996713982995, "support": 98.0}, "samples avg": {"precision": 0.5420420420420421, "recall": 0.5645645645645645, "f1-score": 0.5417417417417417, "support": 98.0}}