{"economic__education_level": {"precision": 1.0, "recall": 0.4, "f1-score": 0.5714285714285714, "support": 5.0}, "economic__employment_status": {"precision": 1.0, "recall": 0.75, "f1-score": 0.8571428571428571, "support": 4.0}, "economic__income_wealth_economic_status": {"precision": 1.0, "recall": 0.6363636363636364, "f1-score": 0.7777777777777778, "support": 11.0}, "economic__occupation_profession": {"precision": 0.8235294117647058, "recall": 0.875, "f1-score": 0.8484848484848485, "support": 16.0}, "micro avg": {"precision": 0.896551724137931, "recall": 0.7222222222222222, "f1-score": 0.8, "support": 36.0}, "macro avg": {"precision": 0.9558823529411764, "recall": 0.665340909090909, "f1-score": 0.7637085137085137, "support": 36.0}, "weighted avg": {"precision": 0.9215686274509802, "recall": 0.7222222222222222, "f1-score": 0.789361872695206, "support": 36.0}, "samples avg": {"precision": 0.29411764705882354, "recall": 0.28823529411764703, "f1-score": 0.2901960784313725, "support": 36.0}}