{"economic__class_membership": {"precision": 0.0, "recall": 0.0, "f1-score": 0.0, "support": 0.0}, "economic__ecology_of_group": {"precision": 0.0, "recall": 0.0, "f1-score": 0.0, "support": 4.0}, "economic__education_level": {"precision": 1.0, "recall": 1.0, "f1-score": 1.0, "support": 3.0}, "economic__employment_status": {"precision": 1.0, "recall": 0.5, "f1-score": 0.6666666666666666, "support": 2.0}, "economic__income_wealth_economic_status": {"precision": 1.0, "recall": 0.6, "f1-score": 0.75, "support": 5.0}, "economic__occupation_profession": {"precision": 0.5, "recall": 0.5625, "f1-score": 0.5294117647058824, "support": 16.0}, "micro avg": {"precision": 0.6153846153846154, "recall": 0.5333333333333333, "f1-score": 0.5714285714285714, "support": 30.0}, "macro avg": {"precision": 0.5833333333333334, "recall": 0.44375000000000003, "f1-score": 0.4910130718954248, "support": 30.0}, "weighted avg": {"precision": 0.6, "recall": 0.5333333333333333, "f1-score": 0.5517973856209151, "support": 30.0}, "samples avg": {"precision": 0.16477272727272727, "recall": 0.18181818181818182, "f1-score": 0.17045454545454544, "support": 30.0}}