{"economic__education_level": {"precision": 1.0, "recall": 0.6, "f1-score": 0.75, "support": 5.0}, "economic__employment_status": {"precision": 0.6666666666666666, "recall": 1.0, "f1-score": 0.8, "support": 4.0}, "economic__income_wealth_economic_status": {"precision": 0.5833333333333334, "recall": 0.6363636363636364, "f1-score": 0.6086956521739131, "support": 11.0}, "economic__occupation_profession": {"precision": 0.7857142857142857, "recall": 0.6875, "f1-score": 0.7333333333333333, "support": 16.0}, "micro avg": {"precision": 0.7142857142857143, "recall": 0.6944444444444444, "f1-score": 0.704225352112676, "support": 36.0}, "macro avg": {"precision": 0.7589285714285714, "recall": 0.7309659090909091, "f1-score": 0.7230072463768116, "support": 36.0}, "weighted avg": {"precision": 0.7404100529100529, "recall": 0.6944444444444444, "f1-score": 0.7049718196457326, "support": 36.0}, "samples avg": {"precision": 0.2529411764705882, "recall": 0.27647058823529413, "f1-score": 0.26078431372549016, "support": 36.0}}