{"noneconomic__age": {"precision": 0.5714285714285714, "recall": 1.0, "f1-score": 0.7272727272727273, "support": 4.0}, "noneconomic__crime": {"precision": 1.0, "recall": 0.7272727272727273, "f1-score": 0.8421052631578947, "support": 11.0}, "noneconomic__ethnicity": {"precision": 0.6, "recall": 0.75, "f1-score": 0.6666666666666666, "support": 4.0}, "noneconomic__family": {"precision": 0.6666666666666666, "recall": 0.5, "f1-score": 0.5714285714285714, "support": 4.0}, "noneconomic__gender_sexuality": {"precision": 1.0, "recall": 0.7727272727272727, "f1-score": 0.8717948717948718, "support": 22.0}, "noneconomic__health": {"precision": 0.8, "recall": 0.8, "f1-score": 0.8, "support": 5.0}, "noneconomic__nationality": {"precision": 1.0, "recall": 0.8888888888888888, "f1-score": 0.9411764705882353, "support": 9.0}, "noneconomic__place_location": {"precision": 0.75, "recall": 0.5, "f1-score": 0.6, "support": 6.0}, "noneconomic__religion": {"precision": 0.8, "recall": 0.8, "f1-score": 0.8, "support": 5.0}, "noneconomic__shared_values_mentalities": {"precision": 0.7777777777777778, "recall": 0.7, "f1-score": 0.7368421052631579, "support": 10.0}, "micro avg": {"precision": 0.8450704225352113, "recall": 0.75, "f1-score": 0.7947019867549668, "support": 80.0}, "macro avg": {"precision": 0.7965873015873015, "recall": 0.7438888888888889, "f1-score": 0.7557286676172125, "support": 80.0}, "weighted avg": {"precision": 0.870376984126984, "recall": 0.75, "f1-score": 0.7967890777952696, "support": 80.0}, "samples avg": {"precision": 0.5360824742268041, "recall": 0.5429553264604811, "f1-score": 0.5353951890034364, "support": 80.0}}