{"noneconomic__age": {"precision": 0.9565217391304348, "recall": 0.88, "f1-score": 0.9166666666666666, "support": 25.0}, "noneconomic__crime": {"precision": 1.0, "recall": 0.6666666666666666, "f1-score": 0.8, "support": 3.0}, "noneconomic__ethnicity": {"precision": 1.0, "recall": 1.0, "f1-score": 1.0, "support": 4.0}, "noneconomic__family": {"precision": 0.8571428571428571, "recall": 1.0, "f1-score": 0.9230769230769231, "support": 12.0}, "noneconomic__gender_sexuality": {"precision": 1.0, "recall": 0.6666666666666666, "f1-score": 0.8, "support": 6.0}, "noneconomic__health": {"precision": 1.0, "recall": 0.6666666666666666, "f1-score": 0.8, "support": 3.0}, "noneconomic__nationality": {"precision": 0.8333333333333334, "recall": 0.8333333333333334, "f1-score": 0.8333333333333334, "support": 12.0}, "noneconomic__place_location": {"precision": 0.6666666666666666, "recall": 0.6666666666666666, "f1-score": 0.6666666666666666, "support": 3.0}, "noneconomic__religion": {"precision": 0.75, "recall": 0.6, "f1-score": 0.6666666666666666, "support": 5.0}, "noneconomic__shared_values_mentalities": {"precision": 0.7692307692307693, "recall": 0.7142857142857143, "f1-score": 0.7407407407407407, "support": 14.0}, "micro avg": {"precision": 0.8765432098765432, "recall": 0.8160919540229885, "f1-score": 0.8452380952380952, "support": 87.0}, "macro avg": {"precision": 0.8832895365504061, "recall": 0.7694285714285714, "f1-score": 0.8147150997150998, "support": 87.0}, "weighted avg": {"precision": 0.8818159601517922, "recall": 0.8160919540229885, "f1-score": 0.8424976258309592, "support": 87.0}, "samples avg": {"precision": 0.5714285714285714, "recall": 0.5493197278911565, "f1-score": 0.5503401360544218, "support": 87.0}}