{"economic__education_level": {"precision": 1.0, "recall": 0.25, "f1-score": 0.4, "support": 4.0}, "economic__employment_status": {"precision": 0.5, "recall": 1.0, "f1-score": 0.6666666666666666, "support": 2.0}, "economic__income_wealth_economic_status": {"precision": 0.5, "recall": 0.5714285714285714, "f1-score": 0.5333333333333333, "support": 7.0}, "economic__occupation_profession": {"precision": 1.0, "recall": 0.6086956521739131, "f1-score": 0.7567567567567568, "support": 23.0}, "micro avg": {"precision": 0.7777777777777778, "recall": 0.5833333333333334, "f1-score": 0.6666666666666666, "support": 36.0}, "macro avg": {"precision": 0.75, "recall": 0.6075310559006211, "f1-score": 0.5891891891891892, "support": 36.0}, "weighted avg": {"precision": 0.875, "recall": 0.5833333333333334, "f1-score": 0.6686686686686687, "support": 36.0}, "samples avg": {"precision": 0.19680851063829788, "recall": 0.2127659574468085, "f1-score": 0.20212765957446807, "support": 36.0}}