{"economic__class_membership": {"precision": 0.0, "recall": 0.0, "f1-score": 0.0, "support": 0.0}, "economic__ecology_of_group": {"precision": 1.0, "recall": 0.6666666666666666, "f1-score": 0.8, "support": 3.0}, "economic__education_level": {"precision": 0.6, "recall": 1.0, "f1-score": 0.75, "support": 6.0}, "economic__employment_status": {"precision": 0.5, "recall": 1.0, "f1-score": 0.6666666666666666, "support": 4.0}, "economic__income_wealth_economic_status": {"precision": 1.0, "recall": 0.42857142857142855, "f1-score": 0.6, "support": 7.0}, "economic__occupation_profession": {"precision": 0.7142857142857143, "recall": 0.9375, "f1-score": 0.8108108108108109, "support": 16.0}, "micro avg": {"precision": 0.6521739130434783, "recall": 0.8333333333333334, "f1-score": 0.7317073170731707, "support": 36.0}, "macro avg": {"precision": 0.6357142857142858, "recall": 0.6721230158730158, "f1-score": 0.6045795795795796, "support": 36.0}, "weighted avg": {"precision": 0.7507936507936508, "recall": 0.8333333333333334, "f1-score": 0.7427677677677678, "support": 36.0}, "samples avg": {"precision": 0.325, "recall": 0.3375, "f1-score": 0.32916666666666666, "support": 36.0}}