{"economic__class_membership": {"precision": 1.0, "recall": 0.5, "f1-score": 0.6666666666666666, "support": 2.0}, "economic__ecology_of_group": {"precision": 1.0, "recall": 0.5, "f1-score": 0.6666666666666666, "support": 4.0}, "economic__education_level": {"precision": 1.0, "recall": 0.6666666666666666, "f1-score": 0.8, "support": 9.0}, "economic__employment_status": {"precision": 0.6666666666666666, "recall": 1.0, "f1-score": 0.8, "support": 2.0}, "economic__income_wealth_economic_status": {"precision": 1.0, "recall": 0.36363636363636365, "f1-score": 0.5333333333333333, "support": 11.0}, "economic__occupation_profession": {"precision": 0.9090909090909091, "recall": 0.5882352941176471, "f1-score": 0.7142857142857143, "support": 17.0}, "micro avg": {"precision": 0.9259259259259259, "recall": 0.5555555555555556, "f1-score": 0.6944444444444444, "support": 45.0}, "macro avg": {"precision": 0.9292929292929292, "recall": 0.6030897207367796, "f1-score": 0.6968253968253969, "support": 45.0}, "weighted avg": {"precision": 0.9508417508417507, "recall": 0.5555555555555556, "f1-score": 0.6846560846560846, "support": 45.0}, "samples avg": {"precision": 0.20952380952380953, "recall": 0.19523809523809524, "f1-score": 0.2, "support": 45.0}}