{"economic": {"precision": 0.6756756756756757, "recall": 0.7352941176470589, "f1-score": 0.704225352112676, "support": 34.0}, "noneconomic": {"precision": 0.640625, "recall": 0.9318181818181818, "f1-score": 0.7592592592592593, "support": 44.0}, "micro avg": {"precision": 0.6534653465346535, "recall": 0.8461538461538461, "f1-score": 0.7374301675977654, "support": 78.0}, "macro avg": {"precision": 0.6581503378378378, "recall": 0.8335561497326203, "f1-score": 0.7317423056859677, "support": 78.0}, "weighted avg": {"precision": 0.6559034996534996, "recall": 0.8461538461538461, "f1-score": 0.7352701202466461, "support": 78.0}, "samples avg": {"precision": 0.6728395061728395, "recall": 0.7530864197530864, "f1-score": 0.691358024691358, "support": 78.0}}