{"economic__education_level": {"precision": 0.0, "recall": 0.0, "f1-score": 0.0, "support": 4.0}, "economic__employment_status": {"precision": 0.2, "recall": 0.5, "f1-score": 0.2857142857142857, "support": 2.0}, "economic__income_wealth_economic_status": {"precision": 0.8, "recall": 0.5714285714285714, "f1-score": 0.6666666666666666, "support": 7.0}, "economic__occupation_profession": {"precision": 0.75, "recall": 0.5217391304347826, "f1-score": 0.6153846153846154, "support": 23.0}, "micro avg": {"precision": 0.6538461538461539, "recall": 0.4722222222222222, "f1-score": 0.5483870967741935, "support": 36.0}, "macro avg": {"precision": 0.4375, "recall": 0.39829192546583847, "f1-score": 0.39194139194139194, "support": 36.0}, "weighted avg": {"precision": 0.6458333333333334, "recall": 0.4722222222222222, "f1-score": 0.5386650386650387, "support": 36.0}, "samples avg": {"precision": 0.1595744680851064, "recall": 0.1702127659574468, "f1-score": 0.1631205673758865, "support": 36.0}}