{"economic__class_membership": {"precision": 0.0, "recall": 0.0, "f1-score": 0.0, "support": 0.0}, "economic__ecology_of_group": {"precision": 0.0, "recall": 0.0, "f1-score": 0.0, "support": 3.0}, "economic__education_level": {"precision": 1.0, "recall": 0.6666666666666666, "f1-score": 0.8, "support": 6.0}, "economic__employment_status": {"precision": 0.0, "recall": 0.0, "f1-score": 0.0, "support": 4.0}, "economic__income_wealth_economic_status": {"precision": 0.75, "recall": 0.42857142857142855, "f1-score": 0.5454545454545454, "support": 7.0}, "economic__occupation_profession": {"precision": 0.9, "recall": 0.5625, "f1-score": 0.6923076923076923, "support": 16.0}, "micro avg": {"precision": 0.7619047619047619, "recall": 0.4444444444444444, "f1-score": 0.5614035087719298, "support": 36.0}, "macro avg": {"precision": 0.44166666666666665, "recall": 0.2762896825396825, "f1-score": 0.3396270396270396, "support": 36.0}, "weighted avg": {"precision": 0.7124999999999999, "recall": 0.4444444444444444, "f1-score": 0.5470862470862472, "support": 36.0}, "samples avg": {"precision": 0.1875, "recall": 0.18125, "f1-score": 0.17916666666666664, "support": 36.0}}