{"economic__education_level": {"precision": 1.0, "recall": 0.8, "f1-score": 0.8888888888888888, "support": 5.0}, "economic__employment_status": {"precision": 0.6666666666666666, "recall": 1.0, "f1-score": 0.8, "support": 4.0}, "economic__income_wealth_economic_status": {"precision": 1.0, "recall": 0.5454545454545454, "f1-score": 0.7058823529411765, "support": 11.0}, "economic__occupation_profession": {"precision": 0.8, "recall": 1.0, "f1-score": 0.8888888888888888, "support": 16.0}, "micro avg": {"precision": 0.8333333333333334, "recall": 0.8333333333333334, "f1-score": 0.8333333333333334, "support": 36.0}, "macro avg": {"precision": 0.8666666666666667, "recall": 0.8363636363636364, "f1-score": 0.8209150326797385, "support": 36.0}, "weighted avg": {"precision": 0.874074074074074, "recall": 0.8333333333333334, "f1-score": 0.8230936819172113, "support": 36.0}, "samples avg": {"precision": 0.3058823529411765, "recall": 0.32941176470588235, "f1-score": 0.3137254901960784, "support": 36.0}}