{"economic__education_level": {"precision": 1.0, "recall": 0.6, "f1-score": 0.75, "support": 5.0}, "economic__employment_status": {"precision": 0.5, "recall": 0.75, "f1-score": 0.6, "support": 4.0}, "economic__income_wealth_economic_status": {"precision": 1.0, "recall": 0.7272727272727273, "f1-score": 0.8421052631578947, "support": 11.0}, "economic__occupation_profession": {"precision": 0.8333333333333334, "recall": 0.9375, "f1-score": 0.8823529411764706, "support": 16.0}, "micro avg": {"precision": 0.8285714285714286, "recall": 0.8055555555555556, "f1-score": 0.8169014084507042, "support": 36.0}, "macro avg": {"precision": 0.8333333333333334, "recall": 0.7536931818181818, "f1-score": 0.7686145510835913, "support": 36.0}, "weighted avg": {"precision": 0.8703703703703705, "recall": 0.8055555555555556, "f1-score": 0.8203001375988992, "support": 36.0}, "samples avg": {"precision": 0.29411764705882354, "recall": 0.3176470588235294, "f1-score": 0.30196078431372547, "support": 36.0}}