{"economic__class_membership": {"precision": 1.0, "recall": 0.25, "f1-score": 0.4, "support": 4.0}, "economic__ecology_of_group": {"precision": 0.5, "recall": 1.0, "f1-score": 0.6666666666666666, "support": 1.0}, "economic__education_level": {"precision": 0.6, "recall": 0.75, "f1-score": 0.6666666666666666, "support": 4.0}, "economic__employment_status": {"precision": 0.7142857142857143, "recall": 0.5555555555555556, "f1-score": 0.625, "support": 9.0}, "economic__income_wealth_economic_status": {"precision": 1.0, "recall": 0.8571428571428571, "f1-score": 0.9230769230769231, "support": 7.0}, "economic__occupation_profession": {"precision": 0.42857142857142855, "recall": 0.375, "f1-score": 0.4, "support": 8.0}, "micro avg": {"precision": 0.6785714285714286, "recall": 0.5757575757575758, "f1-score": 0.6229508196721312, "support": 33.0}, "macro avg": {"precision": 0.7071428571428572, "recall": 0.6312830687830687, "f1-score": 0.6135683760683761, "support": 33.0}, "weighted avg": {"precision": 0.7199134199134198, "recall": 0.5757575757575758, "f1-score": 0.6127233877233877, "support": 33.0}, "samples avg": {"precision": 0.1683673469387755, "recall": 0.17857142857142858, "f1-score": 0.17006802721088432, "support": 33.0}}