{"economic__education_level": {"precision": 0.5, "recall": 1.0, "f1-score": 0.6666666666666666, "support": 1.0}, "economic__employment_status": {"precision": 0.8, "recall": 0.8888888888888888, "f1-score": 0.8421052631578947, "support": 9.0}, "economic__income_wealth_economic_status": {"precision": 0.8888888888888888, "recall": 0.5333333333333333, "f1-score": 0.6666666666666666, "support": 15.0}, "economic__occupation_profession": {"precision": 0.42857142857142855, "recall": 0.8571428571428571, "f1-score": 0.5714285714285714, "support": 7.0}, "micro avg": {"precision": 0.6571428571428571, "recall": 0.71875, "f1-score": 0.6865671641791045, "support": 32.0}, "macro avg": {"precision": 0.6543650793650794, "recall": 0.8198412698412698, "f1-score": 0.6867167919799497, "support": 32.0}, "weighted avg": {"precision": 0.7510416666666666, "recall": 0.71875, "f1-score": 0.6951754385964912, "support": 32.0}, "samples avg": {"precision": 0.16972477064220184, "recall": 0.2018348623853211, "f1-score": 0.18042813455657492, "support": 32.0}}