{"economic__class_membership": {"precision": 0.0, "recall": 0.0, "f1-score": 0.0, "support": 0.0}, "economic__ecology_of_group": {"precision": 0.4, "recall": 1.0, "f1-score": 0.5714285714285714, "support": 2.0}, "economic__education_level": {"precision": 0.6666666666666666, "recall": 0.6666666666666666, "f1-score": 0.6666666666666666, "support": 3.0}, "economic__employment_status": {"precision": 0.6666666666666666, "recall": 0.4, "f1-score": 0.5, "support": 5.0}, "economic__income_wealth_economic_status": {"precision": 0.6, "recall": 1.0, "f1-score": 0.75, "support": 6.0}, "economic__occupation_profession": {"precision": 0.9166666666666666, "recall": 0.6875, "f1-score": 0.7857142857142857, "support": 16.0}, "micro avg": {"precision": 0.696969696969697, "recall": 0.71875, "f1-score": 0.7076923076923077, "support": 32.0}, "macro avg": {"precision": 0.5416666666666666, "recall": 0.6256944444444444, "f1-score": 0.5456349206349206, "support": 32.0}, "weighted avg": {"precision": 0.7625, "recall": 0.71875, "f1-score": 0.7098214285714286, "support": 32.0}, "samples avg": {"precision": 0.23711340206185566, "recall": 0.23195876288659795, "f1-score": 0.23367697594501716, "support": 32.0}}