{"noneconomic__age": {"precision": 0.6666666666666666, "recall": 1.0, "f1-score": 0.8, "support": 4.0}, "noneconomic__crime": {"precision": 0.8888888888888888, "recall": 0.7272727272727273, "f1-score": 0.8, "support": 11.0}, "noneconomic__ethnicity": {"precision": 1.0, "recall": 0.75, "f1-score": 0.8571428571428571, "support": 4.0}, "noneconomic__family": {"precision": 0.75, "recall": 0.75, "f1-score": 0.75, "support": 4.0}, "noneconomic__gender_sexuality": {"precision": 1.0, "recall": 0.9090909090909091, "f1-score": 0.9523809523809523, "support": 22.0}, "noneconomic__health": {"precision": 1.0, "recall": 0.8, "f1-score": 0.8888888888888888, "support": 5.0}, "noneconomic__nationality": {"precision": 0.875, "recall": 0.7777777777777778, "f1-score": 0.8235294117647058, "support": 9.0}, "noneconomic__place_location": {"precision": 0.5, "recall": 0.3333333333333333, "f1-score": 0.4, "support": 6.0}, "noneconomic__religion": {"precision": 0.2857142857142857, "recall": 0.8, "f1-score": 0.42105263157894735, "support": 5.0}, "noneconomic__shared_values_mentalities": {"precision": 1.0, "recall": 0.7, "f1-score": 0.8235294117647058, "support": 10.0}, "micro avg": {"precision": 0.7848101265822784, "recall": 0.775, "f1-score": 0.779874213836478, "support": 80.0}, "macro avg": {"precision": 0.7966269841269841, "recall": 0.7547474747474748, "f1-score": 0.7516524153521057, "support": 80.0}, "weighted avg": {"precision": 0.8593501984126984, "recall": 0.775, "f1-score": 0.7997214850852623, "support": 80.0}, "samples avg": {"precision": 0.5274914089347079, "recall": 0.5584192439862543, "f1-score": 0.5319587628865979, "support": 80.0}}