{"noneconomic__age": {"precision": 1.0, "recall": 1.0, "f1-score": 1.0, "support": 5.0}, "noneconomic__crime": {"precision": 1.0, "recall": 1.0, "f1-score": 1.0, "support": 1.0}, "noneconomic__ethnicity": {"precision": 1.0, "recall": 1.0, "f1-score": 1.0, "support": 2.0}, "noneconomic__family": {"precision": 0.3333333333333333, "recall": 1.0, "f1-score": 0.5, "support": 1.0}, "noneconomic__gender_sexuality": {"precision": 0.75, "recall": 1.0, "f1-score": 0.8571428571428571, "support": 3.0}, "noneconomic__health": {"precision": 0.6666666666666666, "recall": 0.5, "f1-score": 0.5714285714285714, "support": 4.0}, "noneconomic__nationality": {"precision": 0.7857142857142857, "recall": 0.7333333333333333, "f1-score": 0.7586206896551724, "support": 15.0}, "noneconomic__place_location": {"precision": 0.75, "recall": 0.5, "f1-score": 0.6, "support": 6.0}, "noneconomic__religion": {"precision": 1.0, "recall": 0.6666666666666666, "f1-score": 0.8, "support": 3.0}, "noneconomic__shared_values_mentalities": {"precision": 0.7777777777777778, "recall": 0.8235294117647058, "f1-score": 0.8, "support": 17.0}, "micro avg": {"precision": 0.7857142857142857, "recall": 0.7719298245614035, "f1-score": 0.7787610619469026, "support": 57.0}, "macro avg": {"precision": 0.8063492063492064, "recall": 0.8223529411764707, "f1-score": 0.78871921182266, "support": 57.0}, "weighted avg": {"precision": 0.8027708159287106, "recall": 0.7719298245614035, "f1-score": 0.777832512315271, "support": 57.0}, "samples avg": {"precision": 0.4437229437229438, "recall": 0.44696969696969696, "f1-score": 0.4388373531230673, "support": 57.0}}