{"economic__education_level": {"precision": 1.0, "recall": 0.5, "f1-score": 0.6666666666666666, "support": 4.0}, "economic__employment_status": {"precision": 1.0, "recall": 0.5, "f1-score": 0.6666666666666666, "support": 2.0}, "economic__income_wealth_economic_status": {"precision": 0.6666666666666666, "recall": 0.5714285714285714, "f1-score": 0.6153846153846154, "support": 7.0}, "economic__occupation_profession": {"precision": 1.0, "recall": 0.6086956521739131, "f1-score": 0.7567567567567568, "support": 23.0}, "micro avg": {"precision": 0.9130434782608695, "recall": 0.5833333333333334, "f1-score": 0.711864406779661, "support": 36.0}, "macro avg": {"precision": 0.9166666666666666, "recall": 0.5450310559006211, "f1-score": 0.6763686763686764, "support": 36.0}, "weighted avg": {"precision": 0.9351851851851851, "recall": 0.5833333333333334, "f1-score": 0.7142527142527144, "support": 36.0}, "samples avg": {"precision": 0.21808510638297873, "recall": 0.21808510638297873, "f1-score": 0.2163120567375887, "support": 36.0}}