{"economic__class_membership": {"precision": 0.6666666666666666, "recall": 0.4, "f1-score": 0.5, "support": 5.0}, "economic__ecology_of_group": {"precision": 1.0, "recall": 0.4, "f1-score": 0.5714285714285714, "support": 5.0}, "economic__education_level": {"precision": 1.0, "recall": 1.0, "f1-score": 1.0, "support": 2.0}, "economic__employment_status": {"precision": 1.0, "recall": 0.42857142857142855, "f1-score": 0.6, "support": 7.0}, "economic__income_wealth_economic_status": {"precision": 1.0, "recall": 0.2727272727272727, "f1-score": 0.42857142857142855, "support": 11.0}, "economic__occupation_profession": {"precision": 0.7142857142857143, "recall": 0.5882352941176471, "f1-score": 0.6451612903225806, "support": 17.0}, "micro avg": {"precision": 0.8148148148148148, "recall": 0.46808510638297873, "f1-score": 0.5945945945945946, "support": 47.0}, "macro avg": {"precision": 0.8968253968253967, "recall": 0.5149223325693913, "f1-score": 0.6241935483870967, "support": 47.0}, "weighted avg": {"precision": 0.8611955420466059, "recall": 0.46808510638297873, "f1-score": 0.5795568192960094, "support": 47.0}, "samples avg": {"precision": 0.14705882352941177, "recall": 0.13970588235294118, "f1-score": 0.13970588235294118, "support": 47.0}}