{"economic__education_level": {"precision": 1.0, "recall": 1.0, "f1-score": 1.0, "support": 3.0}, "economic__employment_status": {"precision": 1.0, "recall": 0.7777777777777778, "f1-score": 0.875, "support": 9.0}, "economic__income_wealth_economic_status": {"precision": 0.8, "recall": 0.8, "f1-score": 0.8, "support": 5.0}, "economic__occupation_profession": {"precision": 0.9285714285714286, "recall": 0.7222222222222222, "f1-score": 0.8125, "support": 18.0}, "micro avg": {"precision": 0.9310344827586207, "recall": 0.7714285714285715, "f1-score": 0.84375, "support": 35.0}, "macro avg": {"precision": 0.9321428571428572, "recall": 0.825, "f1-score": 0.871875, "support": 35.0}, "weighted avg": {"precision": 0.9346938775510204, "recall": 0.7714285714285715, "f1-score": 0.8428571428571429, "support": 35.0}, "samples avg": {"precision": 0.2217391304347826, "recall": 0.21739130434782608, "f1-score": 0.21739130434782608, "support": 35.0}}