{"economic": {"precision": 0.6923076923076923, "recall": 0.7714285714285715, "f1-score": 0.7297297297297297, "support": 35.0}, "noneconomic": {"precision": 0.8269230769230769, "recall": 0.7962962962962963, "f1-score": 0.8113207547169812, "support": 54.0}, "micro avg": {"precision": 0.7692307692307693, "recall": 0.7865168539325843, "f1-score": 0.7777777777777778, "support": 89.0}, "macro avg": {"precision": 0.7596153846153846, "recall": 0.7838624338624338, "f1-score": 0.7705252422233555, "support": 89.0}, "weighted avg": {"precision": 0.7739844425237684, "recall": 0.7865168539325843, "f1-score": 0.7792343965759272, "support": 89.0}, "samples avg": {"precision": 0.7180851063829787, "recall": 0.6914893617021277, "f1-score": 0.6950354609929078, "support": 89.0}}