{"economic__education_level": {"precision": 1.0, "recall": 0.75, "f1-score": 0.8571428571428571, "support": 4.0}, "economic__employment_status": {"precision": 0.5, "recall": 1.0, "f1-score": 0.6666666666666666, "support": 2.0}, "economic__income_wealth_economic_status": {"precision": 1.0, "recall": 0.5714285714285714, "f1-score": 0.7272727272727273, "support": 7.0}, "economic__occupation_profession": {"precision": 0.9333333333333333, "recall": 0.6086956521739131, "f1-score": 0.7368421052631579, "support": 23.0}, "micro avg": {"precision": 0.8846153846153846, "recall": 0.6388888888888888, "f1-score": 0.7419354838709677, "support": 36.0}, "macro avg": {"precision": 0.8583333333333334, "recall": 0.7325310559006211, "f1-score": 0.7469810890863523, "support": 36.0}, "weighted avg": {"precision": 0.9296296296296297, "recall": 0.6388888888888888, "f1-score": 0.7444495076074022, "support": 36.0}, "samples avg": {"precision": 0.24468085106382978, "recall": 0.2393617021276596, "f1-score": 0.24113475177304966, "support": 36.0}}