{"economic__class_membership": {"precision": 0.0, "recall": 0.0, "f1-score": 0.0, "support": 0.0}, "economic__ecology_of_group": {"precision": 1.0, "recall": 0.6666666666666666, "f1-score": 0.8, "support": 3.0}, "economic__education_level": {"precision": 0.8333333333333334, "recall": 0.8333333333333334, "f1-score": 0.8333333333333334, "support": 6.0}, "economic__employment_status": {"precision": 0.6666666666666666, "recall": 1.0, "f1-score": 0.8, "support": 4.0}, "economic__income_wealth_economic_status": {"precision": 0.8, "recall": 0.5714285714285714, "f1-score": 0.6666666666666666, "support": 7.0}, "economic__occupation_profession": {"precision": 1.0, "recall": 0.6875, "f1-score": 0.8148148148148148, "support": 16.0}, "micro avg": {"precision": 0.8666666666666667, "recall": 0.7222222222222222, "f1-score": 0.7878787878787878, "support": 36.0}, "macro avg": {"precision": 0.7166666666666667, "recall": 0.6264880952380952, "f1-score": 0.6524691358024691, "support": 36.0}, "weighted avg": {"precision": 0.8962962962962963, "recall": 0.7222222222222222, "f1-score": 0.7862139917695473, "support": 36.0}, "samples avg": {"precision": 0.30625, "recall": 0.3, "f1-score": 0.3, "support": 36.0}}