{"noneconomic__age": {"precision": 0.9565217391304348, "recall": 0.88, "f1-score": 0.9166666666666666, "support": 25.0}, "noneconomic__crime": {"precision": 0.75, "recall": 1.0, "f1-score": 0.8571428571428571, "support": 3.0}, "noneconomic__ethnicity": {"precision": 0.8, "recall": 1.0, "f1-score": 0.8888888888888888, "support": 4.0}, "noneconomic__family": {"precision": 0.8571428571428571, "recall": 1.0, "f1-score": 0.9230769230769231, "support": 12.0}, "noneconomic__gender_sexuality": {"precision": 1.0, "recall": 1.0, "f1-score": 1.0, "support": 6.0}, "noneconomic__health": {"precision": 1.0, "recall": 0.6666666666666666, "f1-score": 0.8, "support": 3.0}, "noneconomic__nationality": {"precision": 1.0, "recall": 0.75, "f1-score": 0.8571428571428571, "support": 12.0}, "noneconomic__place_location": {"precision": 1.0, "recall": 0.3333333333333333, "f1-score": 0.5, "support": 3.0}, "noneconomic__religion": {"precision": 0.8, "recall": 0.8, "f1-score": 0.8, "support": 5.0}, "noneconomic__shared_values_mentalities": {"precision": 0.8333333333333334, "recall": 0.7142857142857143, "f1-score": 0.7692307692307693, "support": 14.0}, "micro avg": {"precision": 0.9012345679012346, "recall": 0.8390804597701149, "f1-score": 0.8690476190476191, "support": 87.0}, "macro avg": {"precision": 0.8996997929606627, "recall": 0.8144285714285713, "f1-score": 0.8312148962148962, "support": 87.0}, "weighted avg": {"precision": 0.9116715451797911, "recall": 0.8390804597701149, "f1-score": 0.8629369991438957, "support": 87.0}, "samples avg": {"precision": 0.5663265306122449, "recall": 0.5510204081632653, "f1-score": 0.5510204081632653, "support": 87.0}}