{"economic": {"precision": 0.6511627906976745, "recall": 0.9032258064516129, "f1-score": 0.7567567567567568, "support": 31.0}, "noneconomic": {"precision": 0.8133333333333334, "recall": 0.8840579710144928, "f1-score": 0.8472222222222222, "support": 69.0}, "micro avg": {"precision": 0.7542372881355932, "recall": 0.89, "f1-score": 0.8165137614678899, "support": 100.0}, "macro avg": {"precision": 0.7322480620155039, "recall": 0.8936418887330528, "f1-score": 0.8019894894894894, "support": 100.0}, "weighted avg": {"precision": 0.7630604651162791, "recall": 0.89, "f1-score": 0.819177927927928, "support": 100.0}, "samples avg": {"precision": 0.7835051546391752, "recall": 0.8608247422680413, "f1-score": 0.8041237113402063, "support": 100.0}}