{"economic": {"precision": 0.8275862068965517, "recall": 0.6486486486486487, "f1-score": 0.7272727272727273, "support": 37.0}, "noneconomic": {"precision": 0.8690476190476191, "recall": 0.948051948051948, "f1-score": 0.906832298136646, "support": 77.0}, "micro avg": {"precision": 0.8584070796460177, "recall": 0.8508771929824561, "f1-score": 0.8546255506607929, "support": 114.0}, "macro avg": {"precision": 0.8483169129720853, "recall": 0.7983502983502984, "f1-score": 0.8170525127046866, "support": 114.0}, "weighted avg": {"precision": 0.855590844928413, "recall": 0.8508771929824561, "f1-score": 0.8485541918036198, "support": 114.0}, "samples avg": {"precision": 0.8243243243243243, "recall": 0.8198198198198198, "f1-score": 0.8138138138138138, "support": 114.0}}