{"economic__class_membership": {"precision": 0.0, "recall": 0.0, "f1-score": 0.0, "support": 0.0}, "economic__ecology_of_group": {"precision": 0.0, "recall": 0.0, "f1-score": 0.0, "support": 4.0}, "economic__education_level": {"precision": 0.6666666666666666, "recall": 0.6666666666666666, "f1-score": 0.6666666666666666, "support": 3.0}, "economic__employment_status": {"precision": 1.0, "recall": 1.0, "f1-score": 1.0, "support": 2.0}, "economic__income_wealth_economic_status": {"precision": 1.0, "recall": 0.4, "f1-score": 0.5714285714285714, "support": 5.0}, "economic__occupation_profession": {"precision": 0.6923076923076923, "recall": 0.5625, "f1-score": 0.6206896551724138, "support": 16.0}, "micro avg": {"precision": 0.5172413793103449, "recall": 0.5, "f1-score": 0.5084745762711864, "support": 30.0}, "macro avg": {"precision": 0.5598290598290597, "recall": 0.4381944444444444, "f1-score": 0.476464148877942, "support": 30.0}, "weighted avg": {"precision": 0.6692307692307692, "recall": 0.5, "f1-score": 0.5596059113300492, "support": 30.0}, "samples avg": {"precision": 0.11931818181818182, "recall": 0.17045454545454544, "f1-score": 0.13636363636363635, "support": 30.0}}