{"noneconomic__age": {"precision": 1.0, "recall": 0.625, "f1-score": 0.7692307692307693, "support": 16.0}, "noneconomic__crime": {"precision": 1.0, "recall": 0.875, "f1-score": 0.9333333333333333, "support": 8.0}, "noneconomic__ethnicity": {"precision": 1.0, "recall": 0.8333333333333334, "f1-score": 0.9090909090909091, "support": 6.0}, "noneconomic__family": {"precision": 1.0, "recall": 1.0, "f1-score": 1.0, "support": 1.0}, "noneconomic__gender_sexuality": {"precision": 1.0, "recall": 0.88, "f1-score": 0.9361702127659575, "support": 25.0}, "noneconomic__health": {"precision": 1.0, "recall": 0.375, "f1-score": 0.5454545454545454, "support": 8.0}, "noneconomic__nationality": {"precision": 1.0, "recall": 0.6666666666666666, "f1-score": 0.8, "support": 9.0}, "noneconomic__place_location": {"precision": 1.0, "recall": 0.5, "f1-score": 0.6666666666666666, "support": 2.0}, "noneconomic__religion": {"precision": 1.0, "recall": 0.8, "f1-score": 0.8888888888888888, "support": 5.0}, "noneconomic__shared_values_mentalities": {"precision": 0.875, "recall": 0.3888888888888889, "f1-score": 0.5384615384615384, "support": 18.0}, "micro avg": {"precision": 0.9850746268656716, "recall": 0.673469387755102, "f1-score": 0.8, "support": 98.0}, "macro avg": {"precision": 0.9875, "recall": 0.6943888888888889, "f1-score": 0.798729686389261, "support": 98.0}, "weighted avg": {"precision": 0.9770408163265306, "recall": 0.673469387755102, "f1-score": 0.7823151181813796, "support": 98.0}, "samples avg": {"precision": 0.5405405405405406, "recall": 0.5015015015015015, "f1-score": 0.5135135135135135, "support": 98.0}}