{"economic__class_membership": {"precision": 0.0, "recall": 0.0, "f1-score": 0.0, "support": 5.0}, "economic__ecology_of_group": {"precision": 1.0, "recall": 0.6666666666666666, "f1-score": 0.8, "support": 3.0}, "economic__education_level": {"precision": 1.0, "recall": 0.6666666666666666, "f1-score": 0.8, "support": 3.0}, "economic__employment_status": {"precision": 0.5714285714285714, "recall": 0.8, "f1-score": 0.6666666666666666, "support": 5.0}, "economic__income_wealth_economic_status": {"precision": 0.9090909090909091, "recall": 1.0, "f1-score": 0.9523809523809523, "support": 10.0}, "economic__occupation_profession": {"precision": 0.6875, "recall": 0.9166666666666666, "f1-score": 0.7857142857142857, "support": 12.0}, "micro avg": {"precision": 0.725, "recall": 0.7631578947368421, "f1-score": 0.7435897435897436, "support": 38.0}, "macro avg": {"precision": 0.6946699134199134, "recall": 0.6749999999999999, "f1-score": 0.6674603174603174, "support": 38.0}, "weighted avg": {"precision": 0.6894224196855776, "recall": 0.7631578947368421, "f1-score": 0.7127819548872182, "support": 38.0}, "samples avg": {"precision": 0.30864197530864196, "recall": 0.32098765432098764, "f1-score": 0.31069958847736623, "support": 38.0}}