{"noneconomic__age": {"precision": 1.0, "recall": 0.3333333333333333, "f1-score": 0.5, "support": 6.0}, "noneconomic__crime": {"precision": 0.8333333333333334, "recall": 1.0, "f1-score": 0.9090909090909091, "support": 5.0}, "noneconomic__ethnicity": {"precision": 0.0, "recall": 0.0, "f1-score": 0.0, "support": 0.0}, "noneconomic__family": {"precision": 0.8461538461538461, "recall": 1.0, "f1-score": 0.9166666666666666, "support": 11.0}, "noneconomic__gender_sexuality": {"precision": 0.8571428571428571, "recall": 0.8571428571428571, "f1-score": 0.8571428571428571, "support": 7.0}, "noneconomic__health": {"precision": 0.8, "recall": 1.0, "f1-score": 0.8888888888888888, "support": 4.0}, "noneconomic__nationality": {"precision": 0.7692307692307693, "recall": 1.0, "f1-score": 0.8695652173913043, "support": 10.0}, "noneconomic__place_location": {"precision": 0.5, "recall": 0.3333333333333333, "f1-score": 0.4, "support": 6.0}, "noneconomic__religion": {"precision": 0.0, "recall": 0.0, "f1-score": 0.0, "support": 0.0}, "noneconomic__shared_values_mentalities": {"precision": 0.9166666666666666, "recall": 0.4782608695652174, "f1-score": 0.6285714285714286, "support": 23.0}, "micro avg": {"precision": 0.7611940298507462, "recall": 0.7083333333333334, "f1-score": 0.7338129496402878, "support": 72.0}, "macro avg": {"precision": 0.6522527472527473, "recall": 0.6002070393374741, "f1-score": 0.5969925967752054, "support": 72.0}, "weighted avg": {"precision": 0.8395833333333333, "recall": 0.7083333333333334, "f1-score": 0.7324602564638796, "support": 72.0}, "samples avg": {"precision": 0.5340909090909091, "recall": 0.5397727272727273, "f1-score": 0.5303030303030303, "support": 72.0}}