{"economic__education_level": {"precision": 1.0, "recall": 0.6, "f1-score": 0.75, "support": 5.0}, "economic__employment_status": {"precision": 1.0, "recall": 0.75, "f1-score": 0.8571428571428571, "support": 4.0}, "economic__income_wealth_economic_status": {"precision": 0.7777777777777778, "recall": 0.6363636363636364, "f1-score": 0.7, "support": 11.0}, "economic__occupation_profession": {"precision": 0.8823529411764706, "recall": 0.9375, "f1-score": 0.9090909090909091, "support": 16.0}, "micro avg": {"precision": 0.875, "recall": 0.7777777777777778, "f1-score": 0.8235294117647058, "support": 36.0}, "macro avg": {"precision": 0.9150326797385621, "recall": 0.7309659090909091, "f1-score": 0.8040584415584415, "support": 36.0}, "weighted avg": {"precision": 0.8798111837327524, "recall": 0.7777777777777778, "f1-score": 0.8173340548340549, "support": 36.0}, "samples avg": {"precision": 0.3058823529411765, "recall": 0.31176470588235294, "f1-score": 0.3058823529411765, "support": 36.0}}