{"economic__class_membership": {"precision": 0.0, "recall": 0.0, "f1-score": 0.0, "support": 0.0}, "economic__ecology_of_group": {"precision": 0.6666666666666666, "recall": 0.6666666666666666, "f1-score": 0.6666666666666666, "support": 3.0}, "economic__education_level": {"precision": 0.8, "recall": 0.6666666666666666, "f1-score": 0.7272727272727273, "support": 6.0}, "economic__employment_status": {"precision": 0.5, "recall": 0.25, "f1-score": 0.3333333333333333, "support": 4.0}, "economic__income_wealth_economic_status": {"precision": 0.75, "recall": 0.42857142857142855, "f1-score": 0.5454545454545454, "support": 7.0}, "economic__occupation_profession": {"precision": 0.875, "recall": 0.875, "f1-score": 0.875, "support": 16.0}, "micro avg": {"precision": 0.75, "recall": 0.6666666666666666, "f1-score": 0.7058823529411765, "support": 36.0}, "macro avg": {"precision": 0.5986111111111111, "recall": 0.48115079365079366, "f1-score": 0.524621212121212, "support": 36.0}, "weighted avg": {"precision": 0.7791666666666667, "recall": 0.6666666666666666, "f1-score": 0.7087542087542088, "support": 36.0}, "samples avg": {"precision": 0.275, "recall": 0.275, "f1-score": 0.2708333333333333, "support": 36.0}}