{"economic__education_level": {"precision": 1.0, "recall": 0.25, "f1-score": 0.4, "support": 4.0}, "economic__employment_status": {"precision": 0.5, "recall": 1.0, "f1-score": 0.6666666666666666, "support": 2.0}, "economic__income_wealth_economic_status": {"precision": 0.6666666666666666, "recall": 0.5714285714285714, "f1-score": 0.6153846153846154, "support": 7.0}, "economic__occupation_profession": {"precision": 0.9090909090909091, "recall": 0.43478260869565216, "f1-score": 0.5882352941176471, "support": 23.0}, "micro avg": {"precision": 0.7727272727272727, "recall": 0.4722222222222222, "f1-score": 0.5862068965517241, "support": 36.0}, "macro avg": {"precision": 0.7689393939393939, "recall": 0.5640527950310559, "f1-score": 0.5675716440422323, "support": 36.0}, "weighted avg": {"precision": 0.8493265993265994, "recall": 0.4722222222222222, "f1-score": 0.5769565946036534, "support": 36.0}, "samples avg": {"precision": 0.1702127659574468, "recall": 0.17553191489361702, "f1-score": 0.17021276595744678, "support": 36.0}}