{"economic__class_membership": {"precision": 0.0, "recall": 0.0, "f1-score": 0.0, "support": 0.0}, "economic__ecology_of_group": {"precision": 0.5, "recall": 0.3333333333333333, "f1-score": 0.4, "support": 3.0}, "economic__education_level": {"precision": 1.0, "recall": 0.8333333333333334, "f1-score": 0.9090909090909091, "support": 6.0}, "economic__employment_status": {"precision": 0.5714285714285714, "recall": 1.0, "f1-score": 0.7272727272727273, "support": 4.0}, "economic__income_wealth_economic_status": {"precision": 0.5, "recall": 0.2857142857142857, "f1-score": 0.36363636363636365, "support": 7.0}, "economic__occupation_profession": {"precision": 1.0, "recall": 0.5625, "f1-score": 0.72, "support": 16.0}, "micro avg": {"precision": 0.75, "recall": 0.5833333333333334, "f1-score": 0.65625, "support": 36.0}, "macro avg": {"precision": 0.5952380952380952, "recall": 0.5024801587301587, "f1-score": 0.52, "support": 36.0}, "weighted avg": {"precision": 0.8134920634920635, "recall": 0.5833333333333334, "f1-score": 0.6563636363636363, "support": 36.0}, "samples avg": {"precision": 0.2375, "recall": 0.2375, "f1-score": 0.2333333333333333, "support": 36.0}}