{"economic": {"precision": 0.71875, "recall": 0.6764705882352942, "f1-score": 0.696969696969697, "support": 34.0}, "noneconomic": {"precision": 0.7321428571428571, "recall": 0.9318181818181818, "f1-score": 0.82, "support": 44.0}, "micro avg": {"precision": 0.7272727272727273, "recall": 0.8205128205128205, "f1-score": 0.7710843373493976, "support": 78.0}, "macro avg": {"precision": 0.7254464285714286, "recall": 0.804144385026738, "f1-score": 0.7584848484848485, "support": 78.0}, "weighted avg": {"precision": 0.726304945054945, "recall": 0.8205128205128205, "f1-score": 0.7663714063714064, "support": 78.0}, "samples avg": {"precision": 0.7037037037037037, "recall": 0.7345679012345679, "f1-score": 0.7037037037037037, "support": 78.0}}