{"economic__class_membership": {"precision": 0.0, "recall": 0.0, "f1-score": 0.0, "support": 0.0}, "economic__ecology_of_group": {"precision": 0.0, "recall": 0.0, "f1-score": 0.0, "support": 4.0}, "economic__education_level": {"precision": 1.0, "recall": 0.6666666666666666, "f1-score": 0.8, "support": 3.0}, "economic__employment_status": {"precision": 0.5, "recall": 0.5, "f1-score": 0.5, "support": 2.0}, "economic__income_wealth_economic_status": {"precision": 1.0, "recall": 0.4, "f1-score": 0.5714285714285714, "support": 5.0}, "economic__occupation_profession": {"precision": 0.7142857142857143, "recall": 0.625, "f1-score": 0.6666666666666666, "support": 16.0}, "micro avg": {"precision": 0.75, "recall": 0.5, "f1-score": 0.6, "support": 30.0}, "macro avg": {"precision": 0.5357142857142857, "recall": 0.36527777777777776, "f1-score": 0.423015873015873, "support": 30.0}, "weighted avg": {"precision": 0.680952380952381, "recall": 0.5, "f1-score": 0.5641269841269841, "support": 30.0}, "samples avg": {"precision": 0.16477272727272727, "recall": 0.17045454545454544, "f1-score": 0.16666666666666666, "support": 30.0}}