{"economic__class_membership": {"precision": 1.0, "recall": 0.25, "f1-score": 0.4, "support": 4.0}, "economic__ecology_of_group": {"precision": 0.0, "recall": 0.0, "f1-score": 0.0, "support": 1.0}, "economic__education_level": {"precision": 1.0, "recall": 0.75, "f1-score": 0.8571428571428571, "support": 4.0}, "economic__employment_status": {"precision": 0.6666666666666666, "recall": 0.4444444444444444, "f1-score": 0.5333333333333333, "support": 9.0}, "economic__income_wealth_economic_status": {"precision": 1.0, "recall": 0.5714285714285714, "f1-score": 0.7272727272727273, "support": 7.0}, "economic__occupation_profession": {"precision": 1.0, "recall": 0.375, "f1-score": 0.5454545454545454, "support": 8.0}, "micro avg": {"precision": 0.8823529411764706, "recall": 0.45454545454545453, "f1-score": 0.6, "support": 33.0}, "macro avg": {"precision": 0.7777777777777777, "recall": 0.398478835978836, "f1-score": 0.5105339105339105, "support": 33.0}, "weighted avg": {"precision": 0.8787878787878788, "recall": 0.45454545454545453, "f1-score": 0.5843368752459661, "support": 33.0}, "samples avg": {"precision": 0.14795918367346939, "recall": 0.14285714285714285, "f1-score": 0.14285714285714285, "support": 33.0}}