{"noneconomic__age": {"precision": 0.8666666666666667, "recall": 1.0, "f1-score": 0.9285714285714286, "support": 13.0}, "noneconomic__crime": {"precision": 1.0, "recall": 1.0, "f1-score": 1.0, "support": 5.0}, "noneconomic__ethnicity": {"precision": 0.0, "recall": 0.0, "f1-score": 0.0, "support": 1.0}, "noneconomic__family": {"precision": 1.0, "recall": 1.0, "f1-score": 1.0, "support": 7.0}, "noneconomic__gender_sexuality": {"precision": 0.75, "recall": 0.75, "f1-score": 0.75, "support": 4.0}, "noneconomic__health": {"precision": 0.5, "recall": 1.0, "f1-score": 0.6666666666666666, "support": 2.0}, "noneconomic__nationality": {"precision": 0.75, "recall": 1.0, "f1-score": 0.8571428571428571, "support": 9.0}, "noneconomic__place_location": {"precision": 0.3333333333333333, "recall": 0.5, "f1-score": 0.4, "support": 2.0}, "noneconomic__religion": {"precision": 0.0, "recall": 0.0, "f1-score": 0.0, "support": 0.0}, "noneconomic__shared_values_mentalities": {"precision": 0.8888888888888888, "recall": 0.6153846153846154, "f1-score": 0.7272727272727273, "support": 13.0}, "micro avg": {"precision": 0.8135593220338984, "recall": 0.8571428571428571, "f1-score": 0.8347826086956521, "support": 56.0}, "macro avg": {"precision": 0.6088888888888888, "recall": 0.6865384615384615, "f1-score": 0.6329653679653681, "support": 56.0}, "weighted avg": {"precision": 0.8256944444444445, "recall": 0.8571428571428571, "f1-score": 0.8280998763141619, "support": 56.0}, "samples avg": {"precision": 0.49411764705882355, "recall": 0.5058823529411764, "f1-score": 0.496078431372549, "support": 56.0}}