{"economic": {"precision": 0.8529411764705882, "recall": 0.8529411764705882, "f1-score": 0.8529411764705882, "support": 34.0}, "noneconomic": {"precision": 0.8076923076923077, "recall": 0.84, "f1-score": 0.8235294117647058, "support": 50.0}, "micro avg": {"precision": 0.8255813953488372, "recall": 0.8452380952380952, "f1-score": 0.8352941176470589, "support": 84.0}, "macro avg": {"precision": 0.8303167420814479, "recall": 0.8464705882352941, "f1-score": 0.838235294117647, "support": 84.0}, "weighted avg": {"precision": 0.8260073260073261, "recall": 0.8452380952380952, "f1-score": 0.8354341736694677, "support": 84.0}, "samples avg": {"precision": 0.8, "recall": 0.8058823529411765, "f1-score": 0.7960784313725491, "support": 84.0}}