{"noneconomic__age": {"precision": 1.0, "recall": 0.8, "f1-score": 0.8888888888888888, "support": 5.0}, "noneconomic__crime": {"precision": 1.0, "recall": 1.0, "f1-score": 1.0, "support": 1.0}, "noneconomic__ethnicity": {"precision": 0.6666666666666666, "recall": 1.0, "f1-score": 0.8, "support": 2.0}, "noneconomic__family": {"precision": 0.5, "recall": 1.0, "f1-score": 0.6666666666666666, "support": 1.0}, "noneconomic__gender_sexuality": {"precision": 1.0, "recall": 0.6666666666666666, "f1-score": 0.8, "support": 3.0}, "noneconomic__health": {"precision": 1.0, "recall": 0.25, "f1-score": 0.4, "support": 4.0}, "noneconomic__nationality": {"precision": 0.8333333333333334, "recall": 0.6666666666666666, "f1-score": 0.7407407407407407, "support": 15.0}, "noneconomic__place_location": {"precision": 1.0, "recall": 0.5, "f1-score": 0.6666666666666666, "support": 6.0}, "noneconomic__religion": {"precision": 1.0, "recall": 0.6666666666666666, "f1-score": 0.8, "support": 3.0}, "noneconomic__shared_values_mentalities": {"precision": 0.7142857142857143, "recall": 0.5882352941176471, "f1-score": 0.6451612903225806, "support": 17.0}, "micro avg": {"precision": 0.8181818181818182, "recall": 0.631578947368421, "f1-score": 0.7128712871287128, "support": 57.0}, "macro avg": {"precision": 0.8714285714285713, "recall": 0.7138235294117646, "f1-score": 0.7408124253285544, "support": 57.0}, "weighted avg": {"precision": 0.8504594820384295, "recall": 0.631578947368421, "f1-score": 0.7050870904860718, "support": 57.0}, "samples avg": {"precision": 0.3787878787878788, "recall": 0.37337662337662336, "f1-score": 0.3682745825602968, "support": 57.0}}