{"noneconomic__age": {"precision": 1.0, "recall": 1.0, "f1-score": 1.0, "support": 5.0}, "noneconomic__crime": {"precision": 1.0, "recall": 1.0, "f1-score": 1.0, "support": 1.0}, "noneconomic__ethnicity": {"precision": 1.0, "recall": 1.0, "f1-score": 1.0, "support": 2.0}, "noneconomic__family": {"precision": 0.3333333333333333, "recall": 1.0, "f1-score": 0.5, "support": 1.0}, "noneconomic__gender_sexuality": {"precision": 1.0, "recall": 0.6666666666666666, "f1-score": 0.8, "support": 3.0}, "noneconomic__health": {"precision": 0.6666666666666666, "recall": 0.5, "f1-score": 0.5714285714285714, "support": 4.0}, "noneconomic__nationality": {"precision": 0.9230769230769231, "recall": 0.8, "f1-score": 0.8571428571428571, "support": 15.0}, "noneconomic__place_location": {"precision": 0.4, "recall": 0.3333333333333333, "f1-score": 0.36363636363636365, "support": 6.0}, "noneconomic__religion": {"precision": 0.6666666666666666, "recall": 0.6666666666666666, "f1-score": 0.6666666666666666, "support": 3.0}, "noneconomic__shared_values_mentalities": {"precision": 0.6666666666666666, "recall": 0.5882352941176471, "f1-score": 0.625, "support": 17.0}, "micro avg": {"precision": 0.75, "recall": 0.6842105263157895, "f1-score": 0.7155963302752294, "support": 57.0}, "macro avg": {"precision": 0.7656410256410257, "recall": 0.7554901960784314, "f1-score": 0.7383874458874459, "support": 57.0}, "weighted avg": {"precision": 0.7645524066576698, "recall": 0.6842105263157895, "f1-score": 0.716660970608339, "support": 57.0}, "samples avg": {"precision": 0.40476190476190477, "recall": 0.41233766233766234, "f1-score": 0.39987631416202846, "support": 57.0}}