{"noneconomic__age": {"precision": 0.4, "recall": 0.5, "f1-score": 0.4444444444444444, "support": 4.0}, "noneconomic__crime": {"precision": 1.0, "recall": 0.7272727272727273, "f1-score": 0.8421052631578947, "support": 11.0}, "noneconomic__ethnicity": {"precision": 0.75, "recall": 0.75, "f1-score": 0.75, "support": 4.0}, "noneconomic__family": {"precision": 0.75, "recall": 0.75, "f1-score": 0.75, "support": 4.0}, "noneconomic__gender_sexuality": {"precision": 1.0, "recall": 0.9090909090909091, "f1-score": 0.9523809523809523, "support": 22.0}, "noneconomic__health": {"precision": 1.0, "recall": 0.8, "f1-score": 0.8888888888888888, "support": 5.0}, "noneconomic__nationality": {"precision": 0.8571428571428571, "recall": 0.6666666666666666, "f1-score": 0.75, "support": 9.0}, "noneconomic__place_location": {"precision": 1.0, "recall": 0.5, "f1-score": 0.6666666666666666, "support": 6.0}, "noneconomic__religion": {"precision": 1.0, "recall": 0.8, "f1-score": 0.8888888888888888, "support": 5.0}, "noneconomic__shared_values_mentalities": {"precision": 0.75, "recall": 0.6, "f1-score": 0.6666666666666666, "support": 10.0}, "micro avg": {"precision": 0.8805970149253731, "recall": 0.7375, "f1-score": 0.8027210884353742, "support": 80.0}, "macro avg": {"precision": 0.8507142857142856, "recall": 0.7003030303030303, "f1-score": 0.7600041771094402, "support": 80.0}, "weighted avg": {"precision": 0.8976785714285714, "recall": 0.7375, "f1-score": 0.8037359022556391, "support": 80.0}, "samples avg": {"precision": 0.5463917525773195, "recall": 0.5378006872852233, "f1-score": 0.5374570446735395, "support": 80.0}}