{"noneconomic__age": {"precision": 1.0, "recall": 0.75, "f1-score": 0.8571428571428571, "support": 8.0}, "noneconomic__crime": {"precision": 1.0, "recall": 0.8571428571428571, "f1-score": 0.9230769230769231, "support": 14.0}, "noneconomic__ethnicity": {"precision": 1.0, "recall": 1.0, "f1-score": 1.0, "support": 11.0}, "noneconomic__family": {"precision": 0.8333333333333334, "recall": 0.8333333333333334, "f1-score": 0.8333333333333334, "support": 6.0}, "noneconomic__gender_sexuality": {"precision": 1.0, "recall": 0.625, "f1-score": 0.7692307692307693, "support": 8.0}, "noneconomic__health": {"precision": 1.0, "recall": 0.625, "f1-score": 0.7692307692307693, "support": 8.0}, "noneconomic__nationality": {"precision": 0.6666666666666666, "recall": 0.42857142857142855, "f1-score": 0.5217391304347826, "support": 14.0}, "noneconomic__place_location": {"precision": 1.0, "recall": 1.0, "f1-score": 1.0, "support": 3.0}, "noneconomic__religion": {"precision": 0.625, "recall": 0.8333333333333334, "f1-score": 0.7142857142857143, "support": 6.0}, "noneconomic__shared_values_mentalities": {"precision": 0.8, "recall": 0.5714285714285714, "f1-score": 0.6666666666666666, "support": 21.0}, "micro avg": {"precision": 0.875, "recall": 0.7070707070707071, "f1-score": 0.7821229050279329, "support": 99.0}, "macro avg": {"precision": 0.8925000000000001, "recall": 0.7523809523809524, "f1-score": 0.8054706163401816, "support": 99.0}, "weighted avg": {"precision": 0.8776094276094275, "recall": 0.7070707070707071, "f1-score": 0.7745249919162963, "support": 99.0}, "samples avg": {"precision": 0.42769607843137253, "recall": 0.4362745098039215, "f1-score": 0.42622549019607847, "support": 99.0}}