{"noneconomic__age": {"precision": 0.75, "recall": 0.8571428571428571, "f1-score": 0.8, "support": 14.0}, "noneconomic__crime": {"precision": 1.0, "recall": 1.0, "f1-score": 1.0, "support": 4.0}, "noneconomic__ethnicity": {"precision": 0.8, "recall": 1.0, "f1-score": 0.8888888888888888, "support": 4.0}, "noneconomic__family": {"precision": 0.9285714285714286, "recall": 1.0, "f1-score": 0.9629629629629629, "support": 13.0}, "noneconomic__gender_sexuality": {"precision": 1.0, "recall": 0.5, "f1-score": 0.6666666666666666, "support": 8.0}, "noneconomic__health": {"precision": 1.0, "recall": 0.75, "f1-score": 0.8571428571428571, "support": 8.0}, "noneconomic__nationality": {"precision": 0.8, "recall": 0.6, "f1-score": 0.6857142857142857, "support": 20.0}, "noneconomic__place_location": {"precision": 0.6, "recall": 0.5, "f1-score": 0.5454545454545454, "support": 6.0}, "noneconomic__religion": {"precision": 0.6666666666666666, "recall": 1.0, "f1-score": 0.8, "support": 2.0}, "noneconomic__shared_values_mentalities": {"precision": 0.9, "recall": 0.5294117647058824, "f1-score": 0.6666666666666666, "support": 17.0}, "micro avg": {"precision": 0.8414634146341463, "recall": 0.71875, "f1-score": 0.7752808988764045, "support": 96.0}, "macro avg": {"precision": 0.8445238095238095, "recall": 0.7736554621848739, "f1-score": 0.7873496873496874, "support": 96.0}, "weighted avg": {"precision": 0.8542162698412697, "recall": 0.71875, "f1-score": 0.7644260060926727, "support": 96.0}, "samples avg": {"precision": 0.4826086956521739, "recall": 0.5, "f1-score": 0.4823188405797101, "support": 96.0}}