{"economic": {"precision": 0.717948717948718, "recall": 0.9655172413793104, "f1-score": 0.8235294117647058, "support": 29.0}, "noneconomic": {"precision": 0.9180327868852459, "recall": 0.8615384615384616, "f1-score": 0.8888888888888888, "support": 65.0}, "micro avg": {"precision": 0.84, "recall": 0.8936170212765957, "f1-score": 0.865979381443299, "support": 94.0}, "macro avg": {"precision": 0.8179907524169819, "recall": 0.913527851458886, "f1-score": 0.8562091503267973, "support": 94.0}, "weighted avg": {"precision": 0.8563047230644023, "recall": 0.8936170212765957, "f1-score": 0.8687247948824919, "support": 94.0}, "samples avg": {"precision": 0.8316326530612245, "recall": 0.8418367346938775, "f1-score": 0.8299319727891156, "support": 94.0}}