{"economic": {"precision": 0.56, "recall": 0.9655172413793104, "f1-score": 0.7088607594936709, "support": 29.0}, "noneconomic": {"precision": 0.855072463768116, "recall": 0.9076923076923077, "f1-score": 0.8805970149253731, "support": 65.0}, "micro avg": {"precision": 0.7310924369747899, "recall": 0.925531914893617, "f1-score": 0.8169014084507042, "support": 94.0}, "macro avg": {"precision": 0.707536231884058, "recall": 0.936604774535809, "f1-score": 0.794728887209522, "support": 94.0}, "weighted avg": {"precision": 0.7640394696268887, "recall": 0.925531914893617, "f1-score": 0.8276145531432523, "support": 94.0}, "samples avg": {"precision": 0.7602040816326531, "recall": 0.8622448979591837, "f1-score": 0.7925170068027212, "support": 94.0}}