{"economic": {"precision": 0.6666666666666666, "recall": 0.8108108108108109, "f1-score": 0.7317073170731707, "support": 37.0}, "noneconomic": {"precision": 0.8275862068965517, "recall": 0.935064935064935, "f1-score": 0.8780487804878049, "support": 77.0}, "micro avg": {"precision": 0.7727272727272727, "recall": 0.8947368421052632, "f1-score": 0.8292682926829268, "support": 114.0}, "macro avg": {"precision": 0.7471264367816092, "recall": 0.872937872937873, "f1-score": 0.8048780487804879, "support": 114.0}, "weighted avg": {"precision": 0.7753579350675539, "recall": 0.8947368421052632, "f1-score": 0.8305519897304237, "support": 114.0}, "samples avg": {"precision": 0.7882882882882883, "recall": 0.8468468468468469, "f1-score": 0.8048048048048049, "support": 114.0}}