{"economic": {"precision": 0.6410256410256411, "recall": 0.8620689655172413, "f1-score": 0.7352941176470589, "support": 29.0}, "noneconomic": {"precision": 0.9473684210526315, "recall": 0.8181818181818182, "f1-score": 0.8780487804878049, "support": 66.0}, "micro avg": {"precision": 0.8229166666666666, "recall": 0.8315789473684211, "f1-score": 0.8272251308900523, "support": 95.0}, "macro avg": {"precision": 0.7941970310391363, "recall": 0.8401253918495297, "f1-score": 0.8066714490674318, "support": 95.0}, "weighted avg": {"precision": 0.8538532566233396, "recall": 0.8315789473684211, "f1-score": 0.8344710413048404, "support": 95.0}, "samples avg": {"precision": 0.8181818181818182, "recall": 0.8068181818181818, "f1-score": 0.7992424242424243, "support": 95.0}}