{"noneconomic__age": {"precision": 0.8571428571428571, "recall": 0.8571428571428571, "f1-score": 0.8571428571428571, "support": 7.0}, "noneconomic__crime": {"precision": 1.0, "recall": 0.6666666666666666, "f1-score": 0.8, "support": 3.0}, "noneconomic__ethnicity": {"precision": 1.0, "recall": 1.0, "f1-score": 1.0, "support": 3.0}, "noneconomic__family": {"precision": 1.0, "recall": 0.8, "f1-score": 0.8888888888888888, "support": 5.0}, "noneconomic__gender_sexuality": {"precision": 1.0, "recall": 0.8, "f1-score": 0.8888888888888888, "support": 10.0}, "noneconomic__health": {"precision": 1.0, "recall": 0.6666666666666666, "f1-score": 0.8, "support": 3.0}, "noneconomic__nationality": {"precision": 0.375, "recall": 0.75, "f1-score": 0.5, "support": 4.0}, "noneconomic__place_location": {"precision": 0.0, "recall": 0.0, "f1-score": 0.0, "support": 1.0}, "noneconomic__religion": {"precision": 0.5, "recall": 1.0, "f1-score": 0.6666666666666666, "support": 4.0}, "noneconomic__shared_values_mentalities": {"precision": 0.9, "recall": 0.6923076923076923, "f1-score": 0.782608695652174, "support": 13.0}, "micro avg": {"precision": 0.7884615384615384, "recall": 0.7735849056603774, "f1-score": 0.780952380952381, "support": 53.0}, "macro avg": {"precision": 0.7632142857142858, "recall": 0.7232783882783883, "f1-score": 0.7184195997239475, "support": 53.0}, "weighted avg": {"precision": 0.8528301886792453, "recall": 0.7735849056603774, "f1-score": 0.791960623461854, "support": 53.0}, "samples avg": {"precision": 0.4074074074074074, "recall": 0.4279835390946502, "f1-score": 0.4111111111111111, "support": 53.0}}