{"economic": {"precision": 0.9354838709677419, "recall": 0.8055555555555556, "f1-score": 0.8656716417910447, "support": 36.0}, "noneconomic": {"precision": 0.8478260869565217, "recall": 0.8666666666666667, "f1-score": 0.8571428571428571, "support": 45.0}, "micro avg": {"precision": 0.8831168831168831, "recall": 0.8395061728395061, "f1-score": 0.8607594936708861, "support": 81.0}, "macro avg": {"precision": 0.8916549789621318, "recall": 0.8361111111111111, "f1-score": 0.8614072494669509, "support": 81.0}, "weighted avg": {"precision": 0.8867851020726196, "recall": 0.8395061728395061, "f1-score": 0.8609334280976072, "support": 81.0}, "samples avg": {"precision": 0.8051948051948052, "recall": 0.7922077922077922, "f1-score": 0.7922077922077922, "support": 81.0}}