{"noneconomic__age": {"precision": 0.5, "recall": 0.75, "f1-score": 0.6, "support": 4.0}, "noneconomic__crime": {"precision": 1.0, "recall": 0.7272727272727273, "f1-score": 0.8421052631578947, "support": 11.0}, "noneconomic__ethnicity": {"precision": 0.75, "recall": 0.75, "f1-score": 0.75, "support": 4.0}, "noneconomic__family": {"precision": 1.0, "recall": 0.75, "f1-score": 0.8571428571428571, "support": 4.0}, "noneconomic__gender_sexuality": {"precision": 1.0, "recall": 0.9545454545454546, "f1-score": 0.9767441860465116, "support": 22.0}, "noneconomic__health": {"precision": 1.0, "recall": 0.8, "f1-score": 0.8888888888888888, "support": 5.0}, "noneconomic__nationality": {"precision": 1.0, "recall": 0.6666666666666666, "f1-score": 0.8, "support": 9.0}, "noneconomic__place_location": {"precision": 0.6666666666666666, "recall": 0.3333333333333333, "f1-score": 0.4444444444444444, "support": 6.0}, "noneconomic__religion": {"precision": 0.8, "recall": 0.8, "f1-score": 0.8, "support": 5.0}, "noneconomic__shared_values_mentalities": {"precision": 0.7142857142857143, "recall": 0.5, "f1-score": 0.5882352941176471, "support": 10.0}, "micro avg": {"precision": 0.8805970149253731, "recall": 0.7375, "f1-score": 0.8027210884353742, "support": 80.0}, "macro avg": {"precision": 0.843095238095238, "recall": 0.7031818181818182, "f1-score": 0.7547560933798244, "support": 80.0}, "weighted avg": {"precision": 0.8892857142857142, "recall": 0.7375, "f1-score": 0.7971695683577389, "support": 80.0}, "samples avg": {"precision": 0.5240549828178694, "recall": 0.5274914089347079, "f1-score": 0.5195876288659793, "support": 80.0}}