{"noneconomic__age": {"precision": 0.8333333333333334, "recall": 1.0, "f1-score": 0.9090909090909091, "support": 5.0}, "noneconomic__crime": {"precision": 1.0, "recall": 1.0, "f1-score": 1.0, "support": 1.0}, "noneconomic__ethnicity": {"precision": 0.5, "recall": 0.5, "f1-score": 0.5, "support": 2.0}, "noneconomic__family": {"precision": 0.2, "recall": 1.0, "f1-score": 0.3333333333333333, "support": 1.0}, "noneconomic__gender_sexuality": {"precision": 1.0, "recall": 0.6666666666666666, "f1-score": 0.8, "support": 3.0}, "noneconomic__health": {"precision": 1.0, "recall": 0.25, "f1-score": 0.4, "support": 4.0}, "noneconomic__nationality": {"precision": 0.75, "recall": 0.8, "f1-score": 0.7741935483870968, "support": 15.0}, "noneconomic__place_location": {"precision": 0.3333333333333333, "recall": 0.3333333333333333, "f1-score": 0.3333333333333333, "support": 6.0}, "noneconomic__religion": {"precision": 1.0, "recall": 0.6666666666666666, "f1-score": 0.8, "support": 3.0}, "noneconomic__shared_values_mentalities": {"precision": 0.42857142857142855, "recall": 0.17647058823529413, "f1-score": 0.25, "support": 17.0}, "micro avg": {"precision": 0.625, "recall": 0.5263157894736842, "f1-score": 0.5714285714285714, "support": 57.0}, "macro avg": {"precision": 0.7045238095238096, "recall": 0.6393137254901962, "f1-score": 0.6099951124144672, "support": 57.0}, "weighted avg": {"precision": 0.6474101921470342, "recall": 0.5263157894736842, "f1-score": 0.5463454579753391, "support": 57.0}, "samples avg": {"precision": 0.27489177489177485, "recall": 0.29545454545454547, "f1-score": 0.2739022881880025, "support": 57.0}}