{"economic__education_level": {"precision": 1.0, "recall": 0.3333333333333333, "f1-score": 0.5, "support": 3.0}, "economic__employment_status": {"precision": 0.7777777777777778, "recall": 0.7, "f1-score": 0.7368421052631579, "support": 10.0}, "economic__income_wealth_economic_status": {"precision": 1.0, "recall": 0.4, "f1-score": 0.5714285714285714, "support": 5.0}, "economic__occupation_profession": {"precision": 0.8333333333333334, "recall": 0.7894736842105263, "f1-score": 0.8108108108108109, "support": 19.0}, "micro avg": {"precision": 0.8333333333333334, "recall": 0.6756756756756757, "f1-score": 0.746268656716418, "support": 37.0}, "macro avg": {"precision": 0.9027777777777778, "recall": 0.5557017543859648, "f1-score": 0.654770371875635, "support": 37.0}, "weighted avg": {"precision": 0.8543543543543545, "recall": 0.6756756756756757, "f1-score": 0.7332694409508066, "support": 37.0}, "samples avg": {"precision": 0.2857142857142857, "recall": 0.3116883116883117, "f1-score": 0.29437229437229434, "support": 37.0}}