{"noneconomic__age": {"precision": 0.7647058823529411, "recall": 0.9285714285714286, "f1-score": 0.8387096774193549, "support": 14.0}, "noneconomic__crime": {"precision": 0.8, "recall": 0.6666666666666666, "f1-score": 0.7272727272727273, "support": 6.0}, "noneconomic__ethnicity": {"precision": 1.0, "recall": 1.0, "f1-score": 1.0, "support": 5.0}, "noneconomic__family": {"precision": 0.5, "recall": 0.8333333333333334, "f1-score": 0.625, "support": 6.0}, "noneconomic__gender_sexuality": {"precision": 0.9047619047619048, "recall": 0.95, "f1-score": 0.926829268292683, "support": 20.0}, "noneconomic__health": {"precision": 1.0, "recall": 1.0, "f1-score": 1.0, "support": 2.0}, "noneconomic__nationality": {"precision": 0.5833333333333334, "recall": 0.4666666666666667, "f1-score": 0.5185185185185185, "support": 15.0}, "noneconomic__place_location": {"precision": 1.0, "recall": 0.25, "f1-score": 0.4, "support": 4.0}, "noneconomic__religion": {"precision": 0.6, "recall": 0.75, "f1-score": 0.6666666666666666, "support": 4.0}, "noneconomic__shared_values_mentalities": {"precision": 0.75, "recall": 0.6, "f1-score": 0.6666666666666666, "support": 15.0}, "micro avg": {"precision": 0.7555555555555555, "recall": 0.7472527472527473, "f1-score": 0.7513812154696132, "support": 91.0}, "macro avg": {"precision": 0.7902801120448179, "recall": 0.7445238095238095, "f1-score": 0.7369663524836618, "support": 91.0}, "weighted avg": {"precision": 0.769243081848124, "recall": 0.7472527472527473, "f1-score": 0.7410615566791805, "support": 91.0}, "samples avg": {"precision": 0.5122324159021407, "recall": 0.5481651376146789, "f1-score": 0.51826124945391, "support": 91.0}}