{"economic": {"precision": 0.9047619047619048, "recall": 0.6551724137931034, "f1-score": 0.76, "support": 29.0}, "noneconomic": {"precision": 0.9230769230769231, "recall": 0.9090909090909091, "f1-score": 0.916030534351145, "support": 66.0}, "micro avg": {"precision": 0.9186046511627907, "recall": 0.8315789473684211, "f1-score": 0.8729281767955801, "support": 95.0}, "macro avg": {"precision": 0.913919413919414, "recall": 0.7821316614420062, "f1-score": 0.8380152671755725, "support": 95.0}, "weighted avg": {"precision": 0.9174860227491807, "recall": 0.8315789473684211, "f1-score": 0.8684001607071111, "support": 95.0}, "samples avg": {"precision": 0.8465909090909091, "recall": 0.8068181818181818, "f1-score": 0.8181818181818182, "support": 95.0}}