{"noneconomic__age": {"precision": 0.375, "recall": 0.75, "f1-score": 0.5, "support": 4.0}, "noneconomic__crime": {"precision": 1.0, "recall": 0.7272727272727273, "f1-score": 0.8421052631578947, "support": 11.0}, "noneconomic__ethnicity": {"precision": 0.42857142857142855, "recall": 0.75, "f1-score": 0.5454545454545454, "support": 4.0}, "noneconomic__family": {"precision": 0.75, "recall": 0.75, "f1-score": 0.75, "support": 4.0}, "noneconomic__gender_sexuality": {"precision": 1.0, "recall": 0.9545454545454546, "f1-score": 0.9767441860465116, "support": 22.0}, "noneconomic__health": {"precision": 0.8, "recall": 0.8, "f1-score": 0.8, "support": 5.0}, "noneconomic__nationality": {"precision": 0.8571428571428571, "recall": 0.6666666666666666, "f1-score": 0.75, "support": 9.0}, "noneconomic__place_location": {"precision": 1.0, "recall": 0.5, "f1-score": 0.6666666666666666, "support": 6.0}, "noneconomic__religion": {"precision": 0.6666666666666666, "recall": 0.8, "f1-score": 0.7272727272727273, "support": 5.0}, "noneconomic__shared_values_mentalities": {"precision": 0.6, "recall": 0.9, "f1-score": 0.72, "support": 10.0}, "micro avg": {"precision": 0.7619047619047619, "recall": 0.8, "f1-score": 0.7804878048780488, "support": 80.0}, "macro avg": {"precision": 0.7477380952380953, "recall": 0.7598484848484849, "f1-score": 0.7278243388598347, "support": 80.0}, "weighted avg": {"precision": 0.8282738095238095, "recall": 0.8, "f1-score": 0.7939963975742741, "support": 80.0}, "samples avg": {"precision": 0.570446735395189, "recall": 0.5893470790378007, "f1-score": 0.5714776632302405, "support": 80.0}}