{"economic": {"precision": 0.7804878048780488, "recall": 0.9696969696969697, "f1-score": 0.8648648648648649, "support": 33.0}, "noneconomic": {"precision": 0.88, "recall": 0.9166666666666666, "f1-score": 0.8979591836734694, "support": 48.0}, "micro avg": {"precision": 0.8351648351648352, "recall": 0.9382716049382716, "f1-score": 0.8837209302325582, "support": 81.0}, "macro avg": {"precision": 0.8302439024390245, "recall": 0.9431818181818181, "f1-score": 0.8814120242691672, "support": 81.0}, "weighted avg": {"precision": 0.8394579945799459, "recall": 0.9382716049382716, "f1-score": 0.8844763130477415, "support": 81.0}, "samples avg": {"precision": 0.84375, "recall": 0.88125, "f1-score": 0.85, "support": 81.0}}