{"economic": {"precision": 0.8857142857142857, "recall": 0.8857142857142857, "f1-score": 0.8857142857142857, "support": 35.0}, "noneconomic": {"precision": 0.9361702127659575, "recall": 0.8148148148148148, "f1-score": 0.8712871287128713, "support": 54.0}, "micro avg": {"precision": 0.9146341463414634, "recall": 0.8426966292134831, "f1-score": 0.8771929824561403, "support": 89.0}, "macro avg": {"precision": 0.9109422492401216, "recall": 0.8502645502645503, "f1-score": 0.8785007072135784, "support": 89.0}, "weighted avg": {"precision": 0.9163279942624909, "recall": 0.8426966292134831, "f1-score": 0.8769607297808433, "support": 89.0}, "samples avg": {"precision": 0.75, "recall": 0.7340425531914894, "f1-score": 0.7340425531914895, "support": 89.0}}