{"noneconomic__age": {"precision": 0.6, "recall": 0.75, "f1-score": 0.6666666666666666, "support": 4.0}, "noneconomic__crime": {"precision": 1.0, "recall": 0.8888888888888888, "f1-score": 0.9411764705882353, "support": 9.0}, "noneconomic__ethnicity": {"precision": 1.0, "recall": 1.0, "f1-score": 1.0, "support": 1.0}, "noneconomic__family": {"precision": 0.8, "recall": 1.0, "f1-score": 0.8888888888888888, "support": 4.0}, "noneconomic__gender_sexuality": {"precision": 1.0, "recall": 0.3333333333333333, "f1-score": 0.5, "support": 6.0}, "noneconomic__health": {"precision": 1.0, "recall": 0.3333333333333333, "f1-score": 0.5, "support": 3.0}, "noneconomic__nationality": {"precision": 0.8888888888888888, "recall": 0.8888888888888888, "f1-score": 0.8888888888888888, "support": 9.0}, "noneconomic__place_location": {"precision": 0.75, "recall": 0.75, "f1-score": 0.75, "support": 4.0}, "noneconomic__religion": {"precision": 1.0, "recall": 1.0, "f1-score": 1.0, "support": 1.0}, "noneconomic__shared_values_mentalities": {"precision": 0.8461538461538461, "recall": 0.8461538461538461, "f1-score": 0.8461538461538461, "support": 13.0}, "micro avg": {"precision": 0.8571428571428571, "recall": 0.7777777777777778, "f1-score": 0.8155339805825242, "support": 54.0}, "macro avg": {"precision": 0.8885042735042736, "recall": 0.7790598290598291, "f1-score": 0.7981774761186526, "support": 54.0}, "weighted avg": {"precision": 0.8814814814814815, "recall": 0.7777777777777778, "f1-score": 0.7998668603243766, "support": 54.0}, "samples avg": {"precision": 0.45625, "recall": 0.4645833333333333, "f1-score": 0.45583333333333337, "support": 54.0}}