{"economic__education_level": {"precision": 1.0, "recall": 0.8, "f1-score": 0.8888888888888888, "support": 5.0}, "economic__employment_status": {"precision": 0.75, "recall": 0.75, "f1-score": 0.75, "support": 4.0}, "economic__income_wealth_economic_status": {"precision": 1.0, "recall": 0.6363636363636364, "f1-score": 0.7777777777777778, "support": 11.0}, "economic__occupation_profession": {"precision": 0.7647058823529411, "recall": 0.8125, "f1-score": 0.7878787878787878, "support": 16.0}, "micro avg": {"precision": 0.84375, "recall": 0.75, "f1-score": 0.7941176470588235, "support": 36.0}, "macro avg": {"precision": 0.8786764705882353, "recall": 0.7497159090909091, "f1-score": 0.8011363636363635, "support": 36.0}, "weighted avg": {"precision": 0.8676470588235294, "recall": 0.75, "f1-score": 0.7946127946127945, "support": 36.0}, "samples avg": {"precision": 0.28823529411764703, "recall": 0.29411764705882354, "f1-score": 0.2901960784313725, "support": 36.0}}