{"noneconomic__age": {"precision": 0.75, "recall": 0.5, "f1-score": 0.6, "support": 12.0}, "noneconomic__crime": {"precision": 1.0, "recall": 1.0, "f1-score": 1.0, "support": 3.0}, "noneconomic__ethnicity": {"precision": 1.0, "recall": 1.0, "f1-score": 1.0, "support": 1.0}, "noneconomic__family": {"precision": 0.6666666666666666, "recall": 0.8, "f1-score": 0.7272727272727273, "support": 5.0}, "noneconomic__gender_sexuality": {"precision": 0.0, "recall": 0.0, "f1-score": 0.0, "support": 2.0}, "noneconomic__health": {"precision": 0.0, "recall": 0.0, "f1-score": 0.0, "support": 1.0}, "noneconomic__nationality": {"precision": 1.0, "recall": 0.47058823529411764, "f1-score": 0.64, "support": 17.0}, "noneconomic__place_location": {"precision": 1.0, "recall": 1.0, "f1-score": 1.0, "support": 2.0}, "noneconomic__religion": {"precision": 0.0, "recall": 0.0, "f1-score": 0.0, "support": 0.0}, "noneconomic__shared_values_mentalities": {"precision": 0.8235294117647058, "recall": 0.6666666666666666, "f1-score": 0.7368421052631579, "support": 21.0}, "micro avg": {"precision": 0.8260869565217391, "recall": 0.59375, "f1-score": 0.6909090909090909, "support": 64.0}, "macro avg": {"precision": 0.6240196078431371, "recall": 0.5437254901960784, "f1-score": 0.5704114832535885, "support": 64.0}, "weighted avg": {"precision": 0.8223039215686274, "recall": 0.59375, "f1-score": 0.6748444976076555, "support": 64.0}, "samples avg": {"precision": 0.34751773049645396, "recall": 0.34219858156028377, "f1-score": 0.33900709219858155, "support": 64.0}}