{"noneconomic__age": {"precision": 0.8, "recall": 1.0, "f1-score": 0.8888888888888888, "support": 4.0}, "noneconomic__crime": {"precision": 1.0, "recall": 0.6666666666666666, "f1-score": 0.8, "support": 9.0}, "noneconomic__ethnicity": {"precision": 1.0, "recall": 1.0, "f1-score": 1.0, "support": 1.0}, "noneconomic__family": {"precision": 0.8, "recall": 1.0, "f1-score": 0.8888888888888888, "support": 4.0}, "noneconomic__gender_sexuality": {"precision": 1.0, "recall": 0.3333333333333333, "f1-score": 0.5, "support": 6.0}, "noneconomic__health": {"precision": 0.5, "recall": 0.3333333333333333, "f1-score": 0.4, "support": 3.0}, "noneconomic__nationality": {"precision": 0.8, "recall": 0.8888888888888888, "f1-score": 0.8421052631578947, "support": 9.0}, "noneconomic__place_location": {"precision": 1.0, "recall": 0.5, "f1-score": 0.6666666666666666, "support": 4.0}, "noneconomic__religion": {"precision": 1.0, "recall": 1.0, "f1-score": 1.0, "support": 1.0}, "noneconomic__shared_values_mentalities": {"precision": 0.9230769230769231, "recall": 0.9230769230769231, "f1-score": 0.9230769230769231, "support": 13.0}, "micro avg": {"precision": 0.8723404255319149, "recall": 0.7592592592592593, "f1-score": 0.8118811881188119, "support": 54.0}, "macro avg": {"precision": 0.8823076923076923, "recall": 0.7645299145299145, "f1-score": 0.7909626630679262, "support": 54.0}, "weighted avg": {"precision": 0.8907407407407406, "recall": 0.7592592592592593, "f1-score": 0.7917912064110895, "support": 54.0}, "samples avg": {"precision": 0.46875, "recall": 0.4583333333333333, "f1-score": 0.45999999999999996, "support": 54.0}}