{"noneconomic__age": {"precision": 0.9333333333333333, "recall": 0.9333333333333333, "f1-score": 0.9333333333333333, "support": 15.0}, "noneconomic__crime": {"precision": 0.5, "recall": 1.0, "f1-score": 0.6666666666666666, "support": 8.0}, "noneconomic__ethnicity": {"precision": 1.0, "recall": 1.0, "f1-score": 1.0, "support": 16.0}, "noneconomic__family": {"precision": 0.8, "recall": 0.8, "f1-score": 0.8, "support": 5.0}, "noneconomic__gender_sexuality": {"precision": 0.8571428571428571, "recall": 0.6666666666666666, "f1-score": 0.75, "support": 9.0}, "noneconomic__health": {"precision": 0.0, "recall": 0.0, "f1-score": 0.0, "support": 2.0}, "noneconomic__nationality": {"precision": 0.36, "recall": 0.6428571428571429, "f1-score": 0.46153846153846156, "support": 14.0}, "noneconomic__place_location": {"precision": 0.3333333333333333, "recall": 1.0, "f1-score": 0.5, "support": 1.0}, "noneconomic__religion": {"precision": 0.7142857142857143, "recall": 1.0, "f1-score": 0.8333333333333334, "support": 10.0}, "noneconomic__shared_values_mentalities": {"precision": 0.34782608695652173, "recall": 0.64, "f1-score": 0.4507042253521127, "support": 25.0}, "micro avg": {"precision": 0.5714285714285714, "recall": 0.8, "f1-score": 0.6666666666666666, "support": 105.0}, "macro avg": {"precision": 0.5845921325051759, "recall": 0.7682857142857142, "f1-score": 0.6395576020223908, "support": 105.0}, "weighted avg": {"precision": 0.6373916987084688, "recall": 0.8, "f1-score": 0.6918648644000757, "support": 105.0}, "samples avg": {"precision": 0.45737913486005094, "recall": 0.5, "f1-score": 0.46175936023264263, "support": 105.0}}