{"noneconomic__age": {"precision": 0.5, "recall": 0.8571428571428571, "f1-score": 0.631578947368421, "support": 7.0}, "noneconomic__crime": {"precision": 1.0, "recall": 0.75, "f1-score": 0.8571428571428571, "support": 4.0}, "noneconomic__ethnicity": {"precision": 1.0, "recall": 1.0, "f1-score": 1.0, "support": 5.0}, "noneconomic__family": {"precision": 1.0, "recall": 1.0, "f1-score": 1.0, "support": 6.0}, "noneconomic__gender_sexuality": {"precision": 0.625, "recall": 0.7142857142857143, "f1-score": 0.6666666666666666, "support": 7.0}, "noneconomic__health": {"precision": 0.6666666666666666, "recall": 0.3333333333333333, "f1-score": 0.4444444444444444, "support": 6.0}, "noneconomic__nationality": {"precision": 0.4, "recall": 0.46153846153846156, "f1-score": 0.42857142857142855, "support": 13.0}, "noneconomic__place_location": {"precision": 0.0, "recall": 0.0, "f1-score": 0.0, "support": 7.0}, "noneconomic__religion": {"precision": 0.6666666666666666, "recall": 1.0, "f1-score": 0.8, "support": 2.0}, "noneconomic__shared_values_mentalities": {"precision": 0.35, "recall": 0.3684210526315789, "f1-score": 0.358974358974359, "support": 19.0}, "micro avg": {"precision": 0.5526315789473685, "recall": 0.5526315789473685, "f1-score": 0.5526315789473685, "support": 76.0}, "macro avg": {"precision": 0.6208333333333333, "recall": 0.6484721418931946, "f1-score": 0.6187378703168176, "support": 76.0}, "weighted avg": {"precision": 0.5270833333333333, "recall": 0.5526315789473685, "f1-score": 0.5286170892819092, "support": 76.0}, "samples avg": {"precision": 0.29166666666666663, "recall": 0.33493589743589747, "f1-score": 0.3003205128205128, "support": 76.0}}