{"economic": {"precision": 0.7096774193548387, "recall": 0.7586206896551724, "f1-score": 0.7333333333333333, "support": 29.0}, "noneconomic": {"precision": 0.8813559322033898, "recall": 0.7878787878787878, "f1-score": 0.832, "support": 66.0}, "micro avg": {"precision": 0.8222222222222222, "recall": 0.7789473684210526, "f1-score": 0.8, "support": 95.0}, "macro avg": {"precision": 0.7955166757791143, "recall": 0.7732497387669801, "f1-score": 0.7826666666666666, "support": 95.0}, "weighted avg": {"precision": 0.828948807228569, "recall": 0.7789473684210526, "f1-score": 0.8018807017543859, "support": 95.0}, "samples avg": {"precision": 0.7727272727272727, "recall": 0.7613636363636364, "f1-score": 0.7537878787878789, "support": 95.0}}