{"economic": {"precision": 0.631578947368421, "recall": 0.7058823529411765, "f1-score": 0.6666666666666666, "support": 34.0}, "noneconomic": {"precision": 0.6779661016949152, "recall": 0.8, "f1-score": 0.7339449541284404, "support": 50.0}, "micro avg": {"precision": 0.6597938144329897, "recall": 0.7619047619047619, "f1-score": 0.7071823204419889, "support": 84.0}, "macro avg": {"precision": 0.6547725245316681, "recall": 0.7529411764705882, "f1-score": 0.7003058103975535, "support": 84.0}, "weighted avg": {"precision": 0.659190348753239, "recall": 0.7619047619047619, "f1-score": 0.7067132663462938, "support": 84.0}, "samples avg": {"precision": 0.6705882352941176, "recall": 0.7235294117647059, "f1-score": 0.6823529411764705, "support": 84.0}}