{"economic__class_membership": {"precision": 0.0, "recall": 0.0, "f1-score": 0.0, "support": 0.0}, "economic__ecology_of_group": {"precision": 0.0, "recall": 0.0, "f1-score": 0.0, "support": 2.0}, "economic__education_level": {"precision": 0.5, "recall": 0.3333333333333333, "f1-score": 0.4, "support": 3.0}, "economic__employment_status": {"precision": 1.0, "recall": 0.2, "f1-score": 0.3333333333333333, "support": 5.0}, "economic__income_wealth_economic_status": {"precision": 0.8, "recall": 0.6666666666666666, "f1-score": 0.7272727272727273, "support": 6.0}, "economic__occupation_profession": {"precision": 0.6428571428571429, "recall": 0.5625, "f1-score": 0.6, "support": 16.0}, "micro avg": {"precision": 0.6, "recall": 0.46875, "f1-score": 0.5263157894736842, "support": 32.0}, "macro avg": {"precision": 0.49047619047619045, "recall": 0.29375, "f1-score": 0.3434343434343434, "support": 32.0}, "weighted avg": {"precision": 0.6745535714285715, "recall": 0.46875, "f1-score": 0.5259469696969696, "support": 32.0}, "samples avg": {"precision": 0.14432989690721648, "recall": 0.15463917525773196, "f1-score": 0.14776632302405496, "support": 32.0}}