{"economic__education_level": {"precision": 1.0, "recall": 0.3333333333333333, "f1-score": 0.5, "support": 3.0}, "economic__employment_status": {"precision": 0.8, "recall": 0.8, "f1-score": 0.8, "support": 10.0}, "economic__income_wealth_economic_status": {"precision": 0.4, "recall": 0.4, "f1-score": 0.4, "support": 5.0}, "economic__occupation_profession": {"precision": 0.7777777777777778, "recall": 0.3684210526315789, "f1-score": 0.5, "support": 19.0}, "micro avg": {"precision": 0.72, "recall": 0.4864864864864865, "f1-score": 0.5806451612903226, "support": 37.0}, "macro avg": {"precision": 0.7444444444444445, "recall": 0.47543859649122805, "f1-score": 0.55, "support": 37.0}, "weighted avg": {"precision": 0.7507507507507508, "recall": 0.4864864864864865, "f1-score": 0.5675675675675675, "support": 37.0}, "samples avg": {"precision": 0.2077922077922078, "recall": 0.22077922077922077, "f1-score": 0.2121212121212121, "support": 37.0}}