{"economic__class_membership": {"precision": 0.0, "recall": 0.0, "f1-score": 0.0, "support": 0.0}, "economic__ecology_of_group": {"precision": 0.0, "recall": 0.0, "f1-score": 0.0, "support": 3.0}, "economic__education_level": {"precision": 1.0, "recall": 0.6666666666666666, "f1-score": 0.8, "support": 6.0}, "economic__employment_status": {"precision": 0.5, "recall": 0.25, "f1-score": 0.3333333333333333, "support": 4.0}, "economic__income_wealth_economic_status": {"precision": 0.8, "recall": 0.5714285714285714, "f1-score": 0.6666666666666666, "support": 7.0}, "economic__occupation_profession": {"precision": 1.0, "recall": 0.625, "f1-score": 0.7692307692307693, "support": 16.0}, "micro avg": {"precision": 0.7916666666666666, "recall": 0.5277777777777778, "f1-score": 0.6333333333333333, "support": 36.0}, "macro avg": {"precision": 0.5499999999999999, "recall": 0.3521825396825397, "f1-score": 0.4282051282051282, "support": 36.0}, "weighted avg": {"precision": 0.8222222222222223, "recall": 0.5277777777777778, "f1-score": 0.6418803418803419, "support": 36.0}, "samples avg": {"precision": 0.21875, "recall": 0.21875, "f1-score": 0.2125, "support": 36.0}}