{"economic": {"precision": 0.8461538461538461, "recall": 0.7586206896551724, "f1-score": 0.8, "support": 29.0}, "noneconomic": {"precision": 0.873015873015873, "recall": 0.8333333333333334, "f1-score": 0.8527131782945736, "support": 66.0}, "micro avg": {"precision": 0.8651685393258427, "recall": 0.8105263157894737, "f1-score": 0.8369565217391305, "support": 95.0}, "macro avg": {"precision": 0.8595848595848596, "recall": 0.7959770114942528, "f1-score": 0.8263565891472868, "support": 95.0}, "weighted avg": {"precision": 0.8648158858685174, "recall": 0.8105263157894737, "f1-score": 0.8366217870257039, "support": 95.0}, "samples avg": {"precision": 0.8181818181818182, "recall": 0.7840909090909091, "f1-score": 0.7916666666666665, "support": 95.0}}