{"economic": {"precision": 0.8333333333333334, "recall": 0.8064516129032258, "f1-score": 0.819672131147541, "support": 31.0}, "noneconomic": {"precision": 0.8767123287671232, "recall": 0.927536231884058, "f1-score": 0.9014084507042254, "support": 69.0}, "micro avg": {"precision": 0.8640776699029126, "recall": 0.89, "f1-score": 0.8768472906403941, "support": 100.0}, "macro avg": {"precision": 0.8550228310502284, "recall": 0.8669939223936418, "f1-score": 0.8605402909258832, "support": 100.0}, "weighted avg": {"precision": 0.8632648401826484, "recall": 0.89, "f1-score": 0.8760701916416532, "support": 100.0}, "samples avg": {"precision": 0.8556701030927835, "recall": 0.8711340206185567, "f1-score": 0.8522336769759449, "support": 100.0}}