{"noneconomic__age": {"precision": 0.5, "recall": 0.75, "f1-score": 0.6, "support": 4.0}, "noneconomic__crime": {"precision": 1.0, "recall": 0.8888888888888888, "f1-score": 0.9411764705882353, "support": 9.0}, "noneconomic__ethnicity": {"precision": 1.0, "recall": 1.0, "f1-score": 1.0, "support": 1.0}, "noneconomic__family": {"precision": 0.8, "recall": 1.0, "f1-score": 0.8888888888888888, "support": 4.0}, "noneconomic__gender_sexuality": {"precision": 0.75, "recall": 0.5, "f1-score": 0.6, "support": 6.0}, "noneconomic__health": {"precision": 1.0, "recall": 0.3333333333333333, "f1-score": 0.5, "support": 3.0}, "noneconomic__nationality": {"precision": 0.9, "recall": 1.0, "f1-score": 0.9473684210526315, "support": 9.0}, "noneconomic__place_location": {"precision": 1.0, "recall": 0.25, "f1-score": 0.4, "support": 4.0}, "noneconomic__religion": {"precision": 1.0, "recall": 1.0, "f1-score": 1.0, "support": 1.0}, "noneconomic__shared_values_mentalities": {"precision": 0.8333333333333334, "recall": 0.7692307692307693, "f1-score": 0.8, "support": 13.0}, "micro avg": {"precision": 0.8367346938775511, "recall": 0.7592592592592593, "f1-score": 0.7961165048543689, "support": 54.0}, "macro avg": {"precision": 0.8783333333333333, "recall": 0.749145299145299, "f1-score": 0.7677433780529757, "support": 54.0}, "weighted avg": {"precision": 0.8635802469135803, "recall": 0.7592592592592593, "f1-score": 0.7787492514874695, "support": 54.0}, "samples avg": {"precision": 0.4625, "recall": 0.4666666666666667, "f1-score": 0.45625, "support": 54.0}}