{"noneconomic__age": {"precision": 1.0, "recall": 0.8333333333333334, "f1-score": 0.9090909090909091, "support": 12.0}, "noneconomic__crime": {"precision": 1.0, "recall": 1.0, "f1-score": 1.0, "support": 3.0}, "noneconomic__ethnicity": {"precision": 1.0, "recall": 1.0, "f1-score": 1.0, "support": 1.0}, "noneconomic__family": {"precision": 1.0, "recall": 0.8, "f1-score": 0.8888888888888888, "support": 5.0}, "noneconomic__gender_sexuality": {"precision": 0.0, "recall": 0.0, "f1-score": 0.0, "support": 2.0}, "noneconomic__health": {"precision": 0.5, "recall": 1.0, "f1-score": 0.6666666666666666, "support": 1.0}, "noneconomic__nationality": {"precision": 1.0, "recall": 0.47058823529411764, "f1-score": 0.64, "support": 17.0}, "noneconomic__place_location": {"precision": 1.0, "recall": 1.0, "f1-score": 1.0, "support": 2.0}, "noneconomic__religion": {"precision": 0.0, "recall": 0.0, "f1-score": 0.0, "support": 0.0}, "noneconomic__shared_values_mentalities": {"precision": 0.9333333333333333, "recall": 0.6666666666666666, "f1-score": 0.7777777777777778, "support": 21.0}, "micro avg": {"precision": 0.9347826086956522, "recall": 0.671875, "f1-score": 0.7818181818181819, "support": 64.0}, "macro avg": {"precision": 0.7433333333333334, "recall": 0.6770588235294118, "f1-score": 0.6882424242424242, "support": 64.0}, "weighted avg": {"precision": 0.9390625, "recall": 0.671875, "f1-score": 0.7692739898989898, "support": 64.0}, "samples avg": {"precision": 0.42198581560283693, "recall": 0.39361702127659576, "f1-score": 0.40177304964539, "support": 64.0}}