{"noneconomic__age": {"precision": 0.9230769230769231, "recall": 0.8571428571428571, "f1-score": 0.8888888888888888, "support": 14.0}, "noneconomic__crime": {"precision": 1.0, "recall": 0.3333333333333333, "f1-score": 0.5, "support": 6.0}, "noneconomic__ethnicity": {"precision": 0.8333333333333334, "recall": 1.0, "f1-score": 0.9090909090909091, "support": 5.0}, "noneconomic__family": {"precision": 0.8571428571428571, "recall": 1.0, "f1-score": 0.9230769230769231, "support": 6.0}, "noneconomic__gender_sexuality": {"precision": 1.0, "recall": 0.95, "f1-score": 0.9743589743589743, "support": 20.0}, "noneconomic__health": {"precision": 1.0, "recall": 1.0, "f1-score": 1.0, "support": 2.0}, "noneconomic__nationality": {"precision": 0.9230769230769231, "recall": 0.8, "f1-score": 0.8571428571428571, "support": 15.0}, "noneconomic__place_location": {"precision": 1.0, "recall": 0.5, "f1-score": 0.6666666666666666, "support": 4.0}, "noneconomic__religion": {"precision": 0.8, "recall": 1.0, "f1-score": 0.8888888888888888, "support": 4.0}, "noneconomic__shared_values_mentalities": {"precision": 0.8, "recall": 0.5333333333333333, "f1-score": 0.64, "support": 15.0}, "micro avg": {"precision": 0.9113924050632911, "recall": 0.7912087912087912, "f1-score": 0.8470588235294118, "support": 91.0}, "macro avg": {"precision": 0.9136630036630038, "recall": 0.7973809523809524, "f1-score": 0.8248114108114109, "support": 91.0}, "weighted avg": {"precision": 0.9151511492170834, "recall": 0.7912087912087912, "f1-score": 0.8318121439000559, "support": 91.0}, "samples avg": {"precision": 0.570336391437309, "recall": 0.5619266055045872, "f1-score": 0.5595456531236347, "support": 91.0}}