{"noneconomic__age": {"precision": 1.0, "recall": 1.0, "f1-score": 1.0, "support": 7.0}, "noneconomic__crime": {"precision": 1.0, "recall": 0.3333333333333333, "f1-score": 0.5, "support": 3.0}, "noneconomic__ethnicity": {"precision": 0.75, "recall": 1.0, "f1-score": 0.8571428571428571, "support": 3.0}, "noneconomic__family": {"precision": 1.0, "recall": 1.0, "f1-score": 1.0, "support": 5.0}, "noneconomic__gender_sexuality": {"precision": 0.8888888888888888, "recall": 0.8, "f1-score": 0.8421052631578947, "support": 10.0}, "noneconomic__health": {"precision": 1.0, "recall": 0.6666666666666666, "f1-score": 0.8, "support": 3.0}, "noneconomic__nationality": {"precision": 0.5, "recall": 0.5, "f1-score": 0.5, "support": 4.0}, "noneconomic__place_location": {"precision": 0.0, "recall": 0.0, "f1-score": 0.0, "support": 1.0}, "noneconomic__religion": {"precision": 1.0, "recall": 1.0, "f1-score": 1.0, "support": 4.0}, "noneconomic__shared_values_mentalities": {"precision": 1.0, "recall": 0.6153846153846154, "f1-score": 0.7619047619047619, "support": 13.0}, "micro avg": {"precision": 0.9090909090909091, "recall": 0.7547169811320755, "f1-score": 0.8247422680412371, "support": 53.0}, "macro avg": {"precision": 0.8138888888888889, "recall": 0.6915384615384615, "f1-score": 0.7261152882205514, "support": 53.0}, "weighted avg": {"precision": 0.9082809224318658, "recall": 0.7547169811320755, "f1-score": 0.8074951529767816, "support": 53.0}, "samples avg": {"precision": 0.434156378600823, "recall": 0.42386831275720166, "f1-score": 0.42345679012345677, "support": 53.0}}