{"noneconomic__age": {"precision": 0.8461538461538461, "recall": 0.7857142857142857, "f1-score": 0.8148148148148148, "support": 14.0}, "noneconomic__crime": {"precision": 1.0, "recall": 0.8333333333333334, "f1-score": 0.9090909090909091, "support": 6.0}, "noneconomic__ethnicity": {"precision": 0.7142857142857143, "recall": 1.0, "f1-score": 0.8333333333333334, "support": 5.0}, "noneconomic__family": {"precision": 0.5, "recall": 0.8333333333333334, "f1-score": 0.625, "support": 6.0}, "noneconomic__gender_sexuality": {"precision": 0.95, "recall": 0.95, "f1-score": 0.95, "support": 20.0}, "noneconomic__health": {"precision": 0.6666666666666666, "recall": 1.0, "f1-score": 0.8, "support": 2.0}, "noneconomic__nationality": {"precision": 0.7857142857142857, "recall": 0.7333333333333333, "f1-score": 0.7586206896551724, "support": 15.0}, "noneconomic__place_location": {"precision": 1.0, "recall": 0.5, "f1-score": 0.6666666666666666, "support": 4.0}, "noneconomic__religion": {"precision": 0.6666666666666666, "recall": 1.0, "f1-score": 0.8, "support": 4.0}, "noneconomic__shared_values_mentalities": {"precision": 0.6842105263157895, "recall": 0.8666666666666667, "f1-score": 0.7647058823529411, "support": 15.0}, "micro avg": {"precision": 0.7777777777777778, "recall": 0.8461538461538461, "f1-score": 0.8105263157894737, "support": 91.0}, "macro avg": {"precision": 0.7813697705802969, "recall": 0.8502380952380953, "f1-score": 0.7922232295913837, "support": 91.0}, "weighted avg": {"precision": 0.8073236769014676, "recall": 0.8461538461538461, "f1-score": 0.8142327997297572, "support": 91.0}, "samples avg": {"precision": 0.5657492354740062, "recall": 0.6123853211009175, "f1-score": 0.5772826561817387, "support": 91.0}}