{"noneconomic__age": {"precision": 1.0, "recall": 0.8, "f1-score": 0.8888888888888888, "support": 5.0}, "noneconomic__crime": {"precision": 0.5, "recall": 1.0, "f1-score": 0.6666666666666666, "support": 1.0}, "noneconomic__ethnicity": {"precision": 0.6666666666666666, "recall": 1.0, "f1-score": 0.8, "support": 2.0}, "noneconomic__family": {"precision": 1.0, "recall": 1.0, "f1-score": 1.0, "support": 1.0}, "noneconomic__gender_sexuality": {"precision": 1.0, "recall": 0.6666666666666666, "f1-score": 0.8, "support": 3.0}, "noneconomic__health": {"precision": 1.0, "recall": 0.25, "f1-score": 0.4, "support": 4.0}, "noneconomic__nationality": {"precision": 0.9166666666666666, "recall": 0.7333333333333333, "f1-score": 0.8148148148148148, "support": 15.0}, "noneconomic__place_location": {"precision": 1.0, "recall": 0.5, "f1-score": 0.6666666666666666, "support": 6.0}, "noneconomic__religion": {"precision": 1.0, "recall": 0.6666666666666666, "f1-score": 0.8, "support": 3.0}, "noneconomic__shared_values_mentalities": {"precision": 1.0, "recall": 0.5882352941176471, "f1-score": 0.7407407407407407, "support": 17.0}, "micro avg": {"precision": 0.925, "recall": 0.6491228070175439, "f1-score": 0.7628865979381443, "support": 57.0}, "macro avg": {"precision": 0.9083333333333332, "recall": 0.7204901960784313, "f1-score": 0.7577777777777777, "support": 57.0}, "weighted avg": {"precision": 0.9576023391812866, "recall": 0.6491228070175439, "f1-score": 0.7530864197530864, "support": 57.0}, "samples avg": {"precision": 0.4177489177489177, "recall": 0.39285714285714285, "f1-score": 0.39857761286332716, "support": 57.0}}