{"noneconomic__age": {"precision": 0.9545454545454546, "recall": 0.84, "f1-score": 0.8936170212765957, "support": 25.0}, "noneconomic__crime": {"precision": 0.6666666666666666, "recall": 0.6666666666666666, "f1-score": 0.6666666666666666, "support": 3.0}, "noneconomic__ethnicity": {"precision": 1.0, "recall": 1.0, "f1-score": 1.0, "support": 4.0}, "noneconomic__family": {"precision": 1.0, "recall": 1.0, "f1-score": 1.0, "support": 12.0}, "noneconomic__gender_sexuality": {"precision": 1.0, "recall": 1.0, "f1-score": 1.0, "support": 6.0}, "noneconomic__health": {"precision": 0.6666666666666666, "recall": 0.6666666666666666, "f1-score": 0.6666666666666666, "support": 3.0}, "noneconomic__nationality": {"precision": 1.0, "recall": 0.9166666666666666, "f1-score": 0.9565217391304348, "support": 12.0}, "noneconomic__place_location": {"precision": 1.0, "recall": 0.6666666666666666, "f1-score": 0.8, "support": 3.0}, "noneconomic__religion": {"precision": 1.0, "recall": 0.8, "f1-score": 0.8888888888888888, "support": 5.0}, "noneconomic__shared_values_mentalities": {"precision": 0.6666666666666666, "recall": 0.7142857142857143, "f1-score": 0.6896551724137931, "support": 14.0}, "micro avg": {"precision": 0.9024390243902439, "recall": 0.8505747126436781, "f1-score": 0.8757396449704142, "support": 87.0}, "macro avg": {"precision": 0.8954545454545453, "recall": 0.827095238095238, "f1-score": 0.8562016155043046, "support": 87.0}, "weighted avg": {"precision": 0.9103099965168929, "recall": 0.8505747126436781, "f1-score": 0.8772218765484787, "support": 87.0}, "samples avg": {"precision": 0.5714285714285714, "recall": 0.5561224489795918, "f1-score": 0.5578231292517006, "support": 87.0}}