{"economic__education_level": {"precision": 1.0, "recall": 0.3333333333333333, "f1-score": 0.5, "support": 3.0}, "economic__employment_status": {"precision": 0.7142857142857143, "recall": 0.5, "f1-score": 0.5882352941176471, "support": 10.0}, "economic__income_wealth_economic_status": {"precision": 1.0, "recall": 0.6, "f1-score": 0.75, "support": 5.0}, "economic__occupation_profession": {"precision": 1.0, "recall": 0.5263157894736842, "f1-score": 0.6896551724137931, "support": 19.0}, "micro avg": {"precision": 0.9047619047619048, "recall": 0.5135135135135135, "f1-score": 0.6551724137931034, "support": 37.0}, "macro avg": {"precision": 0.9285714285714286, "recall": 0.4899122807017543, "f1-score": 0.6319726166328601, "support": 37.0}, "weighted avg": {"precision": 0.9227799227799227, "recall": 0.5135135135135135, "f1-score": 0.6550216545145552, "support": 37.0}, "samples avg": {"precision": 0.22077922077922077, "recall": 0.23376623376623376, "f1-score": 0.2251082251082251, "support": 37.0}}