{"economic": {"precision": 0.7631578947368421, "recall": 0.9354838709677419, "f1-score": 0.8405797101449275, "support": 31.0}, "noneconomic": {"precision": 0.9264705882352942, "recall": 0.9130434782608695, "f1-score": 0.9197080291970803, "support": 69.0}, "micro avg": {"precision": 0.8679245283018868, "recall": 0.92, "f1-score": 0.8932038834951457, "support": 100.0}, "macro avg": {"precision": 0.8448142414860682, "recall": 0.9242636746143057, "f1-score": 0.8801438696710039, "support": 100.0}, "weighted avg": {"precision": 0.875843653250774, "recall": 0.92, "f1-score": 0.895178250290913, "support": 100.0}, "samples avg": {"precision": 0.8865979381443299, "recall": 0.9020618556701031, "f1-score": 0.8831615120274913, "support": 100.0}}