{"economic__class_membership": {"precision": 0.0, "recall": 0.0, "f1-score": 0.0, "support": 0.0}, "economic__ecology_of_group": {"precision": 0.6666666666666666, "recall": 0.6666666666666666, "f1-score": 0.6666666666666666, "support": 3.0}, "economic__education_level": {"precision": 1.0, "recall": 0.8333333333333334, "f1-score": 0.9090909090909091, "support": 6.0}, "economic__employment_status": {"precision": 0.6666666666666666, "recall": 1.0, "f1-score": 0.8, "support": 4.0}, "economic__income_wealth_economic_status": {"precision": 0.6666666666666666, "recall": 0.5714285714285714, "f1-score": 0.6153846153846154, "support": 7.0}, "economic__occupation_profession": {"precision": 0.8181818181818182, "recall": 0.5625, "f1-score": 0.6666666666666666, "support": 16.0}, "micro avg": {"precision": 0.7741935483870968, "recall": 0.6666666666666666, "f1-score": 0.7164179104477612, "support": 36.0}, "macro avg": {"precision": 0.6363636363636364, "recall": 0.6056547619047619, "f1-score": 0.6096348096348096, "support": 36.0}, "weighted avg": {"precision": 0.7895622895622895, "recall": 0.6666666666666666, "f1-score": 0.7119140119140118, "support": 36.0}, "samples avg": {"precision": 0.25, "recall": 0.26875, "f1-score": 0.25416666666666665, "support": 36.0}}