{"noneconomic__age": {"precision": 1.0, "recall": 0.3333333333333333, "f1-score": 0.5, "support": 6.0}, "noneconomic__crime": {"precision": 0.6666666666666666, "recall": 0.4, "f1-score": 0.5, "support": 5.0}, "noneconomic__ethnicity": {"precision": 0.0, "recall": 0.0, "f1-score": 0.0, "support": 0.0}, "noneconomic__family": {"precision": 0.9090909090909091, "recall": 0.9090909090909091, "f1-score": 0.9090909090909091, "support": 11.0}, "noneconomic__gender_sexuality": {"precision": 1.0, "recall": 0.8571428571428571, "f1-score": 0.9230769230769231, "support": 7.0}, "noneconomic__health": {"precision": 1.0, "recall": 1.0, "f1-score": 1.0, "support": 4.0}, "noneconomic__nationality": {"precision": 0.6923076923076923, "recall": 0.9, "f1-score": 0.782608695652174, "support": 10.0}, "noneconomic__place_location": {"precision": 0.3333333333333333, "recall": 0.16666666666666666, "f1-score": 0.2222222222222222, "support": 6.0}, "noneconomic__religion": {"precision": 0.0, "recall": 0.0, "f1-score": 0.0, "support": 0.0}, "noneconomic__shared_values_mentalities": {"precision": 0.8888888888888888, "recall": 0.6956521739130435, "f1-score": 0.7804878048780488, "support": 23.0}, "micro avg": {"precision": 0.8064516129032258, "recall": 0.6944444444444444, "f1-score": 0.746268656716418, "support": 72.0}, "macro avg": {"precision": 0.6490287490287491, "recall": 0.526188594014681, "f1-score": 0.5617486554920277, "support": 72.0}, "weighted avg": {"precision": 0.8291785375118708, "recall": 0.6944444444444444, "f1-score": 0.7371135869942869, "support": 72.0}, "samples avg": {"precision": 0.5170454545454546, "recall": 0.5284090909090909, "f1-score": 0.5151515151515151, "support": 72.0}}