{"noneconomic__age": {"precision": 0.75, "recall": 0.5, "f1-score": 0.6, "support": 6.0}, "noneconomic__crime": {"precision": 1.0, "recall": 1.0, "f1-score": 1.0, "support": 5.0}, "noneconomic__ethnicity": {"precision": 0.0, "recall": 0.0, "f1-score": 0.0, "support": 0.0}, "noneconomic__family": {"precision": 0.8333333333333334, "recall": 0.9090909090909091, "f1-score": 0.8695652173913043, "support": 11.0}, "noneconomic__gender_sexuality": {"precision": 0.8571428571428571, "recall": 0.8571428571428571, "f1-score": 0.8571428571428571, "support": 7.0}, "noneconomic__health": {"precision": 0.6666666666666666, "recall": 1.0, "f1-score": 0.8, "support": 4.0}, "noneconomic__nationality": {"precision": 0.6428571428571429, "recall": 0.9, "f1-score": 0.75, "support": 10.0}, "noneconomic__place_location": {"precision": 1.0, "recall": 0.5, "f1-score": 0.6666666666666666, "support": 6.0}, "noneconomic__religion": {"precision": 0.0, "recall": 0.0, "f1-score": 0.0, "support": 0.0}, "noneconomic__shared_values_mentalities": {"precision": 1.0, "recall": 0.4782608695652174, "f1-score": 0.6470588235294118, "support": 23.0}, "micro avg": {"precision": 0.796875, "recall": 0.7083333333333334, "f1-score": 0.75, "support": 72.0}, "macro avg": {"precision": 0.675, "recall": 0.6144494635798984, "f1-score": 0.619043356473024, "support": 72.0}, "weighted avg": {"precision": 0.8716931216931216, "recall": 0.7083333333333334, "f1-score": 0.7464940323955669, "support": 72.0}, "samples avg": {"precision": 0.5397727272727273, "recall": 0.5397727272727273, "f1-score": 0.5340909090909091, "support": 72.0}}