{"economic__education_level": {"precision": 1.0, "recall": 0.5, "f1-score": 0.6666666666666666, "support": 4.0}, "economic__employment_status": {"precision": 0.5, "recall": 1.0, "f1-score": 0.6666666666666666, "support": 2.0}, "economic__income_wealth_economic_status": {"precision": 1.0, "recall": 0.5, "f1-score": 0.6666666666666666, "support": 8.0}, "economic__occupation_profession": {"precision": 1.0, "recall": 0.5, "f1-score": 0.6666666666666666, "support": 24.0}, "micro avg": {"precision": 0.9090909090909091, "recall": 0.5263157894736842, "f1-score": 0.6666666666666666, "support": 38.0}, "macro avg": {"precision": 0.875, "recall": 0.625, "f1-score": 0.6666666666666666, "support": 38.0}, "weighted avg": {"precision": 0.9736842105263158, "recall": 0.5263157894736842, "f1-score": 0.6666666666666666, "support": 38.0}, "samples avg": {"precision": 0.17567567567567569, "recall": 0.17567567567567569, "f1-score": 0.17417417417417416, "support": 38.0}}