{"economic": {"precision": 0.7878787878787878, "recall": 0.8387096774193549, "f1-score": 0.8125, "support": 31.0}, "noneconomic": {"precision": 0.9206349206349206, "recall": 0.8405797101449275, "f1-score": 0.8787878787878788, "support": 69.0}, "micro avg": {"precision": 0.875, "recall": 0.84, "f1-score": 0.8571428571428571, "support": 100.0}, "macro avg": {"precision": 0.8542568542568543, "recall": 0.8396446937821411, "f1-score": 0.8456439393939394, "support": 100.0}, "weighted avg": {"precision": 0.8794805194805194, "recall": 0.84, "f1-score": 0.8582386363636363, "support": 100.0}, "samples avg": {"precision": 0.865979381443299, "recall": 0.8298969072164949, "f1-score": 0.8419243986254294, "support": 100.0}}