{"economic": {"precision": 0.7619047619047619, "recall": 0.8888888888888888, "f1-score": 0.8205128205128205, "support": 36.0}, "noneconomic": {"precision": 0.75, "recall": 0.6666666666666666, "f1-score": 0.7058823529411765, "support": 45.0}, "micro avg": {"precision": 0.7560975609756098, "recall": 0.7654320987654321, "f1-score": 0.7607361963190185, "support": 81.0}, "macro avg": {"precision": 0.7559523809523809, "recall": 0.7777777777777777, "f1-score": 0.7631975867269984, "support": 81.0}, "weighted avg": {"precision": 0.7552910052910053, "recall": 0.7654320987654321, "f1-score": 0.7568292274174626, "support": 81.0}, "samples avg": {"precision": 0.7597402597402597, "recall": 0.7337662337662337, "f1-score": 0.7359307359307359, "support": 81.0}}