{"economic": {"precision": 0.7241379310344828, "recall": 0.6774193548387096, "f1-score": 0.7, "support": 31.0}, "noneconomic": {"precision": 0.8674698795180723, "recall": 0.935064935064935, "f1-score": 0.9, "support": 77.0}, "micro avg": {"precision": 0.8303571428571429, "recall": 0.8611111111111112, "f1-score": 0.8454545454545455, "support": 108.0}, "macro avg": {"precision": 0.7958039052762775, "recall": 0.8062421449518223, "f1-score": 0.8, "support": 108.0}, "weighted avg": {"precision": 0.8263283017125976, "recall": 0.8611111111111112, "f1-score": 0.8425925925925926, "support": 108.0}, "samples avg": {"precision": 0.8073394495412844, "recall": 0.8211009174311926, "f1-score": 0.8073394495412844, "support": 108.0}}