{"economic": {"precision": 0.8235294117647058, "recall": 0.9655172413793104, "f1-score": 0.8888888888888888, "support": 29.0}, "noneconomic": {"precision": 0.8421052631578947, "recall": 0.9846153846153847, "f1-score": 0.9078014184397163, "support": 65.0}, "micro avg": {"precision": 0.8363636363636363, "recall": 0.9787234042553191, "f1-score": 0.9019607843137255, "support": 94.0}, "macro avg": {"precision": 0.8328173374613003, "recall": 0.9750663129973476, "f1-score": 0.8983451536643026, "support": 94.0}, "weighted avg": {"precision": 0.8363744153876557, "recall": 0.9787234042553191, "f1-score": 0.9019667018761631, "support": 94.0}, "samples avg": {"precision": 0.8571428571428571, "recall": 0.9132653061224489, "f1-score": 0.8741496598639454, "support": 94.0}}