{"economic__education_level": {"precision": 0.75, "recall": 0.75, "f1-score": 0.75, "support": 4.0}, "economic__employment_status": {"precision": 0.4, "recall": 1.0, "f1-score": 0.5714285714285714, "support": 2.0}, "economic__income_wealth_economic_status": {"precision": 0.45454545454545453, "recall": 0.7142857142857143, "f1-score": 0.5555555555555556, "support": 7.0}, "economic__occupation_profession": {"precision": 0.9444444444444444, "recall": 0.7391304347826086, "f1-score": 0.8292682926829268, "support": 23.0}, "micro avg": {"precision": 0.7105263157894737, "recall": 0.75, "f1-score": 0.7297297297297297, "support": 36.0}, "macro avg": {"precision": 0.6372474747474748, "recall": 0.8008540372670807, "f1-score": 0.6765631049167634, "support": 36.0}, "weighted avg": {"precision": 0.7973344556677889, "recall": 0.75, "f1-score": 0.7529143545403707, "support": 36.0}, "samples avg": {"precision": 0.26063829787234044, "recall": 0.2765957446808511, "f1-score": 0.26595744680851063, "support": 36.0}}