{"economic__class_membership": {"precision": 1.0, "recall": 0.75, "f1-score": 0.8571428571428571, "support": 4.0}, "economic__ecology_of_group": {"precision": 0.5, "recall": 1.0, "f1-score": 0.6666666666666666, "support": 1.0}, "economic__education_level": {"precision": 0.6, "recall": 0.75, "f1-score": 0.6666666666666666, "support": 4.0}, "economic__employment_status": {"precision": 0.7, "recall": 0.7777777777777778, "f1-score": 0.7368421052631579, "support": 9.0}, "economic__income_wealth_economic_status": {"precision": 1.0, "recall": 0.5714285714285714, "f1-score": 0.7272727272727273, "support": 7.0}, "economic__occupation_profession": {"precision": 0.6666666666666666, "recall": 0.5, "f1-score": 0.5714285714285714, "support": 8.0}, "micro avg": {"precision": 0.7333333333333333, "recall": 0.6666666666666666, "f1-score": 0.6984126984126984, "support": 33.0}, "macro avg": {"precision": 0.7444444444444445, "recall": 0.7248677248677248, "f1-score": 0.7043365990734411, "support": 33.0}, "weighted avg": {"precision": 0.7737373737373737, "recall": 0.6666666666666666, "f1-score": 0.698661253685177, "support": 33.0}, "samples avg": {"precision": 0.21428571428571427, "recall": 0.1989795918367347, "f1-score": 0.20408163265306123, "support": 33.0}}