{"economic": {"precision": 0.9142857142857143, "recall": 0.9411764705882353, "f1-score": 0.927536231884058, "support": 34.0}, "noneconomic": {"precision": 0.9375, "recall": 0.9, "f1-score": 0.9183673469387755, "support": 50.0}, "micro avg": {"precision": 0.927710843373494, "recall": 0.9166666666666666, "f1-score": 0.9221556886227545, "support": 84.0}, "macro avg": {"precision": 0.9258928571428571, "recall": 0.9205882352941177, "f1-score": 0.9229517894114168, "support": 84.0}, "weighted avg": {"precision": 0.9281037414965987, "recall": 0.9166666666666666, "f1-score": 0.9220785622737708, "support": 84.0}, "samples avg": {"precision": 0.8588235294117647, "recall": 0.8647058823529412, "f1-score": 0.8588235294117649, "support": 84.0}}