{"economic": {"precision": 0.88, "recall": 0.7586206896551724, "f1-score": 0.8148148148148148, "support": 29.0}, "noneconomic": {"precision": 0.9393939393939394, "recall": 0.9393939393939394, "f1-score": 0.9393939393939394, "support": 66.0}, "micro avg": {"precision": 0.9230769230769231, "recall": 0.8842105263157894, "f1-score": 0.9032258064516129, "support": 95.0}, "macro avg": {"precision": 0.9096969696969697, "recall": 0.8490073145245559, "f1-score": 0.8771043771043772, "support": 95.0}, "weighted avg": {"precision": 0.9212631578947368, "recall": 0.8842105263157894, "f1-score": 0.901364522417154, "support": 95.0}, "samples avg": {"precision": 0.8693181818181818, "recall": 0.8465909090909091, "f1-score": 0.8522727272727273, "support": 95.0}}