{"noneconomic__age": {"precision": 0.875, "recall": 1.0, "f1-score": 0.9333333333333333, "support": 14.0}, "noneconomic__crime": {"precision": 0.7142857142857143, "recall": 0.8333333333333334, "f1-score": 0.7692307692307693, "support": 6.0}, "noneconomic__ethnicity": {"precision": 0.8333333333333334, "recall": 1.0, "f1-score": 0.9090909090909091, "support": 5.0}, "noneconomic__family": {"precision": 0.8333333333333334, "recall": 0.8333333333333334, "f1-score": 0.8333333333333334, "support": 6.0}, "noneconomic__gender_sexuality": {"precision": 0.9523809523809523, "recall": 1.0, "f1-score": 0.975609756097561, "support": 20.0}, "noneconomic__health": {"precision": 1.0, "recall": 1.0, "f1-score": 1.0, "support": 2.0}, "noneconomic__nationality": {"precision": 1.0, "recall": 0.6666666666666666, "f1-score": 0.8, "support": 15.0}, "noneconomic__place_location": {"precision": 1.0, "recall": 0.5, "f1-score": 0.6666666666666666, "support": 4.0}, "noneconomic__religion": {"precision": 1.0, "recall": 1.0, "f1-score": 1.0, "support": 4.0}, "noneconomic__shared_values_mentalities": {"precision": 0.7857142857142857, "recall": 0.7333333333333333, "f1-score": 0.7586206896551724, "support": 15.0}, "micro avg": {"precision": 0.8863636363636364, "recall": 0.8571428571428571, "f1-score": 0.8715083798882681, "support": 91.0}, "macro avg": {"precision": 0.899404761904762, "recall": 0.8566666666666667, "f1-score": 0.8645885457407745, "support": 91.0}, "weighted avg": {"precision": 0.8959968602825745, "recall": 0.8571428571428571, "f1-score": 0.8657766808895748, "support": 91.0}, "samples avg": {"precision": 0.6314984709480124, "recall": 0.6238532110091743, "f1-score": 0.6201834862385324, "support": 91.0}}