{"noneconomic__age": {"precision": 1.0, "recall": 1.0, "f1-score": 1.0, "support": 5.0}, "noneconomic__crime": {"precision": 0.3333333333333333, "recall": 1.0, "f1-score": 0.5, "support": 1.0}, "noneconomic__ethnicity": {"precision": 0.6666666666666666, "recall": 1.0, "f1-score": 0.8, "support": 2.0}, "noneconomic__family": {"precision": 0.5, "recall": 1.0, "f1-score": 0.6666666666666666, "support": 1.0}, "noneconomic__gender_sexuality": {"precision": 1.0, "recall": 0.6666666666666666, "f1-score": 0.8, "support": 3.0}, "noneconomic__health": {"precision": 0.5, "recall": 0.25, "f1-score": 0.3333333333333333, "support": 4.0}, "noneconomic__nationality": {"precision": 0.9166666666666666, "recall": 0.7333333333333333, "f1-score": 0.8148148148148148, "support": 15.0}, "noneconomic__place_location": {"precision": 1.0, "recall": 0.3333333333333333, "f1-score": 0.5, "support": 6.0}, "noneconomic__religion": {"precision": 1.0, "recall": 1.0, "f1-score": 1.0, "support": 3.0}, "noneconomic__shared_values_mentalities": {"precision": 1.0, "recall": 0.35294117647058826, "f1-score": 0.5217391304347826, "support": 17.0}, "micro avg": {"precision": 0.85, "recall": 0.5964912280701754, "f1-score": 0.7010309278350515, "support": 57.0}, "macro avg": {"precision": 0.7916666666666666, "recall": 0.7336274509803922, "f1-score": 0.6936553945249597, "support": 57.0}, "weighted avg": {"precision": 0.9108187134502923, "recall": 0.5964912280701754, "f1-score": 0.6770489024493601, "support": 57.0}, "samples avg": {"precision": 0.3658008658008658, "recall": 0.3409090909090909, "f1-score": 0.34662956091527525, "support": 57.0}}