{"noneconomic__age": {"precision": 0.5, "recall": 0.16666666666666666, "f1-score": 0.25, "support": 6.0}, "noneconomic__crime": {"precision": 0.8333333333333334, "recall": 1.0, "f1-score": 0.9090909090909091, "support": 5.0}, "noneconomic__ethnicity": {"precision": 0.0, "recall": 0.0, "f1-score": 0.0, "support": 0.0}, "noneconomic__family": {"precision": 0.9090909090909091, "recall": 0.9090909090909091, "f1-score": 0.9090909090909091, "support": 11.0}, "noneconomic__gender_sexuality": {"precision": 1.0, "recall": 0.7142857142857143, "f1-score": 0.8333333333333334, "support": 7.0}, "noneconomic__health": {"precision": 1.0, "recall": 0.75, "f1-score": 0.8571428571428571, "support": 4.0}, "noneconomic__nationality": {"precision": 0.75, "recall": 0.9, "f1-score": 0.8181818181818182, "support": 10.0}, "noneconomic__place_location": {"precision": 1.0, "recall": 0.16666666666666666, "f1-score": 0.2857142857142857, "support": 6.0}, "noneconomic__religion": {"precision": 0.0, "recall": 0.0, "f1-score": 0.0, "support": 0.0}, "noneconomic__shared_values_mentalities": {"precision": 0.8666666666666667, "recall": 0.5652173913043478, "f1-score": 0.6842105263157895, "support": 23.0}, "micro avg": {"precision": 0.8245614035087719, "recall": 0.6527777777777778, "f1-score": 0.7286821705426356, "support": 72.0}, "macro avg": {"precision": 0.6859090909090909, "recall": 0.5171927348014304, "f1-score": 0.5546764638869902, "support": 72.0}, "weighted avg": {"precision": 0.8555555555555556, "recall": 0.6527777777777778, "f1-score": 0.7075042403989772, "support": 72.0}, "samples avg": {"precision": 0.5113636363636364, "recall": 0.5113636363636364, "f1-score": 0.5056818181818182, "support": 72.0}}