{"noneconomic__age": {"precision": 0.8333333333333334, "recall": 1.0, "f1-score": 0.9090909090909091, "support": 5.0}, "noneconomic__crime": {"precision": 1.0, "recall": 1.0, "f1-score": 1.0, "support": 1.0}, "noneconomic__ethnicity": {"precision": 1.0, "recall": 1.0, "f1-score": 1.0, "support": 2.0}, "noneconomic__family": {"precision": 0.5, "recall": 1.0, "f1-score": 0.6666666666666666, "support": 1.0}, "noneconomic__gender_sexuality": {"precision": 1.0, "recall": 0.6666666666666666, "f1-score": 0.8, "support": 3.0}, "noneconomic__health": {"precision": 1.0, "recall": 0.75, "f1-score": 0.8571428571428571, "support": 4.0}, "noneconomic__nationality": {"precision": 0.8571428571428571, "recall": 0.8, "f1-score": 0.8275862068965517, "support": 15.0}, "noneconomic__place_location": {"precision": 1.0, "recall": 0.3333333333333333, "f1-score": 0.5, "support": 6.0}, "noneconomic__religion": {"precision": 1.0, "recall": 1.0, "f1-score": 1.0, "support": 3.0}, "noneconomic__shared_values_mentalities": {"precision": 0.8571428571428571, "recall": 0.7058823529411765, "f1-score": 0.7741935483870968, "support": 17.0}, "micro avg": {"precision": 0.8775510204081632, "recall": 0.7543859649122807, "f1-score": 0.8113207547169812, "support": 57.0}, "macro avg": {"precision": 0.9047619047619048, "recall": 0.8255882352941176, "f1-score": 0.833468018818408, "support": 57.0}, "weighted avg": {"precision": 0.89640768588137, "recall": 0.7543859649122807, "f1-score": 0.8002767731003784, "support": 57.0}, "samples avg": {"precision": 0.474025974025974, "recall": 0.4577922077922078, "f1-score": 0.4596165739022881, "support": 57.0}}