{"economic__education_level": {"precision": 1.0, "recall": 0.3333333333333333, "f1-score": 0.5, "support": 3.0}, "economic__employment_status": {"precision": 0.625, "recall": 0.5, "f1-score": 0.5555555555555556, "support": 10.0}, "economic__income_wealth_economic_status": {"precision": 0.5, "recall": 0.8, "f1-score": 0.6153846153846154, "support": 5.0}, "economic__occupation_profession": {"precision": 0.6818181818181818, "recall": 0.7894736842105263, "f1-score": 0.7317073170731707, "support": 19.0}, "micro avg": {"precision": 0.6410256410256411, "recall": 0.6756756756756757, "f1-score": 0.6578947368421053, "support": 37.0}, "macro avg": {"precision": 0.7017045454545454, "recall": 0.6057017543859649, "f1-score": 0.6006618720033354, "support": 37.0}, "weighted avg": {"precision": 0.6676904176904177, "recall": 0.6756756756756757, "f1-score": 0.6495923691045643, "support": 37.0}, "samples avg": {"precision": 0.2727272727272727, "recall": 0.3116883116883117, "f1-score": 0.2857142857142857, "support": 37.0}}