{"noneconomic__age": {"precision": 1.0, "recall": 0.3333333333333333, "f1-score": 0.5, "support": 6.0}, "noneconomic__crime": {"precision": 0.8333333333333334, "recall": 1.0, "f1-score": 0.9090909090909091, "support": 5.0}, "noneconomic__ethnicity": {"precision": 0.0, "recall": 0.0, "f1-score": 0.0, "support": 0.0}, "noneconomic__family": {"precision": 1.0, "recall": 0.9090909090909091, "f1-score": 0.9523809523809523, "support": 11.0}, "noneconomic__gender_sexuality": {"precision": 0.6666666666666666, "recall": 0.8571428571428571, "f1-score": 0.75, "support": 7.0}, "noneconomic__health": {"precision": 1.0, "recall": 1.0, "f1-score": 1.0, "support": 4.0}, "noneconomic__nationality": {"precision": 0.7692307692307693, "recall": 1.0, "f1-score": 0.8695652173913043, "support": 10.0}, "noneconomic__place_location": {"precision": 0.5, "recall": 0.3333333333333333, "f1-score": 0.4, "support": 6.0}, "noneconomic__religion": {"precision": 0.0, "recall": 0.0, "f1-score": 0.0, "support": 0.0}, "noneconomic__shared_values_mentalities": {"precision": 0.9, "recall": 0.782608695652174, "f1-score": 0.8372093023255814, "support": 23.0}, "micro avg": {"precision": 0.8142857142857143, "recall": 0.7916666666666666, "f1-score": 0.8028169014084507, "support": 72.0}, "macro avg": {"precision": 0.666923076923077, "recall": 0.6215509128552607, "f1-score": 0.6218246381188747, "support": 72.0}, "weighted avg": {"precision": 0.8503561253561254, "recall": 0.7916666666666666, "f1-score": 0.8003209881812006, "support": 72.0}, "samples avg": {"precision": 0.5852272727272727, "recall": 0.6022727272727273, "f1-score": 0.5833333333333333, "support": 72.0}}