{"economic__class_membership": {"precision": 0.0, "recall": 0.0, "f1-score": 0.0, "support": 5.0}, "economic__ecology_of_group": {"precision": 1.0, "recall": 0.6666666666666666, "f1-score": 0.8, "support": 3.0}, "economic__education_level": {"precision": 1.0, "recall": 1.0, "f1-score": 1.0, "support": 3.0}, "economic__employment_status": {"precision": 0.5, "recall": 0.4, "f1-score": 0.4444444444444444, "support": 5.0}, "economic__income_wealth_economic_status": {"precision": 1.0, "recall": 0.5, "f1-score": 0.6666666666666666, "support": 10.0}, "economic__occupation_profession": {"precision": 1.0, "recall": 0.75, "f1-score": 0.8571428571428571, "support": 12.0}, "micro avg": {"precision": 0.9130434782608695, "recall": 0.5526315789473685, "f1-score": 0.6885245901639344, "support": 38.0}, "macro avg": {"precision": 0.75, "recall": 0.5527777777777777, "f1-score": 0.6280423280423281, "support": 38.0}, "weighted avg": {"precision": 0.8026315789473685, "recall": 0.5526315789473685, "f1-score": 0.6467000835421888, "support": 38.0}, "samples avg": {"precision": 0.2345679012345679, "recall": 0.2222222222222222, "f1-score": 0.22633744855967078, "support": 38.0}}