{"economic": {"precision": 0.696969696969697, "recall": 0.6764705882352942, "f1-score": 0.6865671641791045, "support": 34.0}, "noneconomic": {"precision": 0.6911764705882353, "recall": 0.94, "f1-score": 0.7966101694915254, "support": 50.0}, "micro avg": {"precision": 0.693069306930693, "recall": 0.8333333333333334, "f1-score": 0.7567567567567568, "support": 84.0}, "macro avg": {"precision": 0.6940730837789661, "recall": 0.808235294117647, "f1-score": 0.7415886668353149, "support": 84.0}, "weighted avg": {"precision": 0.6935213479331126, "recall": 0.8333333333333334, "f1-score": 0.7520689530555454, "support": 84.0}, "samples avg": {"precision": 0.7352941176470589, "recall": 0.7941176470588235, "f1-score": 0.7490196078431373, "support": 84.0}}