{"economic": {"precision": 0.75, "recall": 0.7241379310344828, "f1-score": 0.7368421052631579, "support": 29.0}, "noneconomic": {"precision": 0.8695652173913043, "recall": 0.9090909090909091, "f1-score": 0.8888888888888888, "support": 66.0}, "micro avg": {"precision": 0.8350515463917526, "recall": 0.8526315789473684, "f1-score": 0.84375, "support": 95.0}, "macro avg": {"precision": 0.8097826086956521, "recall": 0.8166144200626959, "f1-score": 0.8128654970760234, "support": 95.0}, "weighted avg": {"precision": 0.8330663615560642, "recall": 0.8526315789473684, "f1-score": 0.8424746075715605, "support": 95.0}, "samples avg": {"precision": 0.7840909090909091, "recall": 0.8125, "f1-score": 0.7840909090909091, "support": 95.0}}