{"noneconomic__age": {"precision": 0.6666666666666666, "recall": 0.5, "f1-score": 0.5714285714285714, "support": 4.0}, "noneconomic__crime": {"precision": 1.0, "recall": 0.6363636363636364, "f1-score": 0.7777777777777778, "support": 11.0}, "noneconomic__ethnicity": {"precision": 0.6, "recall": 0.75, "f1-score": 0.6666666666666666, "support": 4.0}, "noneconomic__family": {"precision": 0.75, "recall": 0.75, "f1-score": 0.75, "support": 4.0}, "noneconomic__gender_sexuality": {"precision": 1.0, "recall": 0.8636363636363636, "f1-score": 0.926829268292683, "support": 22.0}, "noneconomic__health": {"precision": 1.0, "recall": 0.8, "f1-score": 0.8888888888888888, "support": 5.0}, "noneconomic__nationality": {"precision": 1.0, "recall": 0.8888888888888888, "f1-score": 0.9411764705882353, "support": 9.0}, "noneconomic__place_location": {"precision": 1.0, "recall": 0.5, "f1-score": 0.6666666666666666, "support": 6.0}, "noneconomic__religion": {"precision": 1.0, "recall": 0.8, "f1-score": 0.8888888888888888, "support": 5.0}, "noneconomic__shared_values_mentalities": {"precision": 0.7777777777777778, "recall": 0.7, "f1-score": 0.7368421052631579, "support": 10.0}, "micro avg": {"precision": 0.9090909090909091, "recall": 0.75, "f1-score": 0.821917808219178, "support": 80.0}, "macro avg": {"precision": 0.8794444444444445, "recall": 0.7188888888888888, "f1-score": 0.7815165304461535, "support": 80.0}, "weighted avg": {"precision": 0.9230555555555554, "recall": 0.75, "f1-score": 0.8203259823398763, "support": 80.0}, "samples avg": {"precision": 0.5446735395189003, "recall": 0.5378006872852233, "f1-score": 0.5374570446735395, "support": 80.0}}