{"economic__class_membership": {"precision": 1.0, "recall": 0.25, "f1-score": 0.4, "support": 4.0}, "economic__ecology_of_group": {"precision": 0.0, "recall": 0.0, "f1-score": 0.0, "support": 1.0}, "economic__education_level": {"precision": 0.3333333333333333, "recall": 0.25, "f1-score": 0.2857142857142857, "support": 4.0}, "economic__employment_status": {"precision": 1.0, "recall": 0.3333333333333333, "f1-score": 0.5, "support": 9.0}, "economic__income_wealth_economic_status": {"precision": 0.5, "recall": 0.5714285714285714, "f1-score": 0.5333333333333333, "support": 7.0}, "economic__occupation_profession": {"precision": 0.4444444444444444, "recall": 0.5, "f1-score": 0.47058823529411764, "support": 8.0}, "micro avg": {"precision": 0.5416666666666666, "recall": 0.3939393939393939, "f1-score": 0.45614035087719296, "support": 33.0}, "macro avg": {"precision": 0.5462962962962963, "recall": 0.31746031746031744, "f1-score": 0.36493930905695615, "support": 33.0}, "weighted avg": {"precision": 0.648148148148148, "recall": 0.3939393939393939, "f1-score": 0.4466938290467702, "support": 33.0}, "samples avg": {"precision": 0.11734693877551021, "recall": 0.1326530612244898, "f1-score": 0.12244897959183673, "support": 33.0}}