{"economic": {"precision": 0.8148148148148148, "recall": 0.6470588235294118, "f1-score": 0.7213114754098361, "support": 34.0}, "noneconomic": {"precision": 0.703125, "recall": 0.9, "f1-score": 0.7894736842105263, "support": 50.0}, "micro avg": {"precision": 0.7362637362637363, "recall": 0.7976190476190477, "f1-score": 0.7657142857142857, "support": 84.0}, "macro avg": {"precision": 0.7589699074074074, "recall": 0.7735294117647059, "f1-score": 0.7553925798101813, "support": 84.0}, "weighted avg": {"precision": 0.7483327821869489, "recall": 0.7976190476190477, "f1-score": 0.7618842187435803, "support": 84.0}, "samples avg": {"precision": 0.7058823529411765, "recall": 0.7529411764705882, "f1-score": 0.7176470588235293, "support": 84.0}}