{"noneconomic__age": {"precision": 0.5, "recall": 0.75, "f1-score": 0.6, "support": 4.0}, "noneconomic__crime": {"precision": 1.0, "recall": 0.7777777777777778, "f1-score": 0.875, "support": 9.0}, "noneconomic__ethnicity": {"precision": 1.0, "recall": 1.0, "f1-score": 1.0, "support": 1.0}, "noneconomic__family": {"precision": 0.6666666666666666, "recall": 1.0, "f1-score": 0.8, "support": 4.0}, "noneconomic__gender_sexuality": {"precision": 1.0, "recall": 0.6666666666666666, "f1-score": 0.8, "support": 6.0}, "noneconomic__health": {"precision": 1.0, "recall": 0.3333333333333333, "f1-score": 0.5, "support": 3.0}, "noneconomic__nationality": {"precision": 0.8, "recall": 0.8888888888888888, "f1-score": 0.8421052631578947, "support": 9.0}, "noneconomic__place_location": {"precision": 1.0, "recall": 0.75, "f1-score": 0.8571428571428571, "support": 4.0}, "noneconomic__religion": {"precision": 1.0, "recall": 1.0, "f1-score": 1.0, "support": 1.0}, "noneconomic__shared_values_mentalities": {"precision": 0.7058823529411765, "recall": 0.9230769230769231, "f1-score": 0.8, "support": 13.0}, "micro avg": {"precision": 0.7857142857142857, "recall": 0.8148148148148148, "f1-score": 0.8, "support": 54.0}, "macro avg": {"precision": 0.8672549019607843, "recall": 0.808974358974359, "f1-score": 0.8074248120300753, "support": 54.0}, "weighted avg": {"precision": 0.8341321713870734, "recall": 0.8148148148148148, "f1-score": 0.7996762740183793, "support": 54.0}, "samples avg": {"precision": 0.48125, "recall": 0.4958333333333333, "f1-score": 0.48083333333333333, "support": 54.0}}