{"noneconomic__age": {"precision": 0.9166666666666666, "recall": 0.9166666666666666, "f1-score": 0.9166666666666666, "support": 12.0}, "noneconomic__crime": {"precision": 1.0, "recall": 1.0, "f1-score": 1.0, "support": 3.0}, "noneconomic__ethnicity": {"precision": 1.0, "recall": 1.0, "f1-score": 1.0, "support": 1.0}, "noneconomic__family": {"precision": 1.0, "recall": 0.8, "f1-score": 0.8888888888888888, "support": 5.0}, "noneconomic__gender_sexuality": {"precision": 1.0, "recall": 1.0, "f1-score": 1.0, "support": 2.0}, "noneconomic__health": {"precision": 0.0, "recall": 0.0, "f1-score": 0.0, "support": 1.0}, "noneconomic__nationality": {"precision": 1.0, "recall": 0.7647058823529411, "f1-score": 0.8666666666666667, "support": 17.0}, "noneconomic__place_location": {"precision": 1.0, "recall": 1.0, "f1-score": 1.0, "support": 2.0}, "noneconomic__religion": {"precision": 0.0, "recall": 0.0, "f1-score": 0.0, "support": 0.0}, "noneconomic__shared_values_mentalities": {"precision": 0.875, "recall": 0.6666666666666666, "f1-score": 0.7567567567567568, "support": 21.0}, "micro avg": {"precision": 0.8928571428571429, "recall": 0.78125, "f1-score": 0.8333333333333334, "support": 64.0}, "macro avg": {"precision": 0.7791666666666666, "recall": 0.7148039215686275, "f1-score": 0.742897897897898, "support": 64.0}, "weighted avg": {"precision": 0.927734375, "recall": 0.78125, "f1-score": 0.8448385885885886, "support": 64.0}, "samples avg": {"precision": 0.46985815602836883, "recall": 0.4592198581560284, "f1-score": 0.45886524822695035, "support": 64.0}}