{"economic": {"precision": 0.6666666666666666, "recall": 0.8484848484848485, "f1-score": 0.7466666666666667, "support": 33.0}, "noneconomic": {"precision": 0.7692307692307693, "recall": 0.8333333333333334, "f1-score": 0.8, "support": 48.0}, "micro avg": {"precision": 0.723404255319149, "recall": 0.8395061728395061, "f1-score": 0.7771428571428571, "support": 81.0}, "macro avg": {"precision": 0.717948717948718, "recall": 0.8409090909090909, "f1-score": 0.7733333333333334, "support": 81.0}, "weighted avg": {"precision": 0.7274453941120608, "recall": 0.8395061728395061, "f1-score": 0.7782716049382716, "support": 81.0}, "samples avg": {"precision": 0.73125, "recall": 0.7875, "f1-score": 0.7416666666666667, "support": 81.0}}