{"economic__class_membership": {"precision": 0.0, "recall": 0.0, "f1-score": 0.0, "support": 4.0}, "economic__ecology_of_group": {"precision": 0.0, "recall": 0.0, "f1-score": 0.0, "support": 1.0}, "economic__education_level": {"precision": 1.0, "recall": 0.25, "f1-score": 0.4, "support": 4.0}, "economic__employment_status": {"precision": 1.0, "recall": 0.1111111111111111, "f1-score": 0.2, "support": 9.0}, "economic__income_wealth_economic_status": {"precision": 1.0, "recall": 0.7142857142857143, "f1-score": 0.8333333333333334, "support": 7.0}, "economic__occupation_profession": {"precision": 0.4444444444444444, "recall": 0.5, "f1-score": 0.47058823529411764, "support": 8.0}, "micro avg": {"precision": 0.6875, "recall": 0.3333333333333333, "f1-score": 0.4489795918367347, "support": 33.0}, "macro avg": {"precision": 0.5740740740740741, "recall": 0.26256613756613756, "f1-score": 0.31732026143790854, "support": 33.0}, "weighted avg": {"precision": 0.7138047138047139, "recall": 0.3333333333333333, "f1-score": 0.3938799762329175, "support": 33.0}, "samples avg": {"precision": 0.10204081632653061, "recall": 0.11224489795918367, "f1-score": 0.10544217687074829, "support": 33.0}}