{"economic__education_level": {"precision": 1.0, "recall": 0.6666666666666666, "f1-score": 0.8, "support": 3.0}, "economic__employment_status": {"precision": 0.8333333333333334, "recall": 0.5, "f1-score": 0.625, "support": 10.0}, "economic__income_wealth_economic_status": {"precision": 0.75, "recall": 0.6, "f1-score": 0.6666666666666666, "support": 5.0}, "economic__occupation_profession": {"precision": 0.7777777777777778, "recall": 0.7368421052631579, "f1-score": 0.7567567567567568, "support": 19.0}, "micro avg": {"precision": 0.8, "recall": 0.6486486486486487, "f1-score": 0.7164179104477612, "support": 37.0}, "macro avg": {"precision": 0.8402777777777778, "recall": 0.6258771929824561, "f1-score": 0.712105855855856, "support": 37.0}, "weighted avg": {"precision": 0.8070570570570571, "recall": 0.6486486486486487, "f1-score": 0.7124786949111274, "support": 37.0}, "samples avg": {"precision": 0.2662337662337662, "recall": 0.2987012987012987, "f1-score": 0.27705627705627706, "support": 37.0}}