{"noneconomic__age": {"precision": 0.8461538461538461, "recall": 0.9166666666666666, "f1-score": 0.88, "support": 12.0}, "noneconomic__crime": {"precision": 1.0, "recall": 1.0, "f1-score": 1.0, "support": 3.0}, "noneconomic__ethnicity": {"precision": 1.0, "recall": 1.0, "f1-score": 1.0, "support": 1.0}, "noneconomic__family": {"precision": 0.6666666666666666, "recall": 0.8, "f1-score": 0.7272727272727273, "support": 5.0}, "noneconomic__gender_sexuality": {"precision": 0.0, "recall": 0.0, "f1-score": 0.0, "support": 2.0}, "noneconomic__health": {"precision": 0.0, "recall": 0.0, "f1-score": 0.0, "support": 1.0}, "noneconomic__nationality": {"precision": 1.0, "recall": 0.5294117647058824, "f1-score": 0.6923076923076923, "support": 17.0}, "noneconomic__place_location": {"precision": 1.0, "recall": 1.0, "f1-score": 1.0, "support": 2.0}, "noneconomic__religion": {"precision": 0.0, "recall": 0.0, "f1-score": 0.0, "support": 0.0}, "noneconomic__shared_values_mentalities": {"precision": 1.0, "recall": 0.7142857142857143, "f1-score": 0.8333333333333334, "support": 21.0}, "micro avg": {"precision": 0.8823529411764706, "recall": 0.703125, "f1-score": 0.782608695652174, "support": 64.0}, "macro avg": {"precision": 0.6512820512820513, "recall": 0.5960364145658263, "f1-score": 0.6132913752913753, "support": 64.0}, "weighted avg": {"precision": 0.8982371794871795, "recall": 0.703125, "f1-score": 0.7728999125874125, "support": 64.0}, "samples avg": {"precision": 0.4273049645390071, "recall": 0.41666666666666674, "f1-score": 0.41524822695035457, "support": 64.0}}