{"economic": {"precision": 0.8461538461538461, "recall": 0.9166666666666666, "f1-score": 0.88, "support": 36.0}, "noneconomic": {"precision": 0.875, "recall": 0.7777777777777778, "f1-score": 0.8235294117647058, "support": 45.0}, "micro avg": {"precision": 0.8607594936708861, "recall": 0.8395061728395061, "f1-score": 0.85, "support": 81.0}, "macro avg": {"precision": 0.8605769230769231, "recall": 0.8472222222222222, "f1-score": 0.851764705882353, "support": 81.0}, "weighted avg": {"precision": 0.8621794871794871, "recall": 0.8395061728395061, "f1-score": 0.8486274509803922, "support": 81.0}, "samples avg": {"precision": 0.8181818181818182, "recall": 0.8051948051948052, "f1-score": 0.8008658008658008, "support": 81.0}}