{"economic": {"precision": 0.78125, "recall": 0.7352941176470589, "f1-score": 0.7575757575757576, "support": 34.0}, "noneconomic": {"precision": 0.7446808510638298, "recall": 0.7954545454545454, "f1-score": 0.7692307692307693, "support": 44.0}, "micro avg": {"precision": 0.759493670886076, "recall": 0.7692307692307693, "f1-score": 0.7643312101910829, "support": 78.0}, "macro avg": {"precision": 0.7629654255319149, "recall": 0.7653743315508021, "f1-score": 0.7634032634032635, "support": 78.0}, "weighted avg": {"precision": 0.7606212493180577, "recall": 0.7692307692307693, "f1-score": 0.764150379534995, "support": 78.0}, "samples avg": {"precision": 0.6975308641975309, "recall": 0.6851851851851852, "f1-score": 0.6831275720164609, "support": 78.0}}