{"economic": {"precision": 0.6511627906976745, "recall": 0.9032258064516129, "f1-score": 0.7567567567567568, "support": 31.0}, "noneconomic": {"precision": 0.9102564102564102, "recall": 0.922077922077922, "f1-score": 0.9161290322580645, "support": 77.0}, "micro avg": {"precision": 0.8181818181818182, "recall": 0.9166666666666666, "f1-score": 0.8646288209606987, "support": 108.0}, "macro avg": {"precision": 0.7807096004770424, "recall": 0.9126518642647674, "f1-score": 0.8364428945074107, "support": 108.0}, "weighted avg": {"precision": 0.8358869453830694, "recall": 0.9166666666666666, "f1-score": 0.8703832865123189, "support": 108.0}, "samples avg": {"precision": 0.8348623853211009, "recall": 0.8715596330275229, "f1-score": 0.8440366972477065, "support": 108.0}}