{"economic__class_membership": {"precision": 0.0, "recall": 0.0, "f1-score": 0.0, "support": 4.0}, "economic__ecology_of_group": {"precision": 0.0, "recall": 0.0, "f1-score": 0.0, "support": 1.0}, "economic__education_level": {"precision": 0.6666666666666666, "recall": 0.5, "f1-score": 0.5714285714285714, "support": 4.0}, "economic__employment_status": {"precision": 1.0, "recall": 0.4444444444444444, "f1-score": 0.6153846153846154, "support": 9.0}, "economic__income_wealth_economic_status": {"precision": 0.75, "recall": 0.42857142857142855, "f1-score": 0.5454545454545454, "support": 7.0}, "economic__occupation_profession": {"precision": 0.0, "recall": 0.0, "f1-score": 0.0, "support": 8.0}, "micro avg": {"precision": 0.5625, "recall": 0.2727272727272727, "f1-score": 0.3673469387755102, "support": 33.0}, "macro avg": {"precision": 0.40277777777777773, "recall": 0.22883597883597884, "f1-score": 0.2887112887112887, "support": 33.0}, "weighted avg": {"precision": 0.5126262626262625, "recall": 0.2727272727272727, "f1-score": 0.35279871643508004, "support": 33.0}, "samples avg": {"precision": 0.08673469387755102, "recall": 0.08673469387755102, "f1-score": 0.08503401360544216, "support": 33.0}}