{"economic__education_level": {"precision": 0.75, "recall": 0.75, "f1-score": 0.75, "support": 4.0}, "economic__employment_status": {"precision": 1.0, "recall": 0.5, "f1-score": 0.6666666666666666, "support": 2.0}, "economic__income_wealth_economic_status": {"precision": 0.7142857142857143, "recall": 0.625, "f1-score": 0.6666666666666666, "support": 8.0}, "economic__occupation_profession": {"precision": 1.0, "recall": 0.5833333333333334, "f1-score": 0.7368421052631579, "support": 24.0}, "micro avg": {"precision": 0.8846153846153846, "recall": 0.6052631578947368, "f1-score": 0.71875, "support": 38.0}, "macro avg": {"precision": 0.8660714285714286, "recall": 0.6145833333333334, "f1-score": 0.7050438596491228, "support": 38.0}, "weighted avg": {"precision": 0.9135338345864662, "recall": 0.6052631578947368, "f1-score": 0.7197599261311172, "support": 38.0}, "samples avg": {"precision": 0.2072072072072072, "recall": 0.20270270270270271, "f1-score": 0.20420420420420418, "support": 38.0}}