{"economic__education_level": {"precision": 1.0, "recall": 0.75, "f1-score": 0.8571428571428571, "support": 4.0}, "economic__employment_status": {"precision": 0.6666666666666666, "recall": 1.0, "f1-score": 0.8, "support": 2.0}, "economic__income_wealth_economic_status": {"precision": 0.42857142857142855, "recall": 0.75, "f1-score": 0.5454545454545454, "support": 8.0}, "economic__occupation_profession": {"precision": 0.8181818181818182, "recall": 0.75, "f1-score": 0.782608695652174, "support": 24.0}, "micro avg": {"precision": 0.6904761904761905, "recall": 0.7631578947368421, "f1-score": 0.725, "support": 38.0}, "macro avg": {"precision": 0.7283549783549783, "recall": 0.8125, "f1-score": 0.7463015245623941, "support": 38.0}, "weighted avg": {"precision": 0.7473228525860105, "recall": 0.7631578947368421, "f1-score": 0.7414425391542097, "support": 38.0}, "samples avg": {"precision": 0.24774774774774774, "recall": 0.25675675675675674, "f1-score": 0.24924924924924924, "support": 38.0}}