{"economic": {"precision": 0.7428571428571429, "recall": 0.8387096774193549, "f1-score": 0.7878787878787878, "support": 31.0}, "noneconomic": {"precision": 0.9113924050632911, "recall": 0.935064935064935, "f1-score": 0.9230769230769231, "support": 77.0}, "micro avg": {"precision": 0.8596491228070176, "recall": 0.9074074074074074, "f1-score": 0.8828828828828829, "support": 108.0}, "macro avg": {"precision": 0.827124773960217, "recall": 0.886887306242145, "f1-score": 0.8554778554778555, "support": 108.0}, "weighted avg": {"precision": 0.8630165427633782, "recall": 0.9074074074074074, "f1-score": 0.8842700509367176, "support": 108.0}, "samples avg": {"precision": 0.8440366972477065, "recall": 0.8623853211009175, "f1-score": 0.8470948012232417, "support": 108.0}}