{"economic__education_level": {"precision": 0.25, "recall": 1.0, "f1-score": 0.4, "support": 1.0}, "economic__employment_status": {"precision": 0.7777777777777778, "recall": 0.7777777777777778, "f1-score": 0.7777777777777778, "support": 9.0}, "economic__income_wealth_economic_status": {"precision": 0.6666666666666666, "recall": 0.6666666666666666, "f1-score": 0.6666666666666666, "support": 15.0}, "economic__occupation_profession": {"precision": 0.5, "recall": 0.42857142857142855, "f1-score": 0.46153846153846156, "support": 7.0}, "micro avg": {"precision": 0.6176470588235294, "recall": 0.65625, "f1-score": 0.6363636363636364, "support": 32.0}, "macro avg": {"precision": 0.548611111111111, "recall": 0.7182539682539681, "f1-score": 0.5764957264957266, "support": 32.0}, "weighted avg": {"precision": 0.6484375, "recall": 0.65625, "f1-score": 0.6447115384615384, "support": 32.0}, "samples avg": {"precision": 0.1834862385321101, "recall": 0.18807339449541285, "f1-score": 0.1834862385321101, "support": 32.0}}