{"economic": {"precision": 0.8235294117647058, "recall": 0.9032258064516129, "f1-score": 0.8615384615384616, "support": 31.0}, "noneconomic": {"precision": 0.9104477611940298, "recall": 0.8840579710144928, "f1-score": 0.8970588235294118, "support": 69.0}, "micro avg": {"precision": 0.8811881188118812, "recall": 0.89, "f1-score": 0.8855721393034826, "support": 100.0}, "macro avg": {"precision": 0.8669885864793678, "recall": 0.8936418887330528, "f1-score": 0.8792986425339366, "support": 100.0}, "weighted avg": {"precision": 0.8835030728709394, "recall": 0.89, "f1-score": 0.8860475113122172, "support": 100.0}, "samples avg": {"precision": 0.8608247422680413, "recall": 0.8762886597938144, "f1-score": 0.8591065292096219, "support": 100.0}}