{"economic": {"precision": 0.71875, "recall": 0.7931034482758621, "f1-score": 0.7540983606557377, "support": 29.0}, "noneconomic": {"precision": 0.8309859154929577, "recall": 0.9076923076923077, "f1-score": 0.8676470588235294, "support": 65.0}, "micro avg": {"precision": 0.7961165048543689, "recall": 0.8723404255319149, "f1-score": 0.8324873096446701, "support": 94.0}, "macro avg": {"precision": 0.7748679577464789, "recall": 0.8503978779840848, "f1-score": 0.8108727097396335, "support": 94.0}, "weighted avg": {"precision": 0.7963599415642794, "recall": 0.8723404255319149, "f1-score": 0.8326160774738915, "support": 94.0}, "samples avg": {"precision": 0.8163265306122449, "recall": 0.8214285714285714, "f1-score": 0.8129251700680272, "support": 94.0}}