{"economic__class_membership": {"precision": 0.0, "recall": 0.0, "f1-score": 0.0, "support": 0.0}, "economic__ecology_of_group": {"precision": 0.0, "recall": 0.0, "f1-score": 0.0, "support": 2.0}, "economic__education_level": {"precision": 1.0, "recall": 1.0, "f1-score": 1.0, "support": 3.0}, "economic__employment_status": {"precision": 0.5, "recall": 0.4, "f1-score": 0.4444444444444444, "support": 5.0}, "economic__income_wealth_economic_status": {"precision": 0.8, "recall": 0.6666666666666666, "f1-score": 0.7272727272727273, "support": 6.0}, "economic__occupation_profession": {"precision": 0.75, "recall": 0.75, "f1-score": 0.75, "support": 16.0}, "micro avg": {"precision": 0.6774193548387096, "recall": 0.65625, "f1-score": 0.6666666666666666, "support": 32.0}, "macro avg": {"precision": 0.5083333333333333, "recall": 0.4694444444444444, "f1-score": 0.48695286195286197, "support": 32.0}, "weighted avg": {"precision": 0.696875, "recall": 0.65625, "f1-score": 0.6745580808080808, "support": 32.0}, "samples avg": {"precision": 0.19931271477663232, "recall": 0.211340206185567, "f1-score": 0.20103092783505155, "support": 32.0}}