{"economic__class_membership": {"precision": 0.0, "recall": 0.0, "f1-score": 0.0, "support": 5.0}, "economic__ecology_of_group": {"precision": 0.6666666666666666, "recall": 0.6666666666666666, "f1-score": 0.6666666666666666, "support": 3.0}, "economic__education_level": {"precision": 1.0, "recall": 1.0, "f1-score": 1.0, "support": 3.0}, "economic__employment_status": {"precision": 0.7142857142857143, "recall": 1.0, "f1-score": 0.8333333333333334, "support": 5.0}, "economic__income_wealth_economic_status": {"precision": 0.8571428571428571, "recall": 0.6, "f1-score": 0.7058823529411765, "support": 10.0}, "economic__occupation_profession": {"precision": 1.0, "recall": 0.75, "f1-score": 0.8571428571428571, "support": 12.0}, "micro avg": {"precision": 0.8333333333333334, "recall": 0.6578947368421053, "f1-score": 0.7352941176470589, "support": 38.0}, "macro avg": {"precision": 0.7063492063492064, "recall": 0.6694444444444444, "f1-score": 0.6771708683473389, "support": 38.0}, "weighted avg": {"precision": 0.7669172932330827, "recall": 0.6578947368421053, "f1-score": 0.6976632758366504, "support": 38.0}, "samples avg": {"precision": 0.2654320987654321, "recall": 0.2716049382716049, "f1-score": 0.2633744855967078, "support": 38.0}}