{"economic__education_level": {"precision": 1.0, "recall": 1.0, "f1-score": 1.0, "support": 1.0}, "economic__employment_status": {"precision": 1.0, "recall": 0.5555555555555556, "f1-score": 0.7142857142857143, "support": 9.0}, "economic__income_wealth_economic_status": {"precision": 0.7777777777777778, "recall": 0.4666666666666667, "f1-score": 0.5833333333333334, "support": 15.0}, "economic__occupation_profession": {"precision": 0.45454545454545453, "recall": 0.7142857142857143, "f1-score": 0.5555555555555556, "support": 7.0}, "micro avg": {"precision": 0.6923076923076923, "recall": 0.5625, "f1-score": 0.6206896551724138, "support": 32.0}, "macro avg": {"precision": 0.8080808080808081, "recall": 0.6841269841269841, "f1-score": 0.7132936507936509, "support": 32.0}, "weighted avg": {"precision": 0.7765151515151514, "recall": 0.5625, "f1-score": 0.627108134920635, "support": 32.0}, "samples avg": {"precision": 0.15137614678899083, "recall": 0.16055045871559634, "f1-score": 0.1529051987767584, "support": 32.0}}