{"economic__education_level": {"precision": 0.5, "recall": 0.3333333333333333, "f1-score": 0.4, "support": 3.0}, "economic__employment_status": {"precision": 0.6666666666666666, "recall": 0.8, "f1-score": 0.7272727272727273, "support": 10.0}, "economic__income_wealth_economic_status": {"precision": 1.0, "recall": 0.8, "f1-score": 0.8888888888888888, "support": 5.0}, "economic__occupation_profession": {"precision": 0.7368421052631579, "recall": 0.7368421052631579, "f1-score": 0.7368421052631579, "support": 19.0}, "micro avg": {"precision": 0.7297297297297297, "recall": 0.7297297297297297, "f1-score": 0.7297297297297297, "support": 37.0}, "macro avg": {"precision": 0.7258771929824561, "recall": 0.6675438596491228, "f1-score": 0.6882509303561936, "support": 37.0}, "weighted avg": {"precision": 0.7342342342342342, "recall": 0.7297297297297297, "f1-score": 0.7274911274911275, "support": 37.0}, "samples avg": {"precision": 0.2792207792207792, "recall": 0.33766233766233766, "f1-score": 0.29870129870129875, "support": 37.0}}