{"noneconomic__age": {"precision": 0.9166666666666666, "recall": 0.9166666666666666, "f1-score": 0.9166666666666666, "support": 12.0}, "noneconomic__crime": {"precision": 1.0, "recall": 1.0, "f1-score": 1.0, "support": 3.0}, "noneconomic__ethnicity": {"precision": 1.0, "recall": 1.0, "f1-score": 1.0, "support": 1.0}, "noneconomic__family": {"precision": 1.0, "recall": 0.8, "f1-score": 0.8888888888888888, "support": 5.0}, "noneconomic__gender_sexuality": {"precision": 1.0, "recall": 1.0, "f1-score": 1.0, "support": 2.0}, "noneconomic__health": {"precision": 0.0, "recall": 0.0, "f1-score": 0.0, "support": 1.0}, "noneconomic__nationality": {"precision": 1.0, "recall": 0.5294117647058824, "f1-score": 0.6923076923076923, "support": 17.0}, "noneconomic__place_location": {"precision": 1.0, "recall": 0.5, "f1-score": 0.6666666666666666, "support": 2.0}, "noneconomic__religion": {"precision": 0.0, "recall": 0.0, "f1-score": 0.0, "support": 0.0}, "noneconomic__shared_values_mentalities": {"precision": 0.8235294117647058, "recall": 0.6666666666666666, "f1-score": 0.7368421052631579, "support": 21.0}, "micro avg": {"precision": 0.8653846153846154, "recall": 0.703125, "f1-score": 0.7758620689655172, "support": 64.0}, "macro avg": {"precision": 0.7740196078431372, "recall": 0.6412745098039216, "f1-score": 0.6901372019793073, "support": 64.0}, "weighted avg": {"precision": 0.9108455882352942, "recall": 0.703125, "f1-score": 0.7815733243364822, "support": 64.0}, "samples avg": {"precision": 0.4113475177304965, "recall": 0.4060283687943262, "f1-score": 0.40212765957446805, "support": 64.0}}