{"noneconomic__age": {"precision": 1.0, "recall": 0.92, "f1-score": 0.9583333333333334, "support": 25.0}, "noneconomic__crime": {"precision": 1.0, "recall": 1.0, "f1-score": 1.0, "support": 3.0}, "noneconomic__ethnicity": {"precision": 1.0, "recall": 1.0, "f1-score": 1.0, "support": 4.0}, "noneconomic__family": {"precision": 0.7777777777777778, "recall": 0.5833333333333334, "f1-score": 0.6666666666666666, "support": 12.0}, "noneconomic__gender_sexuality": {"precision": 1.0, "recall": 0.6666666666666666, "f1-score": 0.8, "support": 6.0}, "noneconomic__health": {"precision": 1.0, "recall": 0.6666666666666666, "f1-score": 0.8, "support": 3.0}, "noneconomic__nationality": {"precision": 0.8461538461538461, "recall": 0.9166666666666666, "f1-score": 0.88, "support": 12.0}, "noneconomic__place_location": {"precision": 0.5, "recall": 0.3333333333333333, "f1-score": 0.4, "support": 3.0}, "noneconomic__religion": {"precision": 1.0, "recall": 0.8, "f1-score": 0.8888888888888888, "support": 5.0}, "noneconomic__shared_values_mentalities": {"precision": 1.0, "recall": 0.6428571428571429, "f1-score": 0.782608695652174, "support": 14.0}, "micro avg": {"precision": 0.9315068493150684, "recall": 0.7816091954022989, "f1-score": 0.85, "support": 87.0}, "macro avg": {"precision": 0.9123931623931624, "recall": 0.7529523809523809, "f1-score": 0.8176497584541063, "support": 87.0}, "weighted avg": {"precision": 0.930887120542293, "recall": 0.7816091954022989, "f1-score": 0.8427505691598646, "support": 87.0}, "samples avg": {"precision": 0.5833333333333333, "recall": 0.5340136054421768, "f1-score": 0.5482993197278911, "support": 87.0}}