{"economic__class_membership": {"precision": 0.0, "recall": 0.0, "f1-score": 0.0, "support": 0.0}, "economic__ecology_of_group": {"precision": 0.0, "recall": 0.0, "f1-score": 0.0, "support": 2.0}, "economic__education_level": {"precision": 1.0, "recall": 1.0, "f1-score": 1.0, "support": 3.0}, "economic__employment_status": {"precision": 1.0, "recall": 0.4, "f1-score": 0.5714285714285714, "support": 5.0}, "economic__income_wealth_economic_status": {"precision": 0.75, "recall": 0.5, "f1-score": 0.6, "support": 6.0}, "economic__occupation_profession": {"precision": 0.75, "recall": 0.5625, "f1-score": 0.6428571428571429, "support": 16.0}, "micro avg": {"precision": 0.7727272727272727, "recall": 0.53125, "f1-score": 0.6296296296296297, "support": 32.0}, "macro avg": {"precision": 0.5833333333333334, "recall": 0.41041666666666665, "f1-score": 0.469047619047619, "support": 32.0}, "weighted avg": {"precision": 0.765625, "recall": 0.53125, "f1-score": 0.6169642857142856, "support": 32.0}, "samples avg": {"precision": 0.15979381443298968, "recall": 0.17010309278350516, "f1-score": 0.16151202749140892, "support": 32.0}}