{"economic__education_level": {"precision": 0.5, "recall": 0.3333333333333333, "f1-score": 0.4, "support": 3.0}, "economic__employment_status": {"precision": 0.75, "recall": 0.6, "f1-score": 0.6666666666666666, "support": 10.0}, "economic__income_wealth_economic_status": {"precision": 0.5, "recall": 0.4, "f1-score": 0.4444444444444444, "support": 5.0}, "economic__occupation_profession": {"precision": 0.6, "recall": 0.631578947368421, "f1-score": 0.6153846153846154, "support": 19.0}, "micro avg": {"precision": 0.6176470588235294, "recall": 0.5675675675675675, "f1-score": 0.5915492957746479, "support": 37.0}, "macro avg": {"precision": 0.5875, "recall": 0.4912280701754386, "f1-score": 0.5316239316239316, "support": 37.0}, "weighted avg": {"precision": 0.6189189189189189, "recall": 0.5675675675675675, "f1-score": 0.5886809886809887, "support": 37.0}, "samples avg": {"precision": 0.2077922077922078, "recall": 0.2597402597402597, "f1-score": 0.2251082251082251, "support": 37.0}}