{"noneconomic__age": {"precision": 0.8666666666666667, "recall": 1.0, "f1-score": 0.9285714285714286, "support": 13.0}, "noneconomic__crime": {"precision": 1.0, "recall": 0.4, "f1-score": 0.5714285714285714, "support": 5.0}, "noneconomic__ethnicity": {"precision": 1.0, "recall": 1.0, "f1-score": 1.0, "support": 1.0}, "noneconomic__family": {"precision": 0.6, "recall": 0.8571428571428571, "f1-score": 0.7058823529411765, "support": 7.0}, "noneconomic__gender_sexuality": {"precision": 0.5, "recall": 0.5, "f1-score": 0.5, "support": 4.0}, "noneconomic__health": {"precision": 1.0, "recall": 0.5, "f1-score": 0.6666666666666666, "support": 2.0}, "noneconomic__nationality": {"precision": 0.6666666666666666, "recall": 0.6666666666666666, "f1-score": 0.6666666666666666, "support": 9.0}, "noneconomic__place_location": {"precision": 0.0, "recall": 0.0, "f1-score": 0.0, "support": 2.0}, "noneconomic__religion": {"precision": 0.0, "recall": 0.0, "f1-score": 0.0, "support": 0.0}, "noneconomic__shared_values_mentalities": {"precision": 1.0, "recall": 0.23076923076923078, "f1-score": 0.375, "support": 13.0}, "micro avg": {"precision": 0.723404255319149, "recall": 0.6071428571428571, "f1-score": 0.6601941747572816, "support": 56.0}, "macro avg": {"precision": 0.6633333333333333, "recall": 0.5154578754578755, "f1-score": 0.5414215686274509, "support": 56.0}, "weighted avg": {"precision": 0.7940476190476191, "recall": 0.6071428571428571, "f1-score": 0.6263943077230891, "support": 56.0}, "samples avg": {"precision": 0.37058823529411766, "recall": 0.3549019607843137, "f1-score": 0.35843137254901963, "support": 56.0}}