{"noneconomic__age": {"precision": 0.5, "recall": 0.3333333333333333, "f1-score": 0.4, "support": 6.0}, "noneconomic__crime": {"precision": 1.0, "recall": 1.0, "f1-score": 1.0, "support": 5.0}, "noneconomic__ethnicity": {"precision": 0.0, "recall": 0.0, "f1-score": 0.0, "support": 0.0}, "noneconomic__family": {"precision": 0.7857142857142857, "recall": 1.0, "f1-score": 0.88, "support": 11.0}, "noneconomic__gender_sexuality": {"precision": 1.0, "recall": 0.5714285714285714, "f1-score": 0.7272727272727273, "support": 7.0}, "noneconomic__health": {"precision": 0.75, "recall": 0.75, "f1-score": 0.75, "support": 4.0}, "noneconomic__nationality": {"precision": 0.6666666666666666, "recall": 0.8, "f1-score": 0.7272727272727273, "support": 10.0}, "noneconomic__place_location": {"precision": 0.6666666666666666, "recall": 0.3333333333333333, "f1-score": 0.4444444444444444, "support": 6.0}, "noneconomic__religion": {"precision": 0.0, "recall": 0.0, "f1-score": 0.0, "support": 0.0}, "noneconomic__shared_values_mentalities": {"precision": 0.9166666666666666, "recall": 0.4782608695652174, "f1-score": 0.6285714285714286, "support": 23.0}, "micro avg": {"precision": 0.7540983606557377, "recall": 0.6388888888888888, "f1-score": 0.6917293233082706, "support": 72.0}, "macro avg": {"precision": 0.6285714285714286, "recall": 0.5266356107660456, "f1-score": 0.5557561327561327, "support": 72.0}, "weighted avg": {"precision": 0.8110119047619047, "recall": 0.6388888888888888, "f1-score": 0.6884367484367484, "support": 72.0}, "samples avg": {"precision": 0.5113636363636364, "recall": 0.48863636363636365, "f1-score": 0.49621212121212127, "support": 72.0}}