{"economic__education_level": {"precision": 1.0, "recall": 0.75, "f1-score": 0.8571428571428571, "support": 4.0}, "economic__employment_status": {"precision": 1.0, "recall": 1.0, "f1-score": 1.0, "support": 2.0}, "economic__income_wealth_economic_status": {"precision": 0.46153846153846156, "recall": 0.75, "f1-score": 0.5714285714285714, "support": 8.0}, "economic__occupation_profession": {"precision": 0.9333333333333333, "recall": 0.5833333333333334, "f1-score": 0.717948717948718, "support": 24.0}, "micro avg": {"precision": 0.7575757575757576, "recall": 0.6578947368421053, "f1-score": 0.704225352112676, "support": 38.0}, "macro avg": {"precision": 0.8487179487179488, "recall": 0.7708333333333334, "f1-score": 0.7866300366300367, "support": 38.0}, "weighted avg": {"precision": 0.8445344129554656, "recall": 0.6578947368421053, "f1-score": 0.7165991902834008, "support": 38.0}, "samples avg": {"precision": 0.21621621621621623, "recall": 0.22072072072072071, "f1-score": 0.21621621621621623, "support": 38.0}}