{"economic__education_level": {"precision": 1.0, "recall": 0.5, "f1-score": 0.6666666666666666, "support": 4.0}, "economic__employment_status": {"precision": 1.0, "recall": 1.0, "f1-score": 1.0, "support": 2.0}, "economic__income_wealth_economic_status": {"precision": 0.6666666666666666, "recall": 0.5, "f1-score": 0.5714285714285714, "support": 8.0}, "economic__occupation_profession": {"precision": 0.8888888888888888, "recall": 0.6666666666666666, "f1-score": 0.7619047619047619, "support": 24.0}, "micro avg": {"precision": 0.8571428571428571, "recall": 0.631578947368421, "f1-score": 0.7272727272727273, "support": 38.0}, "macro avg": {"precision": 0.8888888888888888, "recall": 0.6666666666666666, "f1-score": 0.75, "support": 38.0}, "weighted avg": {"precision": 0.8596491228070174, "recall": 0.631578947368421, "f1-score": 0.7243107769423558, "support": 38.0}, "samples avg": {"precision": 0.2072072072072072, "recall": 0.21171171171171171, "f1-score": 0.2087087087087087, "support": 38.0}}