{"economic": {"precision": 0.9411764705882353, "recall": 0.9411764705882353, "f1-score": 0.9411764705882353, "support": 34.0}, "noneconomic": {"precision": 0.8103448275862069, "recall": 0.94, "f1-score": 0.8703703703703703, "support": 50.0}, "micro avg": {"precision": 0.8586956521739131, "recall": 0.9404761904761905, "f1-score": 0.8977272727272727, "support": 84.0}, "macro avg": {"precision": 0.8757606490872211, "recall": 0.9405882352941176, "f1-score": 0.9057734204793029, "support": 84.0}, "weighted avg": {"precision": 0.8633004926108375, "recall": 0.9404761904761905, "f1-score": 0.8990299823633157, "support": 84.0}, "samples avg": {"precision": 0.8529411764705882, "recall": 0.888235294117647, "f1-score": 0.8627450980392156, "support": 84.0}}