{"economic": {"precision": 0.7419354838709677, "recall": 0.7931034482758621, "f1-score": 0.7666666666666667, "support": 29.0}, "noneconomic": {"precision": 0.9666666666666667, "recall": 0.8787878787878788, "f1-score": 0.9206349206349206, "support": 66.0}, "micro avg": {"precision": 0.8901098901098901, "recall": 0.8526315789473684, "f1-score": 0.8709677419354839, "support": 95.0}, "macro avg": {"precision": 0.8543010752688172, "recall": 0.8359456635318705, "f1-score": 0.8436507936507937, "support": 95.0}, "weighted avg": {"precision": 0.8980645161290323, "recall": 0.8526315789473684, "f1-score": 0.8736340852130325, "support": 95.0}, "samples avg": {"precision": 0.8352272727272727, "recall": 0.8238636363636364, "f1-score": 0.8181818181818182, "support": 95.0}}