{"economic__class_membership": {"precision": 0.0, "recall": 0.0, "f1-score": 0.0, "support": 0.0}, "economic__ecology_of_group": {"precision": 0.125, "recall": 0.25, "f1-score": 0.16666666666666666, "support": 4.0}, "economic__education_level": {"precision": 1.0, "recall": 1.0, "f1-score": 1.0, "support": 3.0}, "economic__employment_status": {"precision": 0.6666666666666666, "recall": 1.0, "f1-score": 0.8, "support": 2.0}, "economic__income_wealth_economic_status": {"precision": 1.0, "recall": 0.6, "f1-score": 0.75, "support": 5.0}, "economic__occupation_profession": {"precision": 0.8, "recall": 0.5, "f1-score": 0.6153846153846154, "support": 16.0}, "micro avg": {"precision": 0.5862068965517241, "recall": 0.5666666666666667, "f1-score": 0.576271186440678, "support": 30.0}, "macro avg": {"precision": 0.5986111111111111, "recall": 0.5583333333333333, "f1-score": 0.5553418803418804, "support": 30.0}, "weighted avg": {"precision": 0.7544444444444445, "recall": 0.5666666666666667, "f1-score": 0.6287606837606837, "support": 30.0}, "samples avg": {"precision": 0.13068181818181818, "recall": 0.18181818181818182, "f1-score": 0.14772727272727273, "support": 30.0}}