{"economic__education_level": {"precision": 0.6, "recall": 0.6, "f1-score": 0.6, "support": 5.0}, "economic__employment_status": {"precision": 0.8, "recall": 1.0, "f1-score": 0.8888888888888888, "support": 4.0}, "economic__income_wealth_economic_status": {"precision": 0.8888888888888888, "recall": 0.7272727272727273, "f1-score": 0.8, "support": 11.0}, "economic__occupation_profession": {"precision": 0.8333333333333334, "recall": 0.625, "f1-score": 0.7142857142857143, "support": 16.0}, "micro avg": {"precision": 0.8064516129032258, "recall": 0.6944444444444444, "f1-score": 0.746268656716418, "support": 36.0}, "macro avg": {"precision": 0.7805555555555556, "recall": 0.7380681818181818, "f1-score": 0.7507936507936508, "support": 36.0}, "weighted avg": {"precision": 0.8141975308641975, "recall": 0.6944444444444444, "f1-score": 0.7440035273368607, "support": 36.0}, "samples avg": {"precision": 0.28823529411764703, "recall": 0.2823529411764706, "f1-score": 0.2823529411764706, "support": 36.0}}