{"economic": {"precision": 0.6333333333333333, "recall": 0.6129032258064516, "f1-score": 0.6229508196721312, "support": 31.0}, "noneconomic": {"precision": 0.8444444444444444, "recall": 0.987012987012987, "f1-score": 0.9101796407185628, "support": 77.0}, "micro avg": {"precision": 0.7916666666666666, "recall": 0.8796296296296297, "f1-score": 0.8333333333333334, "support": 108.0}, "macro avg": {"precision": 0.7388888888888889, "recall": 0.7999581064097193, "f1-score": 0.766565230195347, "support": 108.0}, "weighted avg": {"precision": 0.7838477366255145, "recall": 0.8796296296296297, "f1-score": 0.8277343309737537, "support": 108.0}, "samples avg": {"precision": 0.7935779816513762, "recall": 0.8348623853211009, "f1-score": 0.8042813455657492, "support": 108.0}}