{"economic__education_level": {"precision": 1.0, "recall": 1.0, "f1-score": 1.0, "support": 1.0}, "economic__employment_status": {"precision": 0.8333333333333334, "recall": 0.5555555555555556, "f1-score": 0.6666666666666666, "support": 9.0}, "economic__income_wealth_economic_status": {"precision": 0.8333333333333334, "recall": 0.3333333333333333, "f1-score": 0.47619047619047616, "support": 15.0}, "economic__occupation_profession": {"precision": 0.3076923076923077, "recall": 0.5714285714285714, "f1-score": 0.4, "support": 7.0}, "micro avg": {"precision": 0.5769230769230769, "recall": 0.46875, "f1-score": 0.5172413793103449, "support": 32.0}, "macro avg": {"precision": 0.7435897435897436, "recall": 0.6150793650793651, "f1-score": 0.6357142857142857, "support": 32.0}, "weighted avg": {"precision": 0.7235576923076923, "recall": 0.46875, "f1-score": 0.5294642857142857, "support": 32.0}, "samples avg": {"precision": 0.12385321100917432, "recall": 0.13302752293577982, "f1-score": 0.12538226299694188, "support": 32.0}}