{"economic": {"precision": 0.8709677419354839, "recall": 0.8709677419354839, "f1-score": 0.8709677419354839, "support": 31.0}, "noneconomic": {"precision": 0.8873239436619719, "recall": 0.9130434782608695, "f1-score": 0.9, "support": 69.0}, "micro avg": {"precision": 0.8823529411764706, "recall": 0.9, "f1-score": 0.8910891089108911, "support": 100.0}, "macro avg": {"precision": 0.8791458427987279, "recall": 0.8920056100981767, "f1-score": 0.885483870967742, "support": 100.0}, "weighted avg": {"precision": 0.8822535211267606, "recall": 0.9, "f1-score": 0.8909999999999999, "support": 100.0}, "samples avg": {"precision": 0.865979381443299, "recall": 0.8814432989690721, "f1-score": 0.8625429553264605, "support": 100.0}}