{"economic__class_membership": {"precision": 0.0, "recall": 0.0, "f1-score": 0.0, "support": 5.0}, "economic__ecology_of_group": {"precision": 0.5, "recall": 0.6666666666666666, "f1-score": 0.5714285714285714, "support": 3.0}, "economic__education_level": {"precision": 1.0, "recall": 1.0, "f1-score": 1.0, "support": 3.0}, "economic__employment_status": {"precision": 0.6666666666666666, "recall": 0.8, "f1-score": 0.7272727272727273, "support": 5.0}, "economic__income_wealth_economic_status": {"precision": 0.7272727272727273, "recall": 0.8, "f1-score": 0.7619047619047619, "support": 10.0}, "economic__occupation_profession": {"precision": 1.0, "recall": 0.6666666666666666, "f1-score": 0.8, "support": 12.0}, "micro avg": {"precision": 0.6944444444444444, "recall": 0.6578947368421053, "f1-score": 0.6756756756756757, "support": 38.0}, "macro avg": {"precision": 0.6489898989898989, "recall": 0.6555555555555556, "f1-score": 0.6434343434343434, "support": 38.0}, "weighted avg": {"precision": 0.7133173843700159, "recall": 0.6578947368421053, "f1-score": 0.6728867623604465, "support": 38.0}, "samples avg": {"precision": 0.23868312757201646, "recall": 0.2716049382716049, "f1-score": 0.2448559670781893, "support": 38.0}}