{"economic__education_level": {"precision": 0.1, "recall": 1.0, "f1-score": 0.18181818181818182, "support": 1.0}, "economic__employment_status": {"precision": 0.4444444444444444, "recall": 0.8888888888888888, "f1-score": 0.5925925925925926, "support": 9.0}, "economic__income_wealth_economic_status": {"precision": 0.6666666666666666, "recall": 0.6666666666666666, "f1-score": 0.6666666666666666, "support": 15.0}, "economic__occupation_profession": {"precision": 0.4, "recall": 0.8571428571428571, "f1-score": 0.5454545454545454, "support": 7.0}, "micro avg": {"precision": 0.43103448275862066, "recall": 0.78125, "f1-score": 0.5555555555555556, "support": 32.0}, "macro avg": {"precision": 0.4027777777777778, "recall": 0.8531746031746031, "f1-score": 0.49663299663299665, "support": 32.0}, "weighted avg": {"precision": 0.528125, "recall": 0.78125, "f1-score": 0.6041666666666666, "support": 32.0}, "samples avg": {"precision": 0.16972477064220184, "recall": 0.22018348623853212, "f1-score": 0.1865443425076452, "support": 32.0}}