{"economic__class_membership": {"precision": 0.0, "recall": 0.0, "f1-score": 0.0, "support": 5.0}, "economic__ecology_of_group": {"precision": 1.0, "recall": 0.6666666666666666, "f1-score": 0.8, "support": 3.0}, "economic__education_level": {"precision": 1.0, "recall": 1.0, "f1-score": 1.0, "support": 3.0}, "economic__employment_status": {"precision": 1.0, "recall": 0.4, "f1-score": 0.5714285714285714, "support": 5.0}, "economic__income_wealth_economic_status": {"precision": 0.8571428571428571, "recall": 0.6, "f1-score": 0.7058823529411765, "support": 10.0}, "economic__occupation_profession": {"precision": 0.9090909090909091, "recall": 0.8333333333333334, "f1-score": 0.8695652173913043, "support": 12.0}, "micro avg": {"precision": 0.8846153846153846, "recall": 0.6052631578947368, "f1-score": 0.71875, "support": 38.0}, "macro avg": {"precision": 0.7943722943722943, "recall": 0.5833333333333334, "f1-score": 0.6578126902935088, "support": 38.0}, "weighted avg": {"precision": 0.8021189336978809, "recall": 0.6052631578947368, "f1-score": 0.6776512893486913, "support": 38.0}, "samples avg": {"precision": 0.24691358024691357, "recall": 0.24691358024691357, "f1-score": 0.242798353909465, "support": 38.0}}