{"economic": {"precision": 0.6170212765957447, "recall": 0.8787878787878788, "f1-score": 0.725, "support": 33.0}, "noneconomic": {"precision": 0.7647058823529411, "recall": 0.8125, "f1-score": 0.7878787878787878, "support": 48.0}, "micro avg": {"precision": 0.6938775510204082, "recall": 0.8395061728395061, "f1-score": 0.7597765363128491, "support": 81.0}, "macro avg": {"precision": 0.690863579474343, "recall": 0.8456439393939394, "f1-score": 0.7564393939393939, "support": 81.0}, "weighted avg": {"precision": 0.7045380800074166, "recall": 0.8395061728395061, "f1-score": 0.7622615039281705, "support": 81.0}, "samples avg": {"precision": 0.69375, "recall": 0.7875, "f1-score": 0.7166666666666667, "support": 81.0}}