{"economic": {"precision": 0.8666666666666667, "recall": 0.7027027027027027, "f1-score": 0.7761194029850746, "support": 37.0}, "noneconomic": {"precision": 0.8045977011494253, "recall": 0.9090909090909091, "f1-score": 0.8536585365853658, "support": 77.0}, "micro avg": {"precision": 0.8205128205128205, "recall": 0.8421052631578947, "f1-score": 0.8311688311688312, "support": 114.0}, "macro avg": {"precision": 0.8356321839080461, "recall": 0.8058968058968059, "f1-score": 0.8148889697852202, "support": 114.0}, "weighted avg": {"precision": 0.8247428917120387, "recall": 0.8421052631578947, "f1-score": 0.8284923265572012, "support": 114.0}, "samples avg": {"precision": 0.7882882882882883, "recall": 0.8108108108108109, "f1-score": 0.786786786786787, "support": 114.0}}