{"noneconomic__age": {"precision": 0.5, "recall": 0.75, "f1-score": 0.6, "support": 4.0}, "noneconomic__crime": {"precision": 1.0, "recall": 0.7272727272727273, "f1-score": 0.8421052631578947, "support": 11.0}, "noneconomic__ethnicity": {"precision": 0.75, "recall": 0.75, "f1-score": 0.75, "support": 4.0}, "noneconomic__family": {"precision": 0.75, "recall": 0.75, "f1-score": 0.75, "support": 4.0}, "noneconomic__gender_sexuality": {"precision": 1.0, "recall": 0.9545454545454546, "f1-score": 0.9767441860465116, "support": 22.0}, "noneconomic__health": {"precision": 1.0, "recall": 0.6, "f1-score": 0.75, "support": 5.0}, "noneconomic__nationality": {"precision": 0.5833333333333334, "recall": 0.7777777777777778, "f1-score": 0.6666666666666666, "support": 9.0}, "noneconomic__place_location": {"precision": 1.0, "recall": 0.16666666666666666, "f1-score": 0.2857142857142857, "support": 6.0}, "noneconomic__religion": {"precision": 0.5, "recall": 0.8, "f1-score": 0.6153846153846154, "support": 5.0}, "noneconomic__shared_values_mentalities": {"precision": 0.75, "recall": 0.9, "f1-score": 0.8181818181818182, "support": 10.0}, "micro avg": {"precision": 0.7848101265822784, "recall": 0.775, "f1-score": 0.779874213836478, "support": 80.0}, "macro avg": {"precision": 0.7833333333333334, "recall": 0.7176262626262627, "f1-score": 0.7054796835151793, "support": 80.0}, "weighted avg": {"precision": 0.840625, "recall": 0.775, "f1-score": 0.7734319620098383, "support": 80.0}, "samples avg": {"precision": 0.5412371134020618, "recall": 0.5584192439862543, "f1-score": 0.5415807560137457, "support": 80.0}}