{"noneconomic__age": {"precision": 0.8125, "recall": 1.0, "f1-score": 0.896551724137931, "support": 13.0}, "noneconomic__crime": {"precision": 1.0, "recall": 0.8, "f1-score": 0.8888888888888888, "support": 5.0}, "noneconomic__ethnicity": {"precision": 0.0, "recall": 0.0, "f1-score": 0.0, "support": 1.0}, "noneconomic__family": {"precision": 1.0, "recall": 1.0, "f1-score": 1.0, "support": 7.0}, "noneconomic__gender_sexuality": {"precision": 0.75, "recall": 0.75, "f1-score": 0.75, "support": 4.0}, "noneconomic__health": {"precision": 1.0, "recall": 1.0, "f1-score": 1.0, "support": 2.0}, "noneconomic__nationality": {"precision": 0.8888888888888888, "recall": 0.8888888888888888, "f1-score": 0.8888888888888888, "support": 9.0}, "noneconomic__place_location": {"precision": 0.0, "recall": 0.0, "f1-score": 0.0, "support": 2.0}, "noneconomic__religion": {"precision": 0.0, "recall": 0.0, "f1-score": 0.0, "support": 0.0}, "noneconomic__shared_values_mentalities": {"precision": 0.7142857142857143, "recall": 0.38461538461538464, "f1-score": 0.5, "support": 13.0}, "micro avg": {"precision": 0.8571428571428571, "recall": 0.75, "f1-score": 0.8, "support": 56.0}, "macro avg": {"precision": 0.6165674603174603, "recall": 0.5823504273504273, "f1-score": 0.5924329501915709, "support": 56.0}, "weighted avg": {"precision": 0.8008609693877551, "recall": 0.75, "f1-score": 0.760707443897099, "support": 56.0}, "samples avg": {"precision": 0.45294117647058824, "recall": 0.4411764705882353, "f1-score": 0.44313725490196076, "support": 56.0}}