{"economic__class_membership": {"precision": 0.0, "recall": 0.0, "f1-score": 0.0, "support": 0.0}, "economic__ecology_of_group": {"precision": 0.6666666666666666, "recall": 0.6666666666666666, "f1-score": 0.6666666666666666, "support": 3.0}, "economic__education_level": {"precision": 1.0, "recall": 0.3333333333333333, "f1-score": 0.5, "support": 6.0}, "economic__employment_status": {"precision": 0.8, "recall": 1.0, "f1-score": 0.8888888888888888, "support": 4.0}, "economic__income_wealth_economic_status": {"precision": 0.8333333333333334, "recall": 0.7142857142857143, "f1-score": 0.7692307692307693, "support": 7.0}, "economic__occupation_profession": {"precision": 0.8461538461538461, "recall": 0.6875, "f1-score": 0.7586206896551724, "support": 16.0}, "micro avg": {"precision": 0.75, "recall": 0.6666666666666666, "f1-score": 0.7058823529411765, "support": 36.0}, "macro avg": {"precision": 0.6910256410256411, "recall": 0.5669642857142857, "f1-score": 0.5972345024069162, "support": 36.0}, "weighted avg": {"precision": 0.8492165242165242, "recall": 0.6666666666666666, "f1-score": 0.7243917215181583, "support": 36.0}, "samples avg": {"precision": 0.2625, "recall": 0.275, "f1-score": 0.26666666666666666, "support": 36.0}}