{"economic__class_membership": {"precision": 1.0, "recall": 0.25, "f1-score": 0.4, "support": 4.0}, "economic__ecology_of_group": {"precision": 0.5, "recall": 1.0, "f1-score": 0.6666666666666666, "support": 1.0}, "economic__education_level": {"precision": 0.6666666666666666, "recall": 0.5, "f1-score": 0.5714285714285714, "support": 4.0}, "economic__employment_status": {"precision": 1.0, "recall": 0.4444444444444444, "f1-score": 0.6153846153846154, "support": 9.0}, "economic__income_wealth_economic_status": {"precision": 0.8333333333333334, "recall": 0.7142857142857143, "f1-score": 0.7692307692307693, "support": 7.0}, "economic__occupation_profession": {"precision": 0.7142857142857143, "recall": 0.625, "f1-score": 0.6666666666666666, "support": 8.0}, "micro avg": {"precision": 0.782608695652174, "recall": 0.5454545454545454, "f1-score": 0.6428571428571429, "support": 33.0}, "macro avg": {"precision": 0.7857142857142857, "recall": 0.5889550264550265, "f1-score": 0.6148962148962148, "support": 33.0}, "weighted avg": {"precision": 0.8398268398268398, "recall": 0.5454545454545454, "f1-score": 0.6305694305694306, "support": 33.0}, "samples avg": {"precision": 0.17346938775510204, "recall": 0.1683673469387755, "f1-score": 0.17006802721088432, "support": 33.0}}