{"economic__education_level": {"precision": 0.8, "recall": 1.0, "f1-score": 0.8888888888888888, "support": 4.0}, "economic__employment_status": {"precision": 0.5, "recall": 1.0, "f1-score": 0.6666666666666666, "support": 2.0}, "economic__income_wealth_economic_status": {"precision": 0.4375, "recall": 0.875, "f1-score": 0.5833333333333334, "support": 8.0}, "economic__occupation_profession": {"precision": 0.9090909090909091, "recall": 0.4166666666666667, "f1-score": 0.5714285714285714, "support": 24.0}, "micro avg": {"precision": 0.6388888888888888, "recall": 0.6052631578947368, "f1-score": 0.6216216216216216, "support": 38.0}, "macro avg": {"precision": 0.6616477272727272, "recall": 0.8229166666666666, "f1-score": 0.6775793650793651, "support": 38.0}, "weighted avg": {"precision": 0.7767942583732057, "recall": 0.6052631578947368, "f1-score": 0.6123642439431913, "support": 38.0}, "samples avg": {"precision": 0.20270270270270271, "recall": 0.20270270270270271, "f1-score": 0.2012012012012012, "support": 38.0}}