{"economic__class_membership": {"precision": 0.0, "recall": 0.0, "f1-score": 0.0, "support": 0.0}, "economic__ecology_of_group": {"precision": 0.0, "recall": 0.0, "f1-score": 0.0, "support": 3.0}, "economic__education_level": {"precision": 1.0, "recall": 1.0, "f1-score": 1.0, "support": 6.0}, "economic__employment_status": {"precision": 1.0, "recall": 1.0, "f1-score": 1.0, "support": 4.0}, "economic__income_wealth_economic_status": {"precision": 0.75, "recall": 0.42857142857142855, "f1-score": 0.5454545454545454, "support": 7.0}, "economic__occupation_profession": {"precision": 1.0, "recall": 0.6875, "f1-score": 0.8148148148148148, "support": 16.0}, "micro avg": {"precision": 0.8888888888888888, "recall": 0.6666666666666666, "f1-score": 0.7619047619047619, "support": 36.0}, "macro avg": {"precision": 0.625, "recall": 0.519345238095238, "f1-score": 0.5600448933782267, "support": 36.0}, "weighted avg": {"precision": 0.8680555555555556, "recall": 0.6666666666666666, "f1-score": 0.745978301533857, "support": 36.0}, "samples avg": {"precision": 0.3, "recall": 0.28125, "f1-score": 0.2875, "support": 36.0}}