{"economic__education_level": {"precision": 1.0, "recall": 0.5, "f1-score": 0.6666666666666666, "support": 4.0}, "economic__employment_status": {"precision": 0.6666666666666666, "recall": 1.0, "f1-score": 0.8, "support": 2.0}, "economic__income_wealth_economic_status": {"precision": 1.0, "recall": 0.42857142857142855, "f1-score": 0.6, "support": 7.0}, "economic__occupation_profession": {"precision": 1.0, "recall": 0.43478260869565216, "f1-score": 0.6060606060606061, "support": 23.0}, "micro avg": {"precision": 0.9444444444444444, "recall": 0.4722222222222222, "f1-score": 0.6296296296296297, "support": 36.0}, "macro avg": {"precision": 0.9166666666666666, "recall": 0.5908385093167702, "f1-score": 0.6681818181818182, "support": 36.0}, "weighted avg": {"precision": 0.9814814814814814, "recall": 0.4722222222222222, "f1-score": 0.6223905723905724, "support": 36.0}, "samples avg": {"precision": 0.18085106382978725, "recall": 0.17553191489361702, "f1-score": 0.17730496453900707, "support": 36.0}}