{"noneconomic__age": {"precision": 0.7222222222222222, "recall": 0.9285714285714286, "f1-score": 0.8125, "support": 14.0}, "noneconomic__crime": {"precision": 1.0, "recall": 0.16666666666666666, "f1-score": 0.2857142857142857, "support": 6.0}, "noneconomic__ethnicity": {"precision": 1.0, "recall": 1.0, "f1-score": 1.0, "support": 5.0}, "noneconomic__family": {"precision": 0.5555555555555556, "recall": 0.8333333333333334, "f1-score": 0.6666666666666666, "support": 6.0}, "noneconomic__gender_sexuality": {"precision": 1.0, "recall": 0.95, "f1-score": 0.9743589743589743, "support": 20.0}, "noneconomic__health": {"precision": 1.0, "recall": 0.5, "f1-score": 0.6666666666666666, "support": 2.0}, "noneconomic__nationality": {"precision": 0.625, "recall": 0.6666666666666666, "f1-score": 0.6451612903225806, "support": 15.0}, "noneconomic__place_location": {"precision": 0.6666666666666666, "recall": 0.5, "f1-score": 0.5714285714285714, "support": 4.0}, "noneconomic__religion": {"precision": 0.6666666666666666, "recall": 1.0, "f1-score": 0.8, "support": 4.0}, "noneconomic__shared_values_mentalities": {"precision": 0.45454545454545453, "recall": 0.3333333333333333, "f1-score": 0.38461538461538464, "support": 15.0}, "micro avg": {"precision": 0.7303370786516854, "recall": 0.7142857142857143, "f1-score": 0.7222222222222222, "support": 91.0}, "macro avg": {"precision": 0.7690656565656566, "recall": 0.6878571428571428, "f1-score": 0.680711183977313, "support": 91.0}, "weighted avg": {"precision": 0.7469336219336218, "recall": 0.7142857142857143, "f1-score": 0.701562230160245, "support": 91.0}, "samples avg": {"precision": 0.5076452599388379, "recall": 0.5206422018348624, "f1-score": 0.5032765399737876, "support": 91.0}}