{"economic": {"precision": 0.8484848484848485, "recall": 0.9032258064516129, "f1-score": 0.875, "support": 31.0}, "noneconomic": {"precision": 0.8783783783783784, "recall": 0.9420289855072463, "f1-score": 0.9090909090909091, "support": 69.0}, "micro avg": {"precision": 0.8691588785046729, "recall": 0.93, "f1-score": 0.8985507246376812, "support": 100.0}, "macro avg": {"precision": 0.8634316134316135, "recall": 0.9226273959794296, "f1-score": 0.8920454545454546, "support": 100.0}, "weighted avg": {"precision": 0.8691113841113841, "recall": 0.93, "f1-score": 0.8985227272727272, "support": 100.0}, "samples avg": {"precision": 0.8711340206185567, "recall": 0.9072164948453608, "f1-score": 0.8762886597938144, "support": 100.0}}