{"economic__class_membership": {"precision": 0.0, "recall": 0.0, "f1-score": 0.0, "support": 0.0}, "economic__ecology_of_group": {"precision": 0.0, "recall": 0.0, "f1-score": 0.0, "support": 4.0}, "economic__education_level": {"precision": 1.0, "recall": 0.6666666666666666, "f1-score": 0.8, "support": 3.0}, "economic__employment_status": {"precision": 0.5, "recall": 0.5, "f1-score": 0.5, "support": 2.0}, "economic__income_wealth_economic_status": {"precision": 1.0, "recall": 0.6, "f1-score": 0.75, "support": 5.0}, "economic__occupation_profession": {"precision": 1.0, "recall": 0.3125, "f1-score": 0.47619047619047616, "support": 16.0}, "micro avg": {"precision": 0.9166666666666666, "recall": 0.36666666666666664, "f1-score": 0.5238095238095238, "support": 30.0}, "macro avg": {"precision": 0.5833333333333334, "recall": 0.34652777777777777, "f1-score": 0.42103174603174603, "support": 30.0}, "weighted avg": {"precision": 0.8333333333333334, "recall": 0.36666666666666664, "f1-score": 0.4923015873015873, "support": 30.0}, "samples avg": {"precision": 0.125, "recall": 0.125, "f1-score": 0.125, "support": 30.0}}