{"economic__education_level": {"precision": 1.0, "recall": 0.6, "f1-score": 0.75, "support": 5.0}, "economic__employment_status": {"precision": 0.4, "recall": 0.5, "f1-score": 0.4444444444444444, "support": 4.0}, "economic__income_wealth_economic_status": {"precision": 1.0, "recall": 0.5454545454545454, "f1-score": 0.7058823529411765, "support": 11.0}, "economic__occupation_profession": {"precision": 0.8461538461538461, "recall": 0.6875, "f1-score": 0.7586206896551724, "support": 16.0}, "micro avg": {"precision": 0.8148148148148148, "recall": 0.6111111111111112, "f1-score": 0.6984126984126984, "support": 36.0}, "macro avg": {"precision": 0.8115384615384615, "recall": 0.5832386363636364, "f1-score": 0.6647368717601982, "support": 36.0}, "weighted avg": {"precision": 0.864957264957265, "recall": 0.6111111111111112, "f1-score": 0.7064004081837078, "support": 36.0}, "samples avg": {"precision": 0.2411764705882353, "recall": 0.24705882352941178, "f1-score": 0.2392156862745098, "support": 36.0}}