{"economic__class_membership": {"precision": 0.0, "recall": 0.0, "f1-score": 0.0, "support": 0.0}, "economic__ecology_of_group": {"precision": 1.0, "recall": 0.3333333333333333, "f1-score": 0.5, "support": 3.0}, "economic__education_level": {"precision": 1.0, "recall": 0.6666666666666666, "f1-score": 0.8, "support": 6.0}, "economic__employment_status": {"precision": 0.5714285714285714, "recall": 1.0, "f1-score": 0.7272727272727273, "support": 4.0}, "economic__income_wealth_economic_status": {"precision": 1.0, "recall": 0.2857142857142857, "f1-score": 0.4444444444444444, "support": 7.0}, "economic__occupation_profession": {"precision": 0.6, "recall": 0.375, "f1-score": 0.46153846153846156, "support": 16.0}, "micro avg": {"precision": 0.6296296296296297, "recall": 0.4722222222222222, "f1-score": 0.5396825396825397, "support": 36.0}, "macro avg": {"precision": 0.6952380952380951, "recall": 0.44345238095238093, "f1-score": 0.48887593887593894, "support": 36.0}, "weighted avg": {"precision": 0.7746031746031746, "recall": 0.4722222222222222, "f1-score": 0.5473560390227057, "support": 36.0}, "samples avg": {"precision": 0.1875, "recall": 0.19375, "f1-score": 0.18749999999999997, "support": 36.0}}