{"economic__education_level": {"precision": 1.0, "recall": 0.25, "f1-score": 0.4, "support": 4.0}, "economic__employment_status": {"precision": 0.3333333333333333, "recall": 0.5, "f1-score": 0.4, "support": 2.0}, "economic__income_wealth_economic_status": {"precision": 0.8, "recall": 0.5714285714285714, "f1-score": 0.6666666666666666, "support": 7.0}, "economic__occupation_profession": {"precision": 0.9166666666666666, "recall": 0.4782608695652174, "f1-score": 0.6285714285714286, "support": 23.0}, "micro avg": {"precision": 0.8095238095238095, "recall": 0.4722222222222222, "f1-score": 0.5964912280701754, "support": 36.0}, "macro avg": {"precision": 0.7625, "recall": 0.44992236024844723, "f1-score": 0.5238095238095238, "support": 36.0}, "weighted avg": {"precision": 0.8708333333333333, "recall": 0.4722222222222222, "f1-score": 0.5978835978835979, "support": 36.0}, "samples avg": {"precision": 0.18085106382978725, "recall": 0.18085106382978725, "f1-score": 0.18085106382978725, "support": 36.0}}