{"economic__class_membership": {"precision": 0.0, "recall": 0.0, "f1-score": 0.0, "support": 5.0}, "economic__ecology_of_group": {"precision": 0.0, "recall": 0.0, "f1-score": 0.0, "support": 3.0}, "economic__education_level": {"precision": 1.0, "recall": 0.6666666666666666, "f1-score": 0.8, "support": 3.0}, "economic__employment_status": {"precision": 0.42857142857142855, "recall": 0.6, "f1-score": 0.5, "support": 5.0}, "economic__income_wealth_economic_status": {"precision": 0.8, "recall": 0.4, "f1-score": 0.5333333333333333, "support": 10.0}, "economic__occupation_profession": {"precision": 0.875, "recall": 0.5833333333333334, "f1-score": 0.7, "support": 12.0}, "micro avg": {"precision": 0.6956521739130435, "recall": 0.42105263157894735, "f1-score": 0.5245901639344263, "support": 38.0}, "macro avg": {"precision": 0.5172619047619048, "recall": 0.375, "f1-score": 0.4222222222222222, "support": 38.0}, "weighted avg": {"precision": 0.6221804511278195, "recall": 0.42105263157894735, "f1-score": 0.4903508771929824, "support": 38.0}, "samples avg": {"precision": 0.1728395061728395, "recall": 0.17901234567901234, "f1-score": 0.16872427983539093, "support": 38.0}}