{"noneconomic__age": {"precision": 0.8571428571428571, "recall": 0.8571428571428571, "f1-score": 0.8571428571428571, "support": 7.0}, "noneconomic__crime": {"precision": 1.0, "recall": 0.3333333333333333, "f1-score": 0.5, "support": 3.0}, "noneconomic__ethnicity": {"precision": 0.42857142857142855, "recall": 1.0, "f1-score": 0.6, "support": 3.0}, "noneconomic__family": {"precision": 1.0, "recall": 0.8, "f1-score": 0.8888888888888888, "support": 5.0}, "noneconomic__gender_sexuality": {"precision": 1.0, "recall": 0.8, "f1-score": 0.8888888888888888, "support": 10.0}, "noneconomic__health": {"precision": 1.0, "recall": 0.6666666666666666, "f1-score": 0.8, "support": 3.0}, "noneconomic__nationality": {"precision": 0.36363636363636365, "recall": 1.0, "f1-score": 0.5333333333333333, "support": 4.0}, "noneconomic__place_location": {"precision": 0.0, "recall": 0.0, "f1-score": 0.0, "support": 1.0}, "noneconomic__religion": {"precision": 0.5714285714285714, "recall": 1.0, "f1-score": 0.7272727272727273, "support": 4.0}, "noneconomic__shared_values_mentalities": {"precision": 0.6363636363636364, "recall": 0.5384615384615384, "f1-score": 0.5833333333333334, "support": 13.0}, "micro avg": {"precision": 0.6610169491525424, "recall": 0.7358490566037735, "f1-score": 0.6964285714285714, "support": 53.0}, "macro avg": {"precision": 0.6857142857142857, "recall": 0.6995604395604396, "f1-score": 0.6378860028860028, "support": 53.0}, "weighted avg": {"precision": 0.7603528546924773, "recall": 0.7358490566037735, "f1-score": 0.7105488850771869, "support": 53.0}, "samples avg": {"precision": 0.39300411522633744, "recall": 0.411522633744856, "f1-score": 0.3946502057613169, "support": 53.0}}