{"noneconomic__age": {"precision": 0.9583333333333334, "recall": 0.92, "f1-score": 0.9387755102040817, "support": 25.0}, "noneconomic__crime": {"precision": 0.5, "recall": 0.3333333333333333, "f1-score": 0.4, "support": 3.0}, "noneconomic__ethnicity": {"precision": 0.8, "recall": 1.0, "f1-score": 0.8888888888888888, "support": 4.0}, "noneconomic__family": {"precision": 0.9230769230769231, "recall": 1.0, "f1-score": 0.96, "support": 12.0}, "noneconomic__gender_sexuality": {"precision": 1.0, "recall": 1.0, "f1-score": 1.0, "support": 6.0}, "noneconomic__health": {"precision": 1.0, "recall": 1.0, "f1-score": 1.0, "support": 3.0}, "noneconomic__nationality": {"precision": 1.0, "recall": 0.8333333333333334, "f1-score": 0.9090909090909091, "support": 12.0}, "noneconomic__place_location": {"precision": 0.3333333333333333, "recall": 0.3333333333333333, "f1-score": 0.3333333333333333, "support": 3.0}, "noneconomic__religion": {"precision": 0.75, "recall": 0.6, "f1-score": 0.6666666666666666, "support": 5.0}, "noneconomic__shared_values_mentalities": {"precision": 0.9230769230769231, "recall": 0.8571428571428571, "f1-score": 0.8888888888888888, "support": 14.0}, "micro avg": {"precision": 0.9036144578313253, "recall": 0.8620689655172413, "f1-score": 0.8823529411764706, "support": 87.0}, "macro avg": {"precision": 0.8187820512820514, "recall": 0.7877142857142856, "f1-score": 0.7985644197072768, "support": 87.0}, "weighted avg": {"precision": 0.9012452107279694, "recall": 0.8620689655172413, "f1-score": 0.8785265746842101, "support": 87.0}, "samples avg": {"precision": 0.5714285714285714, "recall": 0.576530612244898, "f1-score": 0.564625850340136, "support": 87.0}}