{"noneconomic__age": {"precision": 1.0, "recall": 0.3125, "f1-score": 0.47619047619047616, "support": 16.0}, "noneconomic__crime": {"precision": 1.0, "recall": 1.0, "f1-score": 1.0, "support": 8.0}, "noneconomic__ethnicity": {"precision": 1.0, "recall": 0.5, "f1-score": 0.6666666666666666, "support": 6.0}, "noneconomic__family": {"precision": 0.3333333333333333, "recall": 1.0, "f1-score": 0.5, "support": 1.0}, "noneconomic__gender_sexuality": {"precision": 1.0, "recall": 0.92, "f1-score": 0.9583333333333334, "support": 25.0}, "noneconomic__health": {"precision": 1.0, "recall": 0.5, "f1-score": 0.6666666666666666, "support": 8.0}, "noneconomic__nationality": {"precision": 0.8571428571428571, "recall": 0.6666666666666666, "f1-score": 0.75, "support": 9.0}, "noneconomic__place_location": {"precision": 1.0, "recall": 0.5, "f1-score": 0.6666666666666666, "support": 2.0}, "noneconomic__religion": {"precision": 1.0, "recall": 0.8, "f1-score": 0.8888888888888888, "support": 5.0}, "noneconomic__shared_values_mentalities": {"precision": 0.6923076923076923, "recall": 0.5, "f1-score": 0.5806451612903226, "support": 18.0}, "micro avg": {"precision": 0.9014084507042254, "recall": 0.6530612244897959, "f1-score": 0.757396449704142, "support": 98.0}, "macro avg": {"precision": 0.8882783882783881, "recall": 0.6699166666666666, "f1-score": 0.715405785970302, "support": 98.0}, "weighted avg": {"precision": 0.9235628317260971, "recall": 0.6530612244897959, "f1-score": 0.738674540476713, "support": 98.0}, "samples avg": {"precision": 0.4954954954954955, "recall": 0.4744744744744745, "f1-score": 0.47747747747747743, "support": 98.0}}