{"economic__class_membership": {"precision": 0.0, "recall": 0.0, "f1-score": 0.0, "support": 5.0}, "economic__ecology_of_group": {"precision": 0.6666666666666666, "recall": 0.6666666666666666, "f1-score": 0.6666666666666666, "support": 3.0}, "economic__education_level": {"precision": 0.75, "recall": 1.0, "f1-score": 0.8571428571428571, "support": 3.0}, "economic__employment_status": {"precision": 0.0, "recall": 0.0, "f1-score": 0.0, "support": 5.0}, "economic__income_wealth_economic_status": {"precision": 0.7142857142857143, "recall": 0.5, "f1-score": 0.5882352941176471, "support": 10.0}, "economic__occupation_profession": {"precision": 1.0, "recall": 0.75, "f1-score": 0.8571428571428571, "support": 12.0}, "micro avg": {"precision": 0.7916666666666666, "recall": 0.5, "f1-score": 0.6129032258064516, "support": 38.0}, "macro avg": {"precision": 0.5218253968253969, "recall": 0.4861111111111111, "f1-score": 0.49486461251167135, "support": 38.0}, "weighted avg": {"precision": 0.6156015037593985, "recall": 0.5, "f1-score": 0.5457762052189296, "support": 38.0}, "samples avg": {"precision": 0.2037037037037037, "recall": 0.19753086419753085, "f1-score": 0.19753086419753085, "support": 38.0}}