{"economic": {"precision": 0.6842105263157895, "recall": 0.7878787878787878, "f1-score": 0.7323943661971831, "support": 33.0}, "noneconomic": {"precision": 0.7735849056603774, "recall": 0.8541666666666666, "f1-score": 0.8118811881188119, "support": 48.0}, "micro avg": {"precision": 0.7362637362637363, "recall": 0.8271604938271605, "f1-score": 0.7790697674418605, "support": 81.0}, "macro avg": {"precision": 0.7288977159880834, "recall": 0.8210227272727273, "f1-score": 0.7721377771579976, "support": 81.0}, "weighted avg": {"precision": 0.7371731214829528, "recall": 0.8271604938271605, "f1-score": 0.7794976680766669, "support": 81.0}, "samples avg": {"precision": 0.73125, "recall": 0.78125, "f1-score": 0.7375, "support": 81.0}}