{"noneconomic__age": {"precision": 1.0, "recall": 1.0, "f1-score": 1.0, "support": 7.0}, "noneconomic__crime": {"precision": 1.0, "recall": 0.3333333333333333, "f1-score": 0.5, "support": 3.0}, "noneconomic__ethnicity": {"precision": 0.6, "recall": 1.0, "f1-score": 0.75, "support": 3.0}, "noneconomic__family": {"precision": 1.0, "recall": 1.0, "f1-score": 1.0, "support": 5.0}, "noneconomic__gender_sexuality": {"precision": 1.0, "recall": 0.8, "f1-score": 0.8888888888888888, "support": 10.0}, "noneconomic__health": {"precision": 1.0, "recall": 0.6666666666666666, "f1-score": 0.8, "support": 3.0}, "noneconomic__nationality": {"precision": 0.3333333333333333, "recall": 1.0, "f1-score": 0.5, "support": 4.0}, "noneconomic__place_location": {"precision": 0.25, "recall": 1.0, "f1-score": 0.4, "support": 1.0}, "noneconomic__religion": {"precision": 0.8, "recall": 1.0, "f1-score": 0.8888888888888888, "support": 4.0}, "noneconomic__shared_values_mentalities": {"precision": 0.6, "recall": 0.6923076923076923, "f1-score": 0.6428571428571429, "support": 13.0}, "micro avg": {"precision": 0.6875, "recall": 0.8301886792452831, "f1-score": 0.7521367521367521, "support": 53.0}, "macro avg": {"precision": 0.7583333333333333, "recall": 0.8492307692307692, "f1-score": 0.7370634920634921, "support": 53.0}, "weighted avg": {"precision": 0.799685534591195, "recall": 0.8301886792452831, "f1-score": 0.7802186283318359, "support": 53.0}, "samples avg": {"precision": 0.4382716049382716, "recall": 0.46502057613168724, "f1-score": 0.44197530864197526, "support": 53.0}}