{"economic": {"precision": 0.6458333333333334, "recall": 0.8378378378378378, "f1-score": 0.7294117647058823, "support": 37.0}, "noneconomic": {"precision": 0.8589743589743589, "recall": 0.8701298701298701, "f1-score": 0.864516129032258, "support": 77.0}, "micro avg": {"precision": 0.7777777777777778, "recall": 0.8596491228070176, "f1-score": 0.8166666666666667, "support": 114.0}, "macro avg": {"precision": 0.7524038461538461, "recall": 0.853983853983854, "f1-score": 0.7969639468690701, "support": 114.0}, "weighted avg": {"precision": 0.7897970085470086, "recall": 0.8596491228070176, "f1-score": 0.820666466926329, "support": 114.0}, "samples avg": {"precision": 0.8063063063063063, "recall": 0.8333333333333334, "f1-score": 0.8048048048048049, "support": 114.0}}