{"economic": {"precision": 0.5777777777777777, "recall": 0.896551724137931, "f1-score": 0.7027027027027027, "support": 29.0}, "noneconomic": {"precision": 0.821917808219178, "recall": 0.9230769230769231, "f1-score": 0.8695652173913043, "support": 65.0}, "micro avg": {"precision": 0.7288135593220338, "recall": 0.9148936170212766, "f1-score": 0.8113207547169812, "support": 94.0}, "macro avg": {"precision": 0.6998477929984779, "recall": 0.9098143236074271, "f1-score": 0.7861339600470035, "support": 94.0}, "weighted avg": {"precision": 0.7465980115936396, "recall": 0.9148936170212766, "f1-score": 0.8180863564767358, "support": 94.0}, "samples avg": {"precision": 0.7602040816326531, "recall": 0.8520408163265306, "f1-score": 0.7891156462585034, "support": 94.0}}