{"noneconomic__age": {"precision": 0.5, "recall": 0.75, "f1-score": 0.6, "support": 4.0}, "noneconomic__crime": {"precision": 1.0, "recall": 0.7272727272727273, "f1-score": 0.8421052631578947, "support": 11.0}, "noneconomic__ethnicity": {"precision": 0.6, "recall": 0.75, "f1-score": 0.6666666666666666, "support": 4.0}, "noneconomic__family": {"precision": 0.75, "recall": 0.75, "f1-score": 0.75, "support": 4.0}, "noneconomic__gender_sexuality": {"precision": 1.0, "recall": 0.9090909090909091, "f1-score": 0.9523809523809523, "support": 22.0}, "noneconomic__health": {"precision": 1.0, "recall": 0.8, "f1-score": 0.8888888888888888, "support": 5.0}, "noneconomic__nationality": {"precision": 0.7, "recall": 0.7777777777777778, "f1-score": 0.7368421052631579, "support": 9.0}, "noneconomic__place_location": {"precision": 1.0, "recall": 0.6666666666666666, "f1-score": 0.8, "support": 6.0}, "noneconomic__religion": {"precision": 1.0, "recall": 0.8, "f1-score": 0.8888888888888888, "support": 5.0}, "noneconomic__shared_values_mentalities": {"precision": 0.75, "recall": 0.9, "f1-score": 0.8181818181818182, "support": 10.0}, "micro avg": {"precision": 0.8441558441558441, "recall": 0.8125, "f1-score": 0.8280254777070064, "support": 80.0}, "macro avg": {"precision": 0.8300000000000001, "recall": 0.7830808080808082, "f1-score": 0.7943954583428268, "support": 80.0}, "weighted avg": {"precision": 0.8774999999999998, "recall": 0.8125, "f1-score": 0.8348061441482495, "support": 80.0}, "samples avg": {"precision": 0.5652920962199313, "recall": 0.5790378006872852, "f1-score": 0.568384879725086, "support": 80.0}}