{"noneconomic__age": {"precision": 0.9230769230769231, "recall": 0.8571428571428571, "f1-score": 0.8888888888888888, "support": 14.0}, "noneconomic__crime": {"precision": 1.0, "recall": 0.16666666666666666, "f1-score": 0.2857142857142857, "support": 6.0}, "noneconomic__ethnicity": {"precision": 0.7142857142857143, "recall": 1.0, "f1-score": 0.8333333333333334, "support": 5.0}, "noneconomic__family": {"precision": 0.8571428571428571, "recall": 1.0, "f1-score": 0.9230769230769231, "support": 6.0}, "noneconomic__gender_sexuality": {"precision": 1.0, "recall": 0.95, "f1-score": 0.9743589743589743, "support": 20.0}, "noneconomic__health": {"precision": 1.0, "recall": 1.0, "f1-score": 1.0, "support": 2.0}, "noneconomic__nationality": {"precision": 1.0, "recall": 0.8666666666666667, "f1-score": 0.9285714285714286, "support": 15.0}, "noneconomic__place_location": {"precision": 1.0, "recall": 0.5, "f1-score": 0.6666666666666666, "support": 4.0}, "noneconomic__religion": {"precision": 0.6666666666666666, "recall": 0.5, "f1-score": 0.5714285714285714, "support": 4.0}, "noneconomic__shared_values_mentalities": {"precision": 0.7692307692307693, "recall": 0.6666666666666666, "f1-score": 0.7142857142857143, "support": 15.0}, "micro avg": {"precision": 0.9, "recall": 0.7912087912087912, "f1-score": 0.8421052631578947, "support": 91.0}, "macro avg": {"precision": 0.8930402930402931, "recall": 0.7507142857142857, "f1-score": 0.7786324786324786, "support": 91.0}, "weighted avg": {"precision": 0.910357042225174, "recall": 0.7912087912087912, "f1-score": 0.8235854499590762, "support": 91.0}, "samples avg": {"precision": 0.5688073394495413, "recall": 0.5711009174311926, "f1-score": 0.5617737003058103, "support": 91.0}}