{"economic": {"precision": 0.9333333333333333, "recall": 0.9032258064516129, "f1-score": 0.9180327868852459, "support": 31.0}, "noneconomic": {"precision": 0.8552631578947368, "recall": 0.9420289855072463, "f1-score": 0.896551724137931, "support": 69.0}, "micro avg": {"precision": 0.8773584905660378, "recall": 0.93, "f1-score": 0.9029126213592233, "support": 100.0}, "macro avg": {"precision": 0.8942982456140351, "recall": 0.9226273959794296, "f1-score": 0.9072922555115885, "support": 100.0}, "weighted avg": {"precision": 0.8794649122807017, "recall": 0.93, "f1-score": 0.9032108535895986, "support": 100.0}, "samples avg": {"precision": 0.865979381443299, "recall": 0.9020618556701031, "f1-score": 0.8728522336769758, "support": 100.0}}