{"noneconomic__age": {"precision": 0.1111111111111111, "recall": 0.16666666666666666, "f1-score": 0.13333333333333333, "support": 6.0}, "noneconomic__crime": {"precision": 1.0, "recall": 1.0, "f1-score": 1.0, "support": 5.0}, "noneconomic__ethnicity": {"precision": 0.0, "recall": 0.0, "f1-score": 0.0, "support": 0.0}, "noneconomic__family": {"precision": 0.8181818181818182, "recall": 0.8181818181818182, "f1-score": 0.8181818181818182, "support": 11.0}, "noneconomic__gender_sexuality": {"precision": 1.0, "recall": 0.5714285714285714, "f1-score": 0.7272727272727273, "support": 7.0}, "noneconomic__health": {"precision": 0.8, "recall": 1.0, "f1-score": 0.8888888888888888, "support": 4.0}, "noneconomic__nationality": {"precision": 0.6428571428571429, "recall": 0.9, "f1-score": 0.75, "support": 10.0}, "noneconomic__place_location": {"precision": 0.6, "recall": 0.5, "f1-score": 0.5454545454545454, "support": 6.0}, "noneconomic__religion": {"precision": 0.0, "recall": 0.0, "f1-score": 0.0, "support": 0.0}, "noneconomic__shared_values_mentalities": {"precision": 0.9333333333333333, "recall": 0.6086956521739131, "f1-score": 0.7368421052631579, "support": 23.0}, "micro avg": {"precision": 0.7, "recall": 0.6805555555555556, "f1-score": 0.6901408450704225, "support": 72.0}, "macro avg": {"precision": 0.5905483405483405, "recall": 0.5564972708450969, "f1-score": 0.5599973418394472, "support": 72.0}, "weighted avg": {"precision": 0.7828042328042328, "recall": 0.6805555555555556, "f1-score": 0.7106466713922854, "support": 72.0}, "samples avg": {"precision": 0.48863636363636365, "recall": 0.5340909090909091, "f1-score": 0.49810606060606055, "support": 72.0}}