{"economic__class_membership": {"precision": 0.0, "recall": 0.0, "f1-score": 0.0, "support": 0.0}, "economic__ecology_of_group": {"precision": 0.5, "recall": 1.0, "f1-score": 0.6666666666666666, "support": 2.0}, "economic__education_level": {"precision": 1.0, "recall": 1.0, "f1-score": 1.0, "support": 3.0}, "economic__employment_status": {"precision": 0.6666666666666666, "recall": 0.4, "f1-score": 0.5, "support": 5.0}, "economic__income_wealth_economic_status": {"precision": 0.6, "recall": 1.0, "f1-score": 0.75, "support": 6.0}, "economic__occupation_profession": {"precision": 0.8, "recall": 1.0, "f1-score": 0.8888888888888888, "support": 16.0}, "micro avg": {"precision": 0.725, "recall": 0.90625, "f1-score": 0.8055555555555556, "support": 32.0}, "macro avg": {"precision": 0.5944444444444444, "recall": 0.7333333333333334, "f1-score": 0.6342592592592592, "support": 32.0}, "weighted avg": {"precision": 0.7416666666666667, "recall": 0.90625, "f1-score": 0.798611111111111, "support": 32.0}, "samples avg": {"precision": 0.27319587628865977, "recall": 0.28865979381443296, "f1-score": 0.27835051546391754, "support": 32.0}}