{"economic__education_level": {"precision": 1.0, "recall": 0.6666666666666666, "f1-score": 0.8, "support": 3.0}, "economic__employment_status": {"precision": 0.8888888888888888, "recall": 0.8, "f1-score": 0.8421052631578947, "support": 10.0}, "economic__income_wealth_economic_status": {"precision": 0.75, "recall": 0.6, "f1-score": 0.6666666666666666, "support": 5.0}, "economic__occupation_profession": {"precision": 0.9375, "recall": 0.7894736842105263, "f1-score": 0.8571428571428571, "support": 19.0}, "micro avg": {"precision": 0.9032258064516129, "recall": 0.7567567567567568, "f1-score": 0.8235294117647058, "support": 37.0}, "macro avg": {"precision": 0.8940972222222222, "recall": 0.7140350877192982, "f1-score": 0.7914786967418547, "support": 37.0}, "weighted avg": {"precision": 0.9040915915915915, "recall": 0.7567567567567568, "f1-score": 0.8227054121790963, "support": 37.0}, "samples avg": {"precision": 0.34415584415584416, "recall": 0.35064935064935066, "f1-score": 0.3463203463203463, "support": 37.0}}