{"noneconomic__age": {"precision": 1.0, "recall": 0.75, "f1-score": 0.8571428571428571, "support": 16.0}, "noneconomic__crime": {"precision": 0.8888888888888888, "recall": 1.0, "f1-score": 0.9411764705882353, "support": 8.0}, "noneconomic__ethnicity": {"precision": 0.75, "recall": 0.5, "f1-score": 0.6, "support": 6.0}, "noneconomic__family": {"precision": 0.5, "recall": 1.0, "f1-score": 0.6666666666666666, "support": 1.0}, "noneconomic__gender_sexuality": {"precision": 1.0, "recall": 0.96, "f1-score": 0.9795918367346939, "support": 25.0}, "noneconomic__health": {"precision": 1.0, "recall": 0.375, "f1-score": 0.5454545454545454, "support": 8.0}, "noneconomic__nationality": {"precision": 0.8571428571428571, "recall": 0.6666666666666666, "f1-score": 0.75, "support": 9.0}, "noneconomic__place_location": {"precision": 0.5, "recall": 0.5, "f1-score": 0.5, "support": 2.0}, "noneconomic__religion": {"precision": 0.5714285714285714, "recall": 0.8, "f1-score": 0.6666666666666666, "support": 5.0}, "noneconomic__shared_values_mentalities": {"precision": 0.8333333333333334, "recall": 0.5555555555555556, "f1-score": 0.6666666666666666, "support": 18.0}, "micro avg": {"precision": 0.8780487804878049, "recall": 0.7346938775510204, "f1-score": 0.8, "support": 98.0}, "macro avg": {"precision": 0.790079365079365, "recall": 0.7107222222222223, "f1-score": 0.7173365709920332, "support": 98.0}, "weighted avg": {"precision": 0.8947197926789764, "recall": 0.7346938775510204, "f1-score": 0.7902768342958704, "support": 98.0}, "samples avg": {"precision": 0.5315315315315315, "recall": 0.5375375375375376, "f1-score": 0.5252252252252252, "support": 98.0}}