{"noneconomic__age": {"precision": 0.5789473684210527, "recall": 0.9166666666666666, "f1-score": 0.7096774193548387, "support": 12.0}, "noneconomic__crime": {"precision": 0.75, "recall": 1.0, "f1-score": 0.8571428571428571, "support": 3.0}, "noneconomic__ethnicity": {"precision": 0.3333333333333333, "recall": 1.0, "f1-score": 0.5, "support": 1.0}, "noneconomic__family": {"precision": 0.36363636363636365, "recall": 0.8, "f1-score": 0.5, "support": 5.0}, "noneconomic__gender_sexuality": {"precision": 0.5, "recall": 0.5, "f1-score": 0.5, "support": 2.0}, "noneconomic__health": {"precision": 0.0, "recall": 0.0, "f1-score": 0.0, "support": 1.0}, "noneconomic__nationality": {"precision": 0.9090909090909091, "recall": 0.5882352941176471, "f1-score": 0.7142857142857143, "support": 17.0}, "noneconomic__place_location": {"precision": 1.0, "recall": 0.5, "f1-score": 0.6666666666666666, "support": 2.0}, "noneconomic__religion": {"precision": 0.0, "recall": 0.0, "f1-score": 0.0, "support": 0.0}, "noneconomic__shared_values_mentalities": {"precision": 0.6428571428571429, "recall": 0.42857142857142855, "f1-score": 0.5142857142857142, "support": 21.0}, "micro avg": {"precision": 0.5714285714285714, "recall": 0.625, "f1-score": 0.5970149253731343, "support": 64.0}, "macro avg": {"precision": 0.5077865117338802, "recall": 0.5733473389355742, "f1-score": 0.49620583717357913, "support": 64.0}, "weighted avg": {"precision": 0.6766160785486444, "recall": 0.625, "f1-score": 0.6150585637480799, "support": 64.0}, "samples avg": {"precision": 0.34219858156028377, "recall": 0.36347517730496454, "f1-score": 0.34255319148936164, "support": 64.0}}