{"economic": {"precision": 0.7777777777777778, "recall": 0.8235294117647058, "f1-score": 0.8, "support": 34.0}, "noneconomic": {"precision": 0.8297872340425532, "recall": 0.8863636363636364, "f1-score": 0.8571428571428571, "support": 44.0}, "micro avg": {"precision": 0.8072289156626506, "recall": 0.8589743589743589, "f1-score": 0.8322981366459627, "support": 78.0}, "macro avg": {"precision": 0.8037825059101655, "recall": 0.8549465240641712, "f1-score": 0.8285714285714285, "support": 78.0}, "weighted avg": {"precision": 0.8071164454143178, "recall": 0.8589743589743589, "f1-score": 0.8322344322344322, "support": 78.0}, "samples avg": {"precision": 0.7469135802469136, "recall": 0.7654320987654321, "f1-score": 0.7448559670781894, "support": 78.0}}