{"noneconomic__age": {"precision": 0.6666666666666666, "recall": 1.0, "f1-score": 0.8, "support": 4.0}, "noneconomic__crime": {"precision": 1.0, "recall": 0.7272727272727273, "f1-score": 0.8421052631578947, "support": 11.0}, "noneconomic__ethnicity": {"precision": 1.0, "recall": 0.75, "f1-score": 0.8571428571428571, "support": 4.0}, "noneconomic__family": {"precision": 0.6666666666666666, "recall": 1.0, "f1-score": 0.8, "support": 4.0}, "noneconomic__gender_sexuality": {"precision": 1.0, "recall": 0.9090909090909091, "f1-score": 0.9523809523809523, "support": 22.0}, "noneconomic__health": {"precision": 1.0, "recall": 0.8, "f1-score": 0.8888888888888888, "support": 5.0}, "noneconomic__nationality": {"precision": 0.875, "recall": 0.7777777777777778, "f1-score": 0.8235294117647058, "support": 9.0}, "noneconomic__place_location": {"precision": 0.8333333333333334, "recall": 0.8333333333333334, "f1-score": 0.8333333333333334, "support": 6.0}, "noneconomic__religion": {"precision": 0.8, "recall": 0.8, "f1-score": 0.8, "support": 5.0}, "noneconomic__shared_values_mentalities": {"precision": 0.8333333333333334, "recall": 0.5, "f1-score": 0.625, "support": 10.0}, "micro avg": {"precision": 0.8888888888888888, "recall": 0.8, "f1-score": 0.8421052631578947, "support": 80.0}, "macro avg": {"precision": 0.8674999999999999, "recall": 0.8097474747474749, "f1-score": 0.8222380706668633, "support": 80.0}, "weighted avg": {"precision": 0.9067708333333332, "recall": 0.8, "f1-score": 0.8393789928252003, "support": 80.0}, "samples avg": {"precision": 0.5790378006872853, "recall": 0.5790378006872852, "f1-score": 0.5766323024054983, "support": 80.0}}