{"noneconomic__age": {"precision": 1.0, "recall": 0.8571428571428571, "f1-score": 0.9230769230769231, "support": 7.0}, "noneconomic__crime": {"precision": 1.0, "recall": 0.3333333333333333, "f1-score": 0.5, "support": 3.0}, "noneconomic__ethnicity": {"precision": 1.0, "recall": 1.0, "f1-score": 1.0, "support": 3.0}, "noneconomic__family": {"precision": 1.0, "recall": 1.0, "f1-score": 1.0, "support": 5.0}, "noneconomic__gender_sexuality": {"precision": 1.0, "recall": 0.8, "f1-score": 0.8888888888888888, "support": 10.0}, "noneconomic__health": {"precision": 1.0, "recall": 0.6666666666666666, "f1-score": 0.8, "support": 3.0}, "noneconomic__nationality": {"precision": 0.42857142857142855, "recall": 0.75, "f1-score": 0.5454545454545454, "support": 4.0}, "noneconomic__place_location": {"precision": 0.0, "recall": 0.0, "f1-score": 0.0, "support": 1.0}, "noneconomic__religion": {"precision": 1.0, "recall": 1.0, "f1-score": 1.0, "support": 4.0}, "noneconomic__shared_values_mentalities": {"precision": 0.7272727272727273, "recall": 0.6153846153846154, "f1-score": 0.6666666666666666, "support": 13.0}, "micro avg": {"precision": 0.851063829787234, "recall": 0.7547169811320755, "f1-score": 0.8, "support": 53.0}, "macro avg": {"precision": 0.8155844155844155, "recall": 0.7022527472527473, "f1-score": 0.7324087024087025, "support": 53.0}, "weighted avg": {"precision": 0.8711100220534183, "recall": 0.7547169811320755, "f1-score": 0.794319098092683, "support": 53.0}, "samples avg": {"precision": 0.4074074074074074, "recall": 0.40946502057613166, "f1-score": 0.4049382716049382, "support": 53.0}}