{"noneconomic__age": {"precision": 0.9545454545454546, "recall": 0.84, "f1-score": 0.8936170212765957, "support": 25.0}, "noneconomic__crime": {"precision": 0.6666666666666666, "recall": 0.6666666666666666, "f1-score": 0.6666666666666666, "support": 3.0}, "noneconomic__ethnicity": {"precision": 0.6666666666666666, "recall": 1.0, "f1-score": 0.8, "support": 4.0}, "noneconomic__family": {"precision": 0.8571428571428571, "recall": 1.0, "f1-score": 0.9230769230769231, "support": 12.0}, "noneconomic__gender_sexuality": {"precision": 0.8571428571428571, "recall": 1.0, "f1-score": 0.9230769230769231, "support": 6.0}, "noneconomic__health": {"precision": 1.0, "recall": 0.6666666666666666, "f1-score": 0.8, "support": 3.0}, "noneconomic__nationality": {"precision": 0.8571428571428571, "recall": 1.0, "f1-score": 0.9230769230769231, "support": 12.0}, "noneconomic__place_location": {"precision": 1.0, "recall": 0.6666666666666666, "f1-score": 0.8, "support": 3.0}, "noneconomic__religion": {"precision": 0.8333333333333334, "recall": 1.0, "f1-score": 0.9090909090909091, "support": 5.0}, "noneconomic__shared_values_mentalities": {"precision": 0.8125, "recall": 0.9285714285714286, "f1-score": 0.8666666666666667, "support": 14.0}, "micro avg": {"precision": 0.8586956521739131, "recall": 0.9080459770114943, "f1-score": 0.88268156424581, "support": 87.0}, "macro avg": {"precision": 0.8505140692640693, "recall": 0.8768571428571429, "f1-score": 0.8505272032931608, "support": 87.0}, "weighted avg": {"precision": 0.8711063840374185, "recall": 0.9080459770114943, "f1-score": 0.8817416218736834, "support": 87.0}, "samples avg": {"precision": 0.5935374149659864, "recall": 0.6020408163265306, "f1-score": 0.5897959183673469, "support": 87.0}}