{"noneconomic__age": {"precision": 1.0, "recall": 0.6, "f1-score": 0.75, "support": 5.0}, "noneconomic__crime": {"precision": 1.0, "recall": 1.0, "f1-score": 1.0, "support": 1.0}, "noneconomic__ethnicity": {"precision": 1.0, "recall": 1.0, "f1-score": 1.0, "support": 2.0}, "noneconomic__family": {"precision": 0.5, "recall": 1.0, "f1-score": 0.6666666666666666, "support": 1.0}, "noneconomic__gender_sexuality": {"precision": 1.0, "recall": 1.0, "f1-score": 1.0, "support": 3.0}, "noneconomic__health": {"precision": 1.0, "recall": 0.5, "f1-score": 0.6666666666666666, "support": 4.0}, "noneconomic__nationality": {"precision": 0.8571428571428571, "recall": 0.8, "f1-score": 0.8275862068965517, "support": 15.0}, "noneconomic__place_location": {"precision": 1.0, "recall": 0.5, "f1-score": 0.6666666666666666, "support": 6.0}, "noneconomic__religion": {"precision": 1.0, "recall": 1.0, "f1-score": 1.0, "support": 3.0}, "noneconomic__shared_values_mentalities": {"precision": 0.75, "recall": 0.7058823529411765, "f1-score": 0.7272727272727273, "support": 17.0}, "micro avg": {"precision": 0.8571428571428571, "recall": 0.7368421052631579, "f1-score": 0.7924528301886793, "support": 57.0}, "macro avg": {"precision": 0.9107142857142858, "recall": 0.8105882352941176, "f1-score": 0.8304858934169278, "support": 57.0}, "weighted avg": {"precision": 0.8790726817042606, "recall": 0.7368421052631579, "f1-score": 0.7870309263231223, "support": 57.0}, "samples avg": {"precision": 0.42857142857142855, "recall": 0.4242424242424242, "f1-score": 0.42164502164502166, "support": 57.0}}