{"noneconomic__age": {"precision": 0.6666666666666666, "recall": 1.0, "f1-score": 0.8, "support": 4.0}, "noneconomic__crime": {"precision": 0.8888888888888888, "recall": 0.7272727272727273, "f1-score": 0.8, "support": 11.0}, "noneconomic__ethnicity": {"precision": 1.0, "recall": 0.75, "f1-score": 0.8571428571428571, "support": 4.0}, "noneconomic__family": {"precision": 0.8, "recall": 1.0, "f1-score": 0.8888888888888888, "support": 4.0}, "noneconomic__gender_sexuality": {"precision": 1.0, "recall": 0.8636363636363636, "f1-score": 0.926829268292683, "support": 22.0}, "noneconomic__health": {"precision": 0.8, "recall": 0.8, "f1-score": 0.8, "support": 5.0}, "noneconomic__nationality": {"precision": 0.8, "recall": 0.8888888888888888, "f1-score": 0.8421052631578947, "support": 9.0}, "noneconomic__place_location": {"precision": 1.0, "recall": 1.0, "f1-score": 1.0, "support": 6.0}, "noneconomic__religion": {"precision": 1.0, "recall": 0.8, "f1-score": 0.8888888888888888, "support": 5.0}, "noneconomic__shared_values_mentalities": {"precision": 0.6666666666666666, "recall": 0.6, "f1-score": 0.631578947368421, "support": 10.0}, "micro avg": {"precision": 0.868421052631579, "recall": 0.825, "f1-score": 0.8461538461538461, "support": 80.0}, "macro avg": {"precision": 0.8622222222222222, "recall": 0.842979797979798, "f1-score": 0.8435434113739634, "support": 80.0}, "weighted avg": {"precision": 0.881388888888889, "recall": 0.825, "f1-score": 0.8464194021639464, "support": 80.0}, "samples avg": {"precision": 0.5927835051546392, "recall": 0.5945017182130584, "f1-score": 0.5924398625429553, "support": 80.0}}