{"noneconomic__age": {"precision": 0.8333333333333334, "recall": 1.0, "f1-score": 0.9090909090909091, "support": 5.0}, "noneconomic__crime": {"precision": 1.0, "recall": 1.0, "f1-score": 1.0, "support": 1.0}, "noneconomic__ethnicity": {"precision": 1.0, "recall": 1.0, "f1-score": 1.0, "support": 2.0}, "noneconomic__family": {"precision": 0.3333333333333333, "recall": 1.0, "f1-score": 0.5, "support": 1.0}, "noneconomic__gender_sexuality": {"precision": 1.0, "recall": 0.6666666666666666, "f1-score": 0.8, "support": 3.0}, "noneconomic__health": {"precision": 1.0, "recall": 0.75, "f1-score": 0.8571428571428571, "support": 4.0}, "noneconomic__nationality": {"precision": 0.8571428571428571, "recall": 0.8, "f1-score": 0.8275862068965517, "support": 15.0}, "noneconomic__place_location": {"precision": 0.5, "recall": 0.16666666666666666, "f1-score": 0.25, "support": 6.0}, "noneconomic__religion": {"precision": 1.0, "recall": 1.0, "f1-score": 1.0, "support": 3.0}, "noneconomic__shared_values_mentalities": {"precision": 0.6470588235294118, "recall": 0.6470588235294118, "f1-score": 0.6470588235294118, "support": 17.0}, "micro avg": {"precision": 0.7735849056603774, "recall": 0.7192982456140351, "f1-score": 0.7454545454545455, "support": 57.0}, "macro avg": {"precision": 0.8170868347338935, "recall": 0.8030392156862745, "f1-score": 0.779087879665973, "support": 57.0}, "weighted avg": {"precision": 0.7781954887218044, "recall": 0.7192982456140351, "f1-score": 0.7331196329381447, "support": 57.0}, "samples avg": {"precision": 0.45454545454545453, "recall": 0.4318181818181818, "f1-score": 0.4349412492269635, "support": 57.0}}