{"noneconomic__age": {"precision": 0.9285714285714286, "recall": 1.0, "f1-score": 0.9629629629629629, "support": 13.0}, "noneconomic__crime": {"precision": 1.0, "recall": 1.0, "f1-score": 1.0, "support": 5.0}, "noneconomic__ethnicity": {"precision": 1.0, "recall": 1.0, "f1-score": 1.0, "support": 1.0}, "noneconomic__family": {"precision": 1.0, "recall": 0.8571428571428571, "f1-score": 0.9230769230769231, "support": 7.0}, "noneconomic__gender_sexuality": {"precision": 0.6, "recall": 0.75, "f1-score": 0.6666666666666666, "support": 4.0}, "noneconomic__health": {"precision": 0.5, "recall": 1.0, "f1-score": 0.6666666666666666, "support": 2.0}, "noneconomic__nationality": {"precision": 0.8, "recall": 0.8888888888888888, "f1-score": 0.8421052631578947, "support": 9.0}, "noneconomic__place_location": {"precision": 0.0, "recall": 0.0, "f1-score": 0.0, "support": 2.0}, "noneconomic__religion": {"precision": 0.0, "recall": 0.0, "f1-score": 0.0, "support": 0.0}, "noneconomic__shared_values_mentalities": {"precision": 0.9090909090909091, "recall": 0.7692307692307693, "f1-score": 0.8333333333333334, "support": 13.0}, "micro avg": {"precision": 0.8275862068965517, "recall": 0.8571428571428571, "f1-score": 0.8421052631578947, "support": 56.0}, "macro avg": {"precision": 0.6737662337662338, "recall": 0.7265262515262515, "f1-score": 0.6894811815864447, "support": 56.0}, "weighted avg": {"precision": 0.8480287569573284, "recall": 0.8571428571428571, "f1-score": 0.8462917443180601, "support": 56.0}, "samples avg": {"precision": 0.5176470588235295, "recall": 0.5176470588235295, "f1-score": 0.5098039215686275, "support": 56.0}}