{"economic": {"precision": 0.9047619047619048, "recall": 0.6551724137931034, "f1-score": 0.76, "support": 29.0}, "noneconomic": {"precision": 0.9180327868852459, "recall": 0.8484848484848485, "f1-score": 0.8818897637795275, "support": 66.0}, "micro avg": {"precision": 0.9146341463414634, "recall": 0.7894736842105263, "f1-score": 0.847457627118644, "support": 95.0}, "macro avg": {"precision": 0.9113973458235753, "recall": 0.7518286311389759, "f1-score": 0.8209448818897638, "support": 95.0}, "weighted avg": {"precision": 0.913981675500226, "recall": 0.7894736842105263, "f1-score": 0.8446813095731455, "support": 95.0}, "samples avg": {"precision": 0.8125, "recall": 0.7670454545454546, "f1-score": 0.7803030303030302, "support": 95.0}}