{"noneconomic__age": {"precision": 0.5833333333333334, "recall": 1.0, "f1-score": 0.7368421052631579, "support": 7.0}, "noneconomic__crime": {"precision": 0.0, "recall": 0.0, "f1-score": 0.0, "support": 3.0}, "noneconomic__ethnicity": {"precision": 0.6, "recall": 1.0, "f1-score": 0.75, "support": 3.0}, "noneconomic__family": {"precision": 1.0, "recall": 1.0, "f1-score": 1.0, "support": 5.0}, "noneconomic__gender_sexuality": {"precision": 1.0, "recall": 0.8, "f1-score": 0.8888888888888888, "support": 10.0}, "noneconomic__health": {"precision": 1.0, "recall": 0.6666666666666666, "f1-score": 0.8, "support": 3.0}, "noneconomic__nationality": {"precision": 0.4, "recall": 1.0, "f1-score": 0.5714285714285714, "support": 4.0}, "noneconomic__place_location": {"precision": 0.0, "recall": 0.0, "f1-score": 0.0, "support": 1.0}, "noneconomic__religion": {"precision": 0.6666666666666666, "recall": 1.0, "f1-score": 0.8, "support": 4.0}, "noneconomic__shared_values_mentalities": {"precision": 0.7272727272727273, "recall": 0.6153846153846154, "f1-score": 0.6666666666666666, "support": 13.0}, "micro avg": {"precision": 0.6949152542372882, "recall": 0.7735849056603774, "f1-score": 0.7321428571428571, "support": 53.0}, "macro avg": {"precision": 0.5977272727272729, "recall": 0.7082051282051282, "f1-score": 0.6213826232247286, "support": 53.0}, "weighted avg": {"precision": 0.7095197255574615, "recall": 0.7735849056603774, "f1-score": 0.7141351807190933, "support": 53.0}, "samples avg": {"precision": 0.40329218106995884, "recall": 0.4300411522633745, "f1-score": 0.4098765432098765, "support": 53.0}}