{"economic": {"precision": 0.8, "recall": 0.8888888888888888, "f1-score": 0.8421052631578947, "support": 36.0}, "noneconomic": {"precision": 0.9210526315789473, "recall": 0.7777777777777778, "f1-score": 0.8433734939759037, "support": 45.0}, "micro avg": {"precision": 0.8589743589743589, "recall": 0.8271604938271605, "f1-score": 0.8427672955974843, "support": 81.0}, "macro avg": {"precision": 0.8605263157894737, "recall": 0.8333333333333333, "f1-score": 0.8427393785668992, "support": 81.0}, "weighted avg": {"precision": 0.867251461988304, "recall": 0.8271604938271605, "f1-score": 0.8428098358345664, "support": 81.0}, "samples avg": {"precision": 0.8571428571428571, "recall": 0.8051948051948052, "f1-score": 0.8225108225108225, "support": 81.0}}