{"economic": {"precision": 0.7058823529411765, "recall": 0.6486486486486487, "f1-score": 0.676056338028169, "support": 37.0}, "noneconomic": {"precision": 0.8214285714285714, "recall": 0.8961038961038961, "f1-score": 0.8571428571428571, "support": 77.0}, "micro avg": {"precision": 0.788135593220339, "recall": 0.8157894736842105, "f1-score": 0.8017241379310345, "support": 114.0}, "macro avg": {"precision": 0.7636554621848739, "recall": 0.7723762723762724, "f1-score": 0.7665995975855131, "support": 114.0}, "weighted avg": {"precision": 0.7839267285861714, "recall": 0.8157894736842105, "f1-score": 0.7983691623424759, "support": 114.0}, "samples avg": {"precision": 0.7972972972972973, "recall": 0.7927927927927928, "f1-score": 0.7837837837837838, "support": 114.0}}