{"noneconomic__age": {"precision": 0.9523809523809523, "recall": 0.8, "f1-score": 0.8695652173913043, "support": 25.0}, "noneconomic__crime": {"precision": 0.5, "recall": 0.6666666666666666, "f1-score": 0.5714285714285714, "support": 3.0}, "noneconomic__ethnicity": {"precision": 1.0, "recall": 1.0, "f1-score": 1.0, "support": 4.0}, "noneconomic__family": {"precision": 0.9230769230769231, "recall": 1.0, "f1-score": 0.96, "support": 12.0}, "noneconomic__gender_sexuality": {"precision": 1.0, "recall": 0.8333333333333334, "f1-score": 0.9090909090909091, "support": 6.0}, "noneconomic__health": {"precision": 0.3333333333333333, "recall": 0.3333333333333333, "f1-score": 0.3333333333333333, "support": 3.0}, "noneconomic__nationality": {"precision": 0.7857142857142857, "recall": 0.9166666666666666, "f1-score": 0.8461538461538461, "support": 12.0}, "noneconomic__place_location": {"precision": 0.5, "recall": 0.6666666666666666, "f1-score": 0.5714285714285714, "support": 3.0}, "noneconomic__religion": {"precision": 0.8, "recall": 0.8, "f1-score": 0.8, "support": 5.0}, "noneconomic__shared_values_mentalities": {"precision": 0.6666666666666666, "recall": 0.8571428571428571, "f1-score": 0.75, "support": 14.0}, "micro avg": {"precision": 0.8021978021978022, "recall": 0.8390804597701149, "f1-score": 0.8202247191011236, "support": 87.0}, "macro avg": {"precision": 0.7461172161172162, "recall": 0.7873809523809523, "f1-score": 0.7611000448826536, "support": 87.0}, "weighted avg": {"precision": 0.8235442718201339, "recall": 0.8390804597701149, "f1-score": 0.8252424536982259, "support": 87.0}, "samples avg": {"precision": 0.5425170068027212, "recall": 0.5578231292517006, "f1-score": 0.5363945578231292, "support": 87.0}}