{"noneconomic__age": {"precision": 0.5714285714285714, "recall": 1.0, "f1-score": 0.7272727272727273, "support": 4.0}, "noneconomic__crime": {"precision": 1.0, "recall": 0.8888888888888888, "f1-score": 0.9411764705882353, "support": 9.0}, "noneconomic__ethnicity": {"precision": 0.5, "recall": 1.0, "f1-score": 0.6666666666666666, "support": 1.0}, "noneconomic__family": {"precision": 0.8, "recall": 1.0, "f1-score": 0.8888888888888888, "support": 4.0}, "noneconomic__gender_sexuality": {"precision": 1.0, "recall": 0.6666666666666666, "f1-score": 0.8, "support": 6.0}, "noneconomic__health": {"precision": 1.0, "recall": 0.3333333333333333, "f1-score": 0.5, "support": 3.0}, "noneconomic__nationality": {"precision": 0.7272727272727273, "recall": 0.8888888888888888, "f1-score": 0.8, "support": 9.0}, "noneconomic__place_location": {"precision": 0.6666666666666666, "recall": 0.5, "f1-score": 0.5714285714285714, "support": 4.0}, "noneconomic__religion": {"precision": 1.0, "recall": 1.0, "f1-score": 1.0, "support": 1.0}, "noneconomic__shared_values_mentalities": {"precision": 1.0, "recall": 0.5384615384615384, "f1-score": 0.7, "support": 13.0}, "micro avg": {"precision": 0.8163265306122449, "recall": 0.7407407407407407, "f1-score": 0.7766990291262136, "support": 54.0}, "macro avg": {"precision": 0.8265367965367965, "recall": 0.7816239316239316, "f1-score": 0.759543332484509, "support": 54.0}, "weighted avg": {"precision": 0.8740339907006573, "recall": 0.7407407407407407, "f1-score": 0.7682891787466951, "support": 54.0}, "samples avg": {"precision": 0.43125, "recall": 0.4395833333333333, "f1-score": 0.43083333333333335, "support": 54.0}}