{"economic__class_membership": {"precision": 1.0, "recall": 0.5, "f1-score": 0.6666666666666666, "support": 2.0}, "economic__ecology_of_group": {"precision": 0.25, "recall": 0.5, "f1-score": 0.3333333333333333, "support": 4.0}, "economic__education_level": {"precision": 1.0, "recall": 0.6666666666666666, "f1-score": 0.8, "support": 9.0}, "economic__employment_status": {"precision": 0.3333333333333333, "recall": 1.0, "f1-score": 0.5, "support": 2.0}, "economic__income_wealth_economic_status": {"precision": 1.0, "recall": 0.2727272727272727, "f1-score": 0.42857142857142855, "support": 11.0}, "economic__occupation_profession": {"precision": 0.5652173913043478, "recall": 0.7647058823529411, "f1-score": 0.65, "support": 17.0}, "micro avg": {"precision": 0.574468085106383, "recall": 0.6, "f1-score": 0.5869565217391305, "support": 45.0}, "macro avg": {"precision": 0.6914251207729469, "recall": 0.6173499702911468, "f1-score": 0.563095238095238, "support": 45.0}, "weighted avg": {"precision": 0.7394524959742351, "recall": 0.6, "f1-score": 0.5917989417989419, "support": 45.0}, "samples avg": {"precision": 0.18571428571428572, "recall": 0.21428571428571427, "f1-score": 0.19365079365079368, "support": 45.0}}