{"economic__education_level": {"precision": 1.0, "recall": 0.5, "f1-score": 0.6666666666666666, "support": 4.0}, "economic__employment_status": {"precision": 0.5, "recall": 1.0, "f1-score": 0.6666666666666666, "support": 2.0}, "economic__income_wealth_economic_status": {"precision": 1.0, "recall": 0.625, "f1-score": 0.7692307692307693, "support": 8.0}, "economic__occupation_profession": {"precision": 1.0, "recall": 0.375, "f1-score": 0.5454545454545454, "support": 24.0}, "micro avg": {"precision": 0.9, "recall": 0.47368421052631576, "f1-score": 0.6206896551724138, "support": 38.0}, "macro avg": {"precision": 0.875, "recall": 0.625, "f1-score": 0.662004662004662, "support": 38.0}, "weighted avg": {"precision": 0.9736842105263158, "recall": 0.47368421052631576, "f1-score": 0.6117040853882959, "support": 38.0}, "samples avg": {"precision": 0.15315315315315314, "recall": 0.15315315315315314, "f1-score": 0.15315315315315314, "support": 38.0}}