{"economic": {"precision": 0.8333333333333334, "recall": 0.967741935483871, "f1-score": 0.8955223880597015, "support": 31.0}, "noneconomic": {"precision": 0.863013698630137, "recall": 0.9130434782608695, "f1-score": 0.8873239436619719, "support": 69.0}, "micro avg": {"precision": 0.8532110091743119, "recall": 0.93, "f1-score": 0.8899521531100478, "support": 100.0}, "macro avg": {"precision": 0.8481735159817352, "recall": 0.9403927068723703, "f1-score": 0.8914231658608367, "support": 100.0}, "weighted avg": {"precision": 0.8538127853881278, "recall": 0.93, "f1-score": 0.889865461425268, "support": 100.0}, "samples avg": {"precision": 0.8505154639175257, "recall": 0.9020618556701031, "f1-score": 0.8625429553264604, "support": 100.0}}