{"noneconomic__age": {"precision": 0.5, "recall": 0.5, "f1-score": 0.5, "support": 4.0}, "noneconomic__crime": {"precision": 1.0, "recall": 0.6363636363636364, "f1-score": 0.7777777777777778, "support": 11.0}, "noneconomic__ethnicity": {"precision": 0.6, "recall": 0.75, "f1-score": 0.6666666666666666, "support": 4.0}, "noneconomic__family": {"precision": 1.0, "recall": 0.75, "f1-score": 0.8571428571428571, "support": 4.0}, "noneconomic__gender_sexuality": {"precision": 1.0, "recall": 0.9090909090909091, "f1-score": 0.9523809523809523, "support": 22.0}, "noneconomic__health": {"precision": 1.0, "recall": 0.8, "f1-score": 0.8888888888888888, "support": 5.0}, "noneconomic__nationality": {"precision": 1.0, "recall": 0.7777777777777778, "f1-score": 0.875, "support": 9.0}, "noneconomic__place_location": {"precision": 1.0, "recall": 0.3333333333333333, "f1-score": 0.5, "support": 6.0}, "noneconomic__religion": {"precision": 0.4, "recall": 0.8, "f1-score": 0.5333333333333333, "support": 5.0}, "noneconomic__shared_values_mentalities": {"precision": 1.0, "recall": 0.6, "f1-score": 0.75, "support": 10.0}, "micro avg": {"precision": 0.8529411764705882, "recall": 0.725, "f1-score": 0.7837837837837838, "support": 80.0}, "macro avg": {"precision": 0.85, "recall": 0.6856565656565656, "f1-score": 0.7301190476190476, "support": 80.0}, "weighted avg": {"precision": 0.9175000000000001, "recall": 0.725, "f1-score": 0.7886160714285715, "support": 80.0}, "samples avg": {"precision": 0.4965635738831616, "recall": 0.5171821305841924, "f1-score": 0.49793814432989686, "support": 80.0}}