{"economic__education_level": {"precision": 1.0, "recall": 0.6666666666666666, "f1-score": 0.8, "support": 3.0}, "economic__employment_status": {"precision": 0.8888888888888888, "recall": 0.8, "f1-score": 0.8421052631578947, "support": 10.0}, "economic__income_wealth_economic_status": {"precision": 0.6666666666666666, "recall": 0.8, "f1-score": 0.7272727272727273, "support": 5.0}, "economic__occupation_profession": {"precision": 0.8333333333333334, "recall": 0.7894736842105263, "f1-score": 0.8108108108108109, "support": 19.0}, "micro avg": {"precision": 0.8285714285714286, "recall": 0.7837837837837838, "f1-score": 0.8055555555555556, "support": 37.0}, "macro avg": {"precision": 0.8472222222222222, "recall": 0.7640350877192983, "f1-score": 0.7950472003103582, "support": 37.0}, "weighted avg": {"precision": 0.8393393393393394, "recall": 0.7837837837837838, "f1-score": 0.8071032884688646, "support": 37.0}, "samples avg": {"precision": 0.35064935064935066, "recall": 0.36363636363636365, "f1-score": 0.35497835497835495, "support": 37.0}}