{"noneconomic__age": {"precision": 1.0, "recall": 0.7, "f1-score": 0.8235294117647058, "support": 10.0}, "noneconomic__crime": {"precision": 0.7, "recall": 0.7777777777777778, "f1-score": 0.7368421052631579, "support": 9.0}, "noneconomic__ethnicity": {"precision": 0.75, "recall": 1.0, "f1-score": 0.8571428571428571, "support": 9.0}, "noneconomic__family": {"precision": 0.9444444444444444, "recall": 1.0, "f1-score": 0.9714285714285714, "support": 17.0}, "noneconomic__gender_sexuality": {"precision": 1.0, "recall": 1.0, "f1-score": 1.0, "support": 9.0}, "noneconomic__health": {"precision": 0.0, "recall": 0.0, "f1-score": 0.0, "support": 4.0}, "noneconomic__nationality": {"precision": 0.5, "recall": 0.6842105263157895, "f1-score": 0.5777777777777777, "support": 19.0}, "noneconomic__place_location": {"precision": 0.25, "recall": 0.5, "f1-score": 0.3333333333333333, "support": 4.0}, "noneconomic__religion": {"precision": 0.36363636363636365, "recall": 0.6666666666666666, "f1-score": 0.47058823529411764, "support": 6.0}, "noneconomic__shared_values_mentalities": {"precision": 0.5, "recall": 0.25, "f1-score": 0.3333333333333333, "support": 12.0}, "micro avg": {"precision": 0.6635514018691588, "recall": 0.7171717171717171, "f1-score": 0.6893203883495146, "support": 99.0}, "macro avg": {"precision": 0.6008080808080807, "recall": 0.6578654970760234, "f1-score": 0.6103975625337854, "support": 99.0}, "weighted avg": {"precision": 0.674619936741149, "recall": 0.7171717171717171, "f1-score": 0.6790917678430578, "support": 99.0}, "samples avg": {"precision": 0.4540229885057471, "recall": 0.49425287356321834, "f1-score": 0.453735632183908, "support": 99.0}}