{"noneconomic__age": {"precision": 1.0, "recall": 1.0, "f1-score": 1.0, "support": 11.0}, "noneconomic__crime": {"precision": 1.0, "recall": 0.18181818181818182, "f1-score": 0.3076923076923077, "support": 11.0}, "noneconomic__ethnicity": {"precision": 0.6666666666666666, "recall": 0.75, "f1-score": 0.7058823529411765, "support": 8.0}, "noneconomic__family": {"precision": 1.0, "recall": 0.9375, "f1-score": 0.967741935483871, "support": 16.0}, "noneconomic__gender_sexuality": {"precision": 0.8333333333333334, "recall": 0.37037037037037035, "f1-score": 0.5128205128205128, "support": 27.0}, "noneconomic__health": {"precision": 1.0, "recall": 0.5714285714285714, "f1-score": 0.7272727272727273, "support": 7.0}, "noneconomic__nationality": {"precision": 0.47368421052631576, "recall": 0.5625, "f1-score": 0.5142857142857142, "support": 16.0}, "noneconomic__place_location": {"precision": 1.0, "recall": 0.5, "f1-score": 0.6666666666666666, "support": 4.0}, "noneconomic__religion": {"precision": 1.0, "recall": 0.6666666666666666, "f1-score": 0.8, "support": 6.0}, "noneconomic__shared_values_mentalities": {"precision": 0.5714285714285714, "recall": 0.36363636363636365, "f1-score": 0.4444444444444444, "support": 11.0}, "micro avg": {"precision": 0.788235294117647, "recall": 0.5726495726495726, "f1-score": 0.6633663366336634, "support": 117.0}, "macro avg": {"precision": 0.8545112781954887, "recall": 0.5903920153920154, "f1-score": 0.6646806661607421, "support": 117.0}, "weighted avg": {"precision": 0.8264785896364844, "recall": 0.5726495726495726, "f1-score": 0.6413396162143304, "support": 117.0}, "samples avg": {"precision": 0.43333333333333335, "recall": 0.4197530864197531, "f1-score": 0.4167195767195767, "support": 117.0}}