{"economic__class_membership": {"precision": 0.0, "recall": 0.0, "f1-score": 0.0, "support": 0.0}, "economic__ecology_of_group": {"precision": 0.0, "recall": 0.0, "f1-score": 0.0, "support": 2.0}, "economic__education_level": {"precision": 1.0, "recall": 0.6666666666666666, "f1-score": 0.8, "support": 3.0}, "economic__employment_status": {"precision": 1.0, "recall": 0.4, "f1-score": 0.5714285714285714, "support": 5.0}, "economic__income_wealth_economic_status": {"precision": 1.0, "recall": 0.6666666666666666, "f1-score": 0.8, "support": 6.0}, "economic__occupation_profession": {"precision": 0.6923076923076923, "recall": 0.5625, "f1-score": 0.6206896551724138, "support": 16.0}, "micro avg": {"precision": 0.7391304347826086, "recall": 0.53125, "f1-score": 0.6181818181818182, "support": 32.0}, "macro avg": {"precision": 0.6153846153846154, "recall": 0.3826388888888889, "f1-score": 0.4653530377668309, "support": 32.0}, "weighted avg": {"precision": 0.7836538461538461, "recall": 0.53125, "f1-score": 0.6246305418719211, "support": 32.0}, "samples avg": {"precision": 0.17010309278350516, "recall": 0.17010309278350516, "f1-score": 0.1683848797250859, "support": 32.0}}