{"economic__education_level": {"precision": 0.0, "recall": 0.0, "f1-score": 0.0, "support": 4.0}, "economic__employment_status": {"precision": 0.5, "recall": 0.5, "f1-score": 0.5, "support": 2.0}, "economic__income_wealth_economic_status": {"precision": 0.8, "recall": 0.5, "f1-score": 0.6153846153846154, "support": 8.0}, "economic__occupation_profession": {"precision": 0.8333333333333334, "recall": 0.4166666666666667, "f1-score": 0.5555555555555556, "support": 24.0}, "micro avg": {"precision": 0.75, "recall": 0.39473684210526316, "f1-score": 0.5172413793103449, "support": 38.0}, "macro avg": {"precision": 0.5333333333333333, "recall": 0.3541666666666667, "f1-score": 0.41773504273504275, "support": 38.0}, "weighted avg": {"precision": 0.7210526315789473, "recall": 0.39473684210526316, "f1-score": 0.5067476383265856, "support": 38.0}, "samples avg": {"precision": 0.13513513513513514, "recall": 0.13063063063063063, "f1-score": 0.13213213213213212, "support": 38.0}}