{"noneconomic__age": {"precision": 0.375, "recall": 0.75, "f1-score": 0.5, "support": 4.0}, "noneconomic__crime": {"precision": 1.0, "recall": 0.7272727272727273, "f1-score": 0.8421052631578947, "support": 11.0}, "noneconomic__ethnicity": {"precision": 0.75, "recall": 0.75, "f1-score": 0.75, "support": 4.0}, "noneconomic__family": {"precision": 0.75, "recall": 0.75, "f1-score": 0.75, "support": 4.0}, "noneconomic__gender_sexuality": {"precision": 0.9565217391304348, "recall": 1.0, "f1-score": 0.9777777777777777, "support": 22.0}, "noneconomic__health": {"precision": 0.8, "recall": 0.8, "f1-score": 0.8, "support": 5.0}, "noneconomic__nationality": {"precision": 0.75, "recall": 0.6666666666666666, "f1-score": 0.7058823529411765, "support": 9.0}, "noneconomic__place_location": {"precision": 1.0, "recall": 0.5, "f1-score": 0.6666666666666666, "support": 6.0}, "noneconomic__religion": {"precision": 0.8, "recall": 0.8, "f1-score": 0.8, "support": 5.0}, "noneconomic__shared_values_mentalities": {"precision": 0.9090909090909091, "recall": 1.0, "f1-score": 0.9523809523809523, "support": 10.0}, "micro avg": {"precision": 0.8354430379746836, "recall": 0.825, "f1-score": 0.8301886792452831, "support": 80.0}, "macro avg": {"precision": 0.8090612648221344, "recall": 0.7743939393939394, "f1-score": 0.7744813012924469, "support": 80.0}, "weighted avg": {"precision": 0.8673048418972332, "recall": 0.825, "f1-score": 0.8331377463266009, "support": 80.0}, "samples avg": {"precision": 0.6048109965635738, "recall": 0.5996563573883161, "f1-score": 0.5979381443298969, "support": 80.0}}