{"economic__class_membership": {"precision": 0.0, "recall": 0.0, "f1-score": 0.0, "support": 0.0}, "economic__ecology_of_group": {"precision": 0.0, "recall": 0.0, "f1-score": 0.0, "support": 2.0}, "economic__education_level": {"precision": 0.5, "recall": 0.6666666666666666, "f1-score": 0.5714285714285714, "support": 3.0}, "economic__employment_status": {"precision": 1.0, "recall": 0.4, "f1-score": 0.5714285714285714, "support": 5.0}, "economic__income_wealth_economic_status": {"precision": 1.0, "recall": 0.6666666666666666, "f1-score": 0.8, "support": 6.0}, "economic__occupation_profession": {"precision": 0.5555555555555556, "recall": 0.625, "f1-score": 0.5882352941176471, "support": 16.0}, "micro avg": {"precision": 0.6428571428571429, "recall": 0.5625, "f1-score": 0.6, "support": 32.0}, "macro avg": {"precision": 0.5092592592592592, "recall": 0.39305555555555555, "f1-score": 0.4218487394957983, "support": 32.0}, "weighted avg": {"precision": 0.6684027777777778, "recall": 0.5625, "f1-score": 0.5869747899159664, "support": 32.0}, "samples avg": {"precision": 0.18041237113402062, "recall": 0.18041237113402062, "f1-score": 0.17869415807560135, "support": 32.0}}