{"economic__education_level": {"precision": 1.0, "recall": 0.5, "f1-score": 0.6666666666666666, "support": 4.0}, "economic__employment_status": {"precision": 1.0, "recall": 1.0, "f1-score": 1.0, "support": 2.0}, "economic__income_wealth_economic_status": {"precision": 1.0, "recall": 0.5, "f1-score": 0.6666666666666666, "support": 8.0}, "economic__occupation_profession": {"precision": 0.9333333333333333, "recall": 0.5833333333333334, "f1-score": 0.717948717948718, "support": 24.0}, "micro avg": {"precision": 0.9565217391304348, "recall": 0.5789473684210527, "f1-score": 0.7213114754098361, "support": 38.0}, "macro avg": {"precision": 0.9833333333333334, "recall": 0.6458333333333334, "f1-score": 0.7628205128205128, "support": 38.0}, "weighted avg": {"precision": 0.9578947368421052, "recall": 0.5789473684210527, "f1-score": 0.7165991902834008, "support": 38.0}, "samples avg": {"precision": 0.19369369369369369, "recall": 0.19369369369369369, "f1-score": 0.1921921921921922, "support": 38.0}}