{"economic__class_membership": {"precision": 1.0, "recall": 0.25, "f1-score": 0.4, "support": 8.0}, "economic__ecology_of_group": {"precision": 1.0, "recall": 0.3333333333333333, "f1-score": 0.5, "support": 3.0}, "economic__education_level": {"precision": 1.0, "recall": 1.0, "f1-score": 1.0, "support": 1.0}, "economic__employment_status": {"precision": 1.0, "recall": 0.6666666666666666, "f1-score": 0.8, "support": 3.0}, "economic__income_wealth_economic_status": {"precision": 0.8, "recall": 0.6666666666666666, "f1-score": 0.7272727272727273, "support": 6.0}, "economic__occupation_profession": {"precision": 0.8333333333333334, "recall": 0.5172413793103449, "f1-score": 0.6382978723404256, "support": 29.0}, "micro avg": {"precision": 0.8620689655172413, "recall": 0.5, "f1-score": 0.6329113924050633, "support": 50.0}, "macro avg": {"precision": 0.9388888888888888, "recall": 0.5723180076628352, "f1-score": 0.6775950999355255, "support": 50.0}, "weighted avg": {"precision": 0.8793333333333334, "recall": 0.5, "f1-score": 0.6194854932301741, "support": 50.0}, "samples avg": {"precision": 0.23076923076923078, "recall": 0.22596153846153846, "f1-score": 0.22756410256410253, "support": 50.0}}