{"economic": {"precision": 0.9666666666666667, "recall": 0.9354838709677419, "f1-score": 0.9508196721311475, "support": 31.0}, "noneconomic": {"precision": 0.8552631578947368, "recall": 0.9420289855072463, "f1-score": 0.896551724137931, "support": 69.0}, "micro avg": {"precision": 0.8867924528301887, "recall": 0.94, "f1-score": 0.912621359223301, "support": 100.0}, "macro avg": {"precision": 0.9109649122807018, "recall": 0.9387564282374941, "f1-score": 0.9236856981345393, "support": 100.0}, "weighted avg": {"precision": 0.8897982456140352, "recall": 0.94, "f1-score": 0.9133747880158282, "support": 100.0}, "samples avg": {"precision": 0.8711340206185567, "recall": 0.9123711340206185, "f1-score": 0.879725085910653, "support": 100.0}}