{"noneconomic__age": {"precision": 0.875, "recall": 1.0, "f1-score": 0.9333333333333333, "support": 7.0}, "noneconomic__crime": {"precision": 1.0, "recall": 0.3333333333333333, "f1-score": 0.5, "support": 3.0}, "noneconomic__ethnicity": {"precision": 1.0, "recall": 1.0, "f1-score": 1.0, "support": 3.0}, "noneconomic__family": {"precision": 1.0, "recall": 1.0, "f1-score": 1.0, "support": 5.0}, "noneconomic__gender_sexuality": {"precision": 1.0, "recall": 0.9, "f1-score": 0.9473684210526315, "support": 10.0}, "noneconomic__health": {"precision": 0.6666666666666666, "recall": 0.6666666666666666, "f1-score": 0.6666666666666666, "support": 3.0}, "noneconomic__nationality": {"precision": 0.3, "recall": 0.75, "f1-score": 0.42857142857142855, "support": 4.0}, "noneconomic__place_location": {"precision": 0.0, "recall": 0.0, "f1-score": 0.0, "support": 1.0}, "noneconomic__religion": {"precision": 1.0, "recall": 1.0, "f1-score": 1.0, "support": 4.0}, "noneconomic__shared_values_mentalities": {"precision": 0.75, "recall": 0.6923076923076923, "f1-score": 0.72, "support": 13.0}, "micro avg": {"precision": 0.7818181818181819, "recall": 0.8113207547169812, "f1-score": 0.7962962962962963, "support": 53.0}, "macro avg": {"precision": 0.7591666666666667, "recall": 0.7342307692307692, "f1-score": 0.719593984962406, "support": 53.0}, "weighted avg": {"precision": 0.8316037735849057, "recall": 0.8113207547169812, "f1-score": 0.8034208161914219, "support": 53.0}, "samples avg": {"precision": 0.41975308641975306, "recall": 0.4382716049382716, "f1-score": 0.42592592592592593, "support": 53.0}}