{"noneconomic__age": {"precision": 0.8, "recall": 0.8, "f1-score": 0.8, "support": 5.0}, "noneconomic__crime": {"precision": 1.0, "recall": 1.0, "f1-score": 1.0, "support": 1.0}, "noneconomic__ethnicity": {"precision": 0.4, "recall": 1.0, "f1-score": 0.5714285714285714, "support": 2.0}, "noneconomic__family": {"precision": 0.125, "recall": 1.0, "f1-score": 0.2222222222222222, "support": 1.0}, "noneconomic__gender_sexuality": {"precision": 1.0, "recall": 0.6666666666666666, "f1-score": 0.8, "support": 3.0}, "noneconomic__health": {"precision": 1.0, "recall": 0.25, "f1-score": 0.4, "support": 4.0}, "noneconomic__nationality": {"precision": 0.6923076923076923, "recall": 0.6, "f1-score": 0.6428571428571429, "support": 15.0}, "noneconomic__place_location": {"precision": 1.0, "recall": 0.3333333333333333, "f1-score": 0.5, "support": 6.0}, "noneconomic__religion": {"precision": 0.6, "recall": 1.0, "f1-score": 0.75, "support": 3.0}, "noneconomic__shared_values_mentalities": {"precision": 0.5, "recall": 0.23529411764705882, "f1-score": 0.32, "support": 17.0}, "micro avg": {"precision": 0.58, "recall": 0.5087719298245614, "f1-score": 0.5420560747663551, "support": 57.0}, "macro avg": {"precision": 0.7117307692307693, "recall": 0.688529411764706, "f1-score": 0.6006507936507937, "support": 57.0}, "weighted avg": {"precision": 0.6949055330634278, "recall": 0.5087719298245614, "f1-score": 0.5385602896129214, "support": 57.0}, "samples avg": {"precision": 0.29437229437229434, "recall": 0.2824675324675325, "f1-score": 0.2816944959802103, "support": 57.0}}