{"noneconomic__age": {"precision": 0.9444444444444444, "recall": 0.68, "f1-score": 0.7906976744186046, "support": 25.0}, "noneconomic__crime": {"precision": 0.6666666666666666, "recall": 0.6666666666666666, "f1-score": 0.6666666666666666, "support": 3.0}, "noneconomic__ethnicity": {"precision": 0.8, "recall": 1.0, "f1-score": 0.8888888888888888, "support": 4.0}, "noneconomic__family": {"precision": 0.8181818181818182, "recall": 0.75, "f1-score": 0.782608695652174, "support": 12.0}, "noneconomic__gender_sexuality": {"precision": 0.8, "recall": 0.6666666666666666, "f1-score": 0.7272727272727273, "support": 6.0}, "noneconomic__health": {"precision": 1.0, "recall": 1.0, "f1-score": 1.0, "support": 3.0}, "noneconomic__nationality": {"precision": 0.75, "recall": 0.75, "f1-score": 0.75, "support": 12.0}, "noneconomic__place_location": {"precision": 1.0, "recall": 0.3333333333333333, "f1-score": 0.5, "support": 3.0}, "noneconomic__religion": {"precision": 0.75, "recall": 0.6, "f1-score": 0.6666666666666666, "support": 5.0}, "noneconomic__shared_values_mentalities": {"precision": 0.9166666666666666, "recall": 0.7857142857142857, "f1-score": 0.8461538461538461, "support": 14.0}, "micro avg": {"precision": 0.8513513513513513, "recall": 0.7241379310344828, "f1-score": 0.782608695652174, "support": 87.0}, "macro avg": {"precision": 0.8445959595959595, "recall": 0.7232380952380952, "f1-score": 0.7618955165719574, "support": 87.0}, "weighted avg": {"precision": 0.8622140949727156, "recall": 0.7241379310344828, "f1-score": 0.7788209805398886, "support": 87.0}, "samples avg": {"precision": 0.5612244897959183, "recall": 0.5085034013605442, "f1-score": 0.5197278911564627, "support": 87.0}}