{"noneconomic__age": {"precision": 0.7272727272727273, "recall": 0.5, "f1-score": 0.5925925925925926, "support": 16.0}, "noneconomic__crime": {"precision": 1.0, "recall": 1.0, "f1-score": 1.0, "support": 8.0}, "noneconomic__ethnicity": {"precision": 1.0, "recall": 0.8333333333333334, "f1-score": 0.9090909090909091, "support": 6.0}, "noneconomic__family": {"precision": 0.25, "recall": 1.0, "f1-score": 0.4, "support": 1.0}, "noneconomic__gender_sexuality": {"precision": 1.0, "recall": 0.88, "f1-score": 0.9361702127659575, "support": 25.0}, "noneconomic__health": {"precision": 0.8, "recall": 0.5, "f1-score": 0.6153846153846154, "support": 8.0}, "noneconomic__nationality": {"precision": 0.6, "recall": 0.3333333333333333, "f1-score": 0.42857142857142855, "support": 9.0}, "noneconomic__place_location": {"precision": 0.0, "recall": 0.0, "f1-score": 0.0, "support": 2.0}, "noneconomic__religion": {"precision": 0.8, "recall": 0.8, "f1-score": 0.8, "support": 5.0}, "noneconomic__shared_values_mentalities": {"precision": 0.6363636363636364, "recall": 0.3888888888888889, "f1-score": 0.4827586206896552, "support": 18.0}, "micro avg": {"precision": 0.8157894736842105, "recall": 0.6326530612244898, "f1-score": 0.7126436781609196, "support": 98.0}, "macro avg": {"precision": 0.6813636363636364, "recall": 0.6235555555555556, "f1-score": 0.6164568379095158, "support": 98.0}, "weighted avg": {"precision": 0.7973562152133581, "recall": 0.6326530612244898, "f1-score": 0.6960220123245862, "support": 98.0}, "samples avg": {"precision": 0.5, "recall": 0.4744744744744745, "f1-score": 0.4774774774774775, "support": 98.0}}