{"noneconomic__age": {"precision": 1.0, "recall": 0.8571428571428571, "f1-score": 0.9230769230769231, "support": 7.0}, "noneconomic__crime": {"precision": 0.5, "recall": 0.3333333333333333, "f1-score": 0.4, "support": 3.0}, "noneconomic__ethnicity": {"precision": 0.75, "recall": 1.0, "f1-score": 0.8571428571428571, "support": 3.0}, "noneconomic__family": {"precision": 0.8, "recall": 0.8, "f1-score": 0.8, "support": 5.0}, "noneconomic__gender_sexuality": {"precision": 1.0, "recall": 0.8, "f1-score": 0.8888888888888888, "support": 10.0}, "noneconomic__health": {"precision": 1.0, "recall": 0.6666666666666666, "f1-score": 0.8, "support": 3.0}, "noneconomic__nationality": {"precision": 0.42857142857142855, "recall": 0.75, "f1-score": 0.5454545454545454, "support": 4.0}, "noneconomic__place_location": {"precision": 0.0, "recall": 0.0, "f1-score": 0.0, "support": 1.0}, "noneconomic__religion": {"precision": 1.0, "recall": 1.0, "f1-score": 1.0, "support": 4.0}, "noneconomic__shared_values_mentalities": {"precision": 0.875, "recall": 0.5384615384615384, "f1-score": 0.6666666666666666, "support": 13.0}, "micro avg": {"precision": 0.8260869565217391, "recall": 0.7169811320754716, "f1-score": 0.7676767676767676, "support": 53.0}, "macro avg": {"precision": 0.7353571428571428, "recall": 0.6745604395604395, "f1-score": 0.6881229881229881, "support": 53.0}, "weighted avg": {"precision": 0.8460242587601078, "recall": 0.7169811320754716, "f1-score": 0.7617045428366183, "support": 53.0}, "samples avg": {"precision": 0.37037037037037035, "recall": 0.3847736625514403, "f1-score": 0.37407407407407406, "support": 53.0}}