{"economic": {"precision": 0.9090909090909091, "recall": 0.8823529411764706, "f1-score": 0.8955223880597015, "support": 34.0}, "noneconomic": {"precision": 0.7164179104477612, "recall": 0.96, "f1-score": 0.8205128205128205, "support": 50.0}, "micro avg": {"precision": 0.78, "recall": 0.9285714285714286, "f1-score": 0.8478260869565217, "support": 84.0}, "macro avg": {"precision": 0.8127544097693351, "recall": 0.9211764705882353, "f1-score": 0.8580176042862611, "support": 84.0}, "weighted avg": {"precision": 0.7944046003747496, "recall": 0.9285714285714286, "f1-score": 0.8508738359484628, "support": 84.0}, "samples avg": {"precision": 0.8, "recall": 0.8764705882352941, "f1-score": 0.8235294117647058, "support": 84.0}}