{"economic": {"precision": 0.7804878048780488, "recall": 0.9411764705882353, "f1-score": 0.8533333333333334, "support": 34.0}, "noneconomic": {"precision": 0.8043478260869565, "recall": 0.8409090909090909, "f1-score": 0.8222222222222222, "support": 44.0}, "micro avg": {"precision": 0.7931034482758621, "recall": 0.8846153846153846, "f1-score": 0.8363636363636363, "support": 78.0}, "macro avg": {"precision": 0.7924178154825027, "recall": 0.8910427807486632, "f1-score": 0.8377777777777777, "support": 78.0}, "weighted avg": {"precision": 0.7939473040215352, "recall": 0.8846153846153846, "f1-score": 0.8357834757834758, "support": 78.0}, "samples avg": {"precision": 0.7592592592592593, "recall": 0.7839506172839507, "f1-score": 0.7613168724279834, "support": 78.0}}