{"economic": {"precision": 0.7209302325581395, "recall": 0.9393939393939394, "f1-score": 0.8157894736842105, "support": 33.0}, "noneconomic": {"precision": 0.8367346938775511, "recall": 0.8541666666666666, "f1-score": 0.845360824742268, "support": 48.0}, "micro avg": {"precision": 0.782608695652174, "recall": 0.8888888888888888, "f1-score": 0.8323699421965318, "support": 81.0}, "macro avg": {"precision": 0.7788324632178453, "recall": 0.896780303030303, "f1-score": 0.8305751492132393, "support": 81.0}, "weighted avg": {"precision": 0.7895550985251982, "recall": 0.8888888888888888, "f1-score": 0.8333132372741705, "support": 81.0}, "samples avg": {"precision": 0.7625, "recall": 0.825, "f1-score": 0.7791666666666666, "support": 81.0}}