{"noneconomic__age": {"precision": 0.8571428571428571, "recall": 0.8571428571428571, "f1-score": 0.8571428571428571, "support": 7.0}, "noneconomic__crime": {"precision": 1.0, "recall": 0.3333333333333333, "f1-score": 0.5, "support": 3.0}, "noneconomic__ethnicity": {"precision": 0.75, "recall": 1.0, "f1-score": 0.8571428571428571, "support": 3.0}, "noneconomic__family": {"precision": 1.0, "recall": 1.0, "f1-score": 1.0, "support": 5.0}, "noneconomic__gender_sexuality": {"precision": 0.8888888888888888, "recall": 0.8, "f1-score": 0.8421052631578947, "support": 10.0}, "noneconomic__health": {"precision": 1.0, "recall": 1.0, "f1-score": 1.0, "support": 3.0}, "noneconomic__nationality": {"precision": 0.42857142857142855, "recall": 0.75, "f1-score": 0.5454545454545454, "support": 4.0}, "noneconomic__place_location": {"precision": 0.0, "recall": 0.0, "f1-score": 0.0, "support": 1.0}, "noneconomic__religion": {"precision": 0.5714285714285714, "recall": 1.0, "f1-score": 0.7272727272727273, "support": 4.0}, "noneconomic__shared_values_mentalities": {"precision": 0.7142857142857143, "recall": 0.38461538461538464, "f1-score": 0.5, "support": 13.0}, "micro avg": {"precision": 0.76, "recall": 0.7169811320754716, "f1-score": 0.7378640776699029, "support": 53.0}, "macro avg": {"precision": 0.7210317460317459, "recall": 0.7125091575091576, "f1-score": 0.6829118250170881, "support": 53.0}, "weighted avg": {"precision": 0.7815962863132674, "recall": 0.7169811320754716, "f1-score": 0.7185545338474831, "support": 53.0}, "samples avg": {"precision": 0.38271604938271603, "recall": 0.3930041152263375, "f1-score": 0.38065843621399176, "support": 53.0}}