{"economic": {"precision": 0.7105263157894737, "recall": 0.9310344827586207, "f1-score": 0.8059701492537313, "support": 29.0}, "noneconomic": {"precision": 0.8571428571428571, "recall": 0.8307692307692308, "f1-score": 0.84375, "support": 65.0}, "micro avg": {"precision": 0.801980198019802, "recall": 0.8617021276595744, "f1-score": 0.8307692307692308, "support": 94.0}, "macro avg": {"precision": 0.7838345864661653, "recall": 0.8809018567639257, "f1-score": 0.8248600746268657, "support": 94.0}, "weighted avg": {"precision": 0.8119100943848984, "recall": 0.8617021276595744, "f1-score": 0.8320945141314703, "support": 94.0}, "samples avg": {"precision": 0.7806122448979592, "recall": 0.8010204081632653, "f1-score": 0.7857142857142857, "support": 94.0}}