{"economic__education_level": {"precision": 1.0, "recall": 0.5, "f1-score": 0.6666666666666666, "support": 4.0}, "economic__employment_status": {"precision": 0.4, "recall": 1.0, "f1-score": 0.5714285714285714, "support": 2.0}, "economic__income_wealth_economic_status": {"precision": 0.5714285714285714, "recall": 0.5714285714285714, "f1-score": 0.5714285714285714, "support": 7.0}, "economic__occupation_profession": {"precision": 0.9, "recall": 0.391304347826087, "f1-score": 0.5454545454545454, "support": 23.0}, "micro avg": {"precision": 0.7083333333333334, "recall": 0.4722222222222222, "f1-score": 0.5666666666666667, "support": 36.0}, "macro avg": {"precision": 0.7178571428571429, "recall": 0.6156832298136645, "f1-score": 0.5887445887445888, "support": 36.0}, "weighted avg": {"precision": 0.8194444444444444, "recall": 0.4722222222222222, "f1-score": 0.5654160654160654, "support": 36.0}, "samples avg": {"precision": 0.14893617021276595, "recall": 0.1702127659574468, "f1-score": 0.15602836879432624, "support": 36.0}}