{"economic": {"precision": 0.9393939393939394, "recall": 0.9117647058823529, "f1-score": 0.9253731343283582, "support": 34.0}, "noneconomic": {"precision": 0.9523809523809523, "recall": 0.8, "f1-score": 0.8695652173913043, "support": 50.0}, "micro avg": {"precision": 0.9466666666666667, "recall": 0.8452380952380952, "f1-score": 0.8930817610062893, "support": 84.0}, "macro avg": {"precision": 0.9458874458874459, "recall": 0.8558823529411765, "f1-score": 0.8974691758598312, "support": 84.0}, "weighted avg": {"precision": 0.9471243042671614, "recall": 0.8452380952380952, "f1-score": 0.8921541361515405, "support": 84.0}, "samples avg": {"precision": 0.788235294117647, "recall": 0.7941176470588235, "f1-score": 0.7882352941176473, "support": 84.0}}