{"economic__education_level": {"precision": 1.0, "recall": 0.6, "f1-score": 0.75, "support": 5.0}, "economic__employment_status": {"precision": 0.6666666666666666, "recall": 1.0, "f1-score": 0.8, "support": 4.0}, "economic__income_wealth_economic_status": {"precision": 1.0, "recall": 0.45454545454545453, "f1-score": 0.625, "support": 11.0}, "economic__occupation_profession": {"precision": 0.8461538461538461, "recall": 0.6875, "f1-score": 0.7586206896551724, "support": 16.0}, "micro avg": {"precision": 0.8518518518518519, "recall": 0.6388888888888888, "f1-score": 0.7301587301587301, "support": 36.0}, "macro avg": {"precision": 0.8782051282051282, "recall": 0.6855113636363637, "f1-score": 0.7334051724137931, "support": 36.0}, "weighted avg": {"precision": 0.8945868945868946, "recall": 0.6388888888888888, "f1-score": 0.7211925287356321, "support": 36.0}, "samples avg": {"precision": 0.2529411764705882, "recall": 0.2529411764705882, "f1-score": 0.25098039215686274, "support": 36.0}}