{"economic__class_membership": {"precision": 0.5, "recall": 0.25, "f1-score": 0.3333333333333333, "support": 4.0}, "economic__ecology_of_group": {"precision": 0.0, "recall": 0.0, "f1-score": 0.0, "support": 1.0}, "economic__education_level": {"precision": 0.75, "recall": 0.75, "f1-score": 0.75, "support": 4.0}, "economic__employment_status": {"precision": 0.875, "recall": 0.7777777777777778, "f1-score": 0.8235294117647058, "support": 9.0}, "economic__income_wealth_economic_status": {"precision": 0.75, "recall": 0.42857142857142855, "f1-score": 0.5454545454545454, "support": 7.0}, "economic__occupation_profession": {"precision": 1.0, "recall": 0.125, "f1-score": 0.2222222222222222, "support": 8.0}, "micro avg": {"precision": 0.7894736842105263, "recall": 0.45454545454545453, "f1-score": 0.5769230769230769, "support": 33.0}, "macro avg": {"precision": 0.6458333333333334, "recall": 0.388558201058201, "f1-score": 0.4457565854624678, "support": 33.0}, "weighted avg": {"precision": 0.7916666666666666, "recall": 0.45454545454545453, "f1-score": 0.5254865950053116, "support": 33.0}, "samples avg": {"precision": 0.1377551020408163, "recall": 0.14795918367346939, "f1-score": 0.141156462585034, "support": 33.0}}