{"economic": {"precision": 0.8787878787878788, "recall": 0.7837837837837838, "f1-score": 0.8285714285714286, "support": 37.0}, "noneconomic": {"precision": 0.8505747126436781, "recall": 0.961038961038961, "f1-score": 0.9024390243902439, "support": 77.0}, "micro avg": {"precision": 0.8583333333333333, "recall": 0.9035087719298246, "f1-score": 0.8803418803418803, "support": 114.0}, "macro avg": {"precision": 0.8646812957157785, "recall": 0.8724113724113725, "f1-score": 0.8655052264808363, "support": 114.0}, "weighted avg": {"precision": 0.859731617444866, "recall": 0.9035087719298246, "f1-score": 0.8784644538174705, "support": 114.0}, "samples avg": {"precision": 0.8378378378378378, "recall": 0.8603603603603603, "f1-score": 0.8408408408408408, "support": 114.0}}