{"economic": {"precision": 0.8529411764705882, "recall": 0.9354838709677419, "f1-score": 0.8923076923076924, "support": 31.0}, "noneconomic": {"precision": 0.9682539682539683, "recall": 0.8840579710144928, "f1-score": 0.9242424242424242, "support": 69.0}, "micro avg": {"precision": 0.9278350515463918, "recall": 0.9, "f1-score": 0.9137055837563451, "support": 100.0}, "macro avg": {"precision": 0.9105975723622782, "recall": 0.9097709209911173, "f1-score": 0.9082750582750583, "support": 100.0}, "weighted avg": {"precision": 0.9325070028011204, "recall": 0.9, "f1-score": 0.9143426573426572, "support": 100.0}, "samples avg": {"precision": 0.8762886597938144, "recall": 0.8814432989690721, "f1-score": 0.8728522336769758, "support": 100.0}}