{"noneconomic__age": {"precision": 0.8461538461538461, "recall": 0.9166666666666666, "f1-score": 0.88, "support": 12.0}, "noneconomic__crime": {"precision": 1.0, "recall": 1.0, "f1-score": 1.0, "support": 3.0}, "noneconomic__ethnicity": {"precision": 1.0, "recall": 1.0, "f1-score": 1.0, "support": 1.0}, "noneconomic__family": {"precision": 1.0, "recall": 0.8, "f1-score": 0.8888888888888888, "support": 5.0}, "noneconomic__gender_sexuality": {"precision": 0.6666666666666666, "recall": 1.0, "f1-score": 0.8, "support": 2.0}, "noneconomic__health": {"precision": 0.0, "recall": 0.0, "f1-score": 0.0, "support": 1.0}, "noneconomic__nationality": {"precision": 1.0, "recall": 0.47058823529411764, "f1-score": 0.64, "support": 17.0}, "noneconomic__place_location": {"precision": 0.6666666666666666, "recall": 1.0, "f1-score": 0.8, "support": 2.0}, "noneconomic__religion": {"precision": 0.0, "recall": 0.0, "f1-score": 0.0, "support": 0.0}, "noneconomic__shared_values_mentalities": {"precision": 0.6521739130434783, "recall": 0.7142857142857143, "f1-score": 0.6818181818181818, "support": 21.0}, "micro avg": {"precision": 0.7419354838709677, "recall": 0.71875, "f1-score": 0.7301587301587301, "support": 64.0}, "macro avg": {"precision": 0.6831661092530658, "recall": 0.6901540616246499, "f1-score": 0.669070707070707, "support": 64.0}, "weighted avg": {"precision": 0.8205650780379041, "recall": 0.71875, "f1-score": 0.7406660353535353, "support": 64.0}, "samples avg": {"precision": 0.40248226950354604, "recall": 0.42198581560283693, "f1-score": 0.39999999999999997, "support": 64.0}}