{"noneconomic__age": {"precision": 0.375, "recall": 0.75, "f1-score": 0.5, "support": 4.0}, "noneconomic__crime": {"precision": 1.0, "recall": 0.6666666666666666, "f1-score": 0.8, "support": 9.0}, "noneconomic__ethnicity": {"precision": 1.0, "recall": 1.0, "f1-score": 1.0, "support": 1.0}, "noneconomic__family": {"precision": 0.8, "recall": 1.0, "f1-score": 0.8888888888888888, "support": 4.0}, "noneconomic__gender_sexuality": {"precision": 1.0, "recall": 0.6666666666666666, "f1-score": 0.8, "support": 6.0}, "noneconomic__health": {"precision": 0.75, "recall": 1.0, "f1-score": 0.8571428571428571, "support": 3.0}, "noneconomic__nationality": {"precision": 0.8, "recall": 0.8888888888888888, "f1-score": 0.8421052631578947, "support": 9.0}, "noneconomic__place_location": {"precision": 0.0, "recall": 0.0, "f1-score": 0.0, "support": 4.0}, "noneconomic__religion": {"precision": 1.0, "recall": 1.0, "f1-score": 1.0, "support": 1.0}, "noneconomic__shared_values_mentalities": {"precision": 0.9090909090909091, "recall": 0.7692307692307693, "f1-score": 0.8333333333333334, "support": 13.0}, "micro avg": {"precision": 0.8, "recall": 0.7407407407407407, "f1-score": 0.7692307692307693, "support": 54.0}, "macro avg": {"precision": 0.7634090909090909, "recall": 0.7741452991452991, "f1-score": 0.7521470342522973, "support": 54.0}, "weighted avg": {"precision": 0.7957070707070707, "recall": 0.7407407407407407, "f1-score": 0.7507271264581207, "support": 54.0}, "samples avg": {"precision": 0.4583333333333333, "recall": 0.4666666666666666, "f1-score": 0.45666666666666667, "support": 54.0}}