{"noneconomic__age": {"precision": 0.6428571428571429, "recall": 0.5625, "f1-score": 0.6, "support": 16.0}, "noneconomic__crime": {"precision": 0.8888888888888888, "recall": 1.0, "f1-score": 0.9411764705882353, "support": 8.0}, "noneconomic__ethnicity": {"precision": 0.8333333333333334, "recall": 0.8333333333333334, "f1-score": 0.8333333333333334, "support": 6.0}, "noneconomic__family": {"precision": 0.16666666666666666, "recall": 1.0, "f1-score": 0.2857142857142857, "support": 1.0}, "noneconomic__gender_sexuality": {"precision": 1.0, "recall": 0.92, "f1-score": 0.9583333333333334, "support": 25.0}, "noneconomic__health": {"precision": 0.5714285714285714, "recall": 0.5, "f1-score": 0.5333333333333333, "support": 8.0}, "noneconomic__nationality": {"precision": 0.36363636363636365, "recall": 0.4444444444444444, "f1-score": 0.4, "support": 9.0}, "noneconomic__place_location": {"precision": 0.0, "recall": 0.0, "f1-score": 0.0, "support": 2.0}, "noneconomic__religion": {"precision": 0.4444444444444444, "recall": 0.8, "f1-score": 0.5714285714285714, "support": 5.0}, "noneconomic__shared_values_mentalities": {"precision": 0.5454545454545454, "recall": 0.3333333333333333, "f1-score": 0.41379310344827586, "support": 18.0}, "micro avg": {"precision": 0.6597938144329897, "recall": 0.6530612244897959, "f1-score": 0.6564102564102564, "support": 98.0}, "macro avg": {"precision": 0.5456709956709955, "recall": 0.639361111111111, "f1-score": 0.5537112431179368, "support": 98.0}, "weighted avg": {"precision": 0.6882454280413465, "recall": 0.6530612244897959, "f1-score": 0.6586280078533876, "support": 98.0}, "samples avg": {"precision": 0.46996996996997004, "recall": 0.48798798798798804, "f1-score": 0.4636636636636636, "support": 98.0}}