{"noneconomic__age": {"precision": 0.5, "recall": 0.5, "f1-score": 0.5, "support": 4.0}, "noneconomic__crime": {"precision": 1.0, "recall": 0.8888888888888888, "f1-score": 0.9411764705882353, "support": 9.0}, "noneconomic__ethnicity": {"precision": 1.0, "recall": 1.0, "f1-score": 1.0, "support": 1.0}, "noneconomic__family": {"precision": 0.6666666666666666, "recall": 1.0, "f1-score": 0.8, "support": 4.0}, "noneconomic__gender_sexuality": {"precision": 1.0, "recall": 0.6666666666666666, "f1-score": 0.8, "support": 6.0}, "noneconomic__health": {"precision": 0.75, "recall": 1.0, "f1-score": 0.8571428571428571, "support": 3.0}, "noneconomic__nationality": {"precision": 0.75, "recall": 1.0, "f1-score": 0.8571428571428571, "support": 9.0}, "noneconomic__place_location": {"precision": 0.0, "recall": 0.0, "f1-score": 0.0, "support": 4.0}, "noneconomic__religion": {"precision": 1.0, "recall": 1.0, "f1-score": 1.0, "support": 1.0}, "noneconomic__shared_values_mentalities": {"precision": 0.7272727272727273, "recall": 0.6153846153846154, "f1-score": 0.6666666666666666, "support": 13.0}, "micro avg": {"precision": 0.7843137254901961, "recall": 0.7407407407407407, "f1-score": 0.7619047619047619, "support": 54.0}, "macro avg": {"precision": 0.7393939393939394, "recall": 0.767094017094017, "f1-score": 0.7422128851540617, "support": 54.0}, "weighted avg": {"precision": 0.7429854096520763, "recall": 0.7407407407407407, "f1-score": 0.7300549849569458, "support": 54.0}, "samples avg": {"precision": 0.4645833333333333, "recall": 0.4604166666666666, "f1-score": 0.45375, "support": 54.0}}