{"economic__class_membership": {"precision": 0.0, "recall": 0.0, "f1-score": 0.0, "support": 0.0}, "economic__ecology_of_group": {"precision": 0.0, "recall": 0.0, "f1-score": 0.0, "support": 3.0}, "economic__education_level": {"precision": 1.0, "recall": 1.0, "f1-score": 1.0, "support": 6.0}, "economic__employment_status": {"precision": 0.25, "recall": 0.25, "f1-score": 0.25, "support": 4.0}, "economic__income_wealth_economic_status": {"precision": 1.0, "recall": 0.42857142857142855, "f1-score": 0.6, "support": 7.0}, "economic__occupation_profession": {"precision": 1.0, "recall": 0.5625, "f1-score": 0.72, "support": 16.0}, "micro avg": {"precision": 0.8636363636363636, "recall": 0.5277777777777778, "f1-score": 0.6551724137931034, "support": 36.0}, "macro avg": {"precision": 0.5416666666666666, "recall": 0.3735119047619048, "f1-score": 0.4283333333333334, "support": 36.0}, "weighted avg": {"precision": 0.8333333333333334, "recall": 0.5277777777777778, "f1-score": 0.6311111111111111, "support": 36.0}, "samples avg": {"precision": 0.2375, "recall": 0.21875, "f1-score": 0.225, "support": 36.0}}