{"noneconomic__age": {"precision": 0.8571428571428571, "recall": 0.9230769230769231, "f1-score": 0.8888888888888888, "support": 13.0}, "noneconomic__crime": {"precision": 1.0, "recall": 1.0, "f1-score": 1.0, "support": 5.0}, "noneconomic__ethnicity": {"precision": 0.5, "recall": 1.0, "f1-score": 0.6666666666666666, "support": 1.0}, "noneconomic__family": {"precision": 0.875, "recall": 1.0, "f1-score": 0.9333333333333333, "support": 7.0}, "noneconomic__gender_sexuality": {"precision": 1.0, "recall": 0.75, "f1-score": 0.8571428571428571, "support": 4.0}, "noneconomic__health": {"precision": 0.6666666666666666, "recall": 1.0, "f1-score": 0.8, "support": 2.0}, "noneconomic__nationality": {"precision": 0.8, "recall": 0.8888888888888888, "f1-score": 0.8421052631578947, "support": 9.0}, "noneconomic__place_location": {"precision": 0.3333333333333333, "recall": 0.5, "f1-score": 0.4, "support": 2.0}, "noneconomic__religion": {"precision": 0.0, "recall": 0.0, "f1-score": 0.0, "support": 0.0}, "noneconomic__shared_values_mentalities": {"precision": 0.7142857142857143, "recall": 0.7692307692307693, "f1-score": 0.7407407407407407, "support": 13.0}, "micro avg": {"precision": 0.7777777777777778, "recall": 0.875, "f1-score": 0.8235294117647058, "support": 56.0}, "macro avg": {"precision": 0.6746428571428571, "recall": 0.7831196581196582, "f1-score": 0.7128877749930381, "support": 56.0}, "weighted avg": {"precision": 0.8080994897959183, "recall": 0.875, "f1-score": 0.8355839996817441, "support": 56.0}, "samples avg": {"precision": 0.4980392156862745, "recall": 0.5235294117647059, "f1-score": 0.4999999999999999, "support": 56.0}}