{"noneconomic__age": {"precision": 0.7368421052631579, "recall": 1.0, "f1-score": 0.8484848484848485, "support": 14.0}, "noneconomic__crime": {"precision": 1.0, "recall": 0.16666666666666666, "f1-score": 0.2857142857142857, "support": 6.0}, "noneconomic__ethnicity": {"precision": 1.0, "recall": 1.0, "f1-score": 1.0, "support": 5.0}, "noneconomic__family": {"precision": 0.625, "recall": 0.8333333333333334, "f1-score": 0.7142857142857143, "support": 6.0}, "noneconomic__gender_sexuality": {"precision": 0.95, "recall": 0.95, "f1-score": 0.95, "support": 20.0}, "noneconomic__health": {"precision": 1.0, "recall": 0.5, "f1-score": 0.6666666666666666, "support": 2.0}, "noneconomic__nationality": {"precision": 0.7777777777777778, "recall": 0.4666666666666667, "f1-score": 0.5833333333333334, "support": 15.0}, "noneconomic__place_location": {"precision": 1.0, "recall": 0.5, "f1-score": 0.6666666666666666, "support": 4.0}, "noneconomic__religion": {"precision": 0.75, "recall": 0.75, "f1-score": 0.75, "support": 4.0}, "noneconomic__shared_values_mentalities": {"precision": 0.6428571428571429, "recall": 0.6, "f1-score": 0.6206896551724138, "support": 15.0}, "micro avg": {"precision": 0.7951807228915663, "recall": 0.7252747252747253, "f1-score": 0.7586206896551724, "support": 91.0}, "macro avg": {"precision": 0.8482477025898078, "recall": 0.6766666666666665, "f1-score": 0.7085841170323929, "support": 91.0}, "weighted avg": {"precision": 0.8173111349803078, "recall": 0.7252747252747253, "f1-score": 0.7355948649052096, "support": 91.0}, "samples avg": {"precision": 0.5229357798165137, "recall": 0.536697247706422, "f1-score": 0.5214067278287461, "support": 91.0}}