{"noneconomic__age": {"precision": 0.8666666666666667, "recall": 0.9285714285714286, "f1-score": 0.896551724137931, "support": 14.0}, "noneconomic__crime": {"precision": 0.8571428571428571, "recall": 1.0, "f1-score": 0.9230769230769231, "support": 6.0}, "noneconomic__ethnicity": {"precision": 0.625, "recall": 1.0, "f1-score": 0.7692307692307693, "support": 5.0}, "noneconomic__family": {"precision": 0.8571428571428571, "recall": 1.0, "f1-score": 0.9230769230769231, "support": 6.0}, "noneconomic__gender_sexuality": {"precision": 1.0, "recall": 0.95, "f1-score": 0.9743589743589743, "support": 20.0}, "noneconomic__health": {"precision": 0.3333333333333333, "recall": 1.0, "f1-score": 0.5, "support": 2.0}, "noneconomic__nationality": {"precision": 0.8823529411764706, "recall": 1.0, "f1-score": 0.9375, "support": 15.0}, "noneconomic__place_location": {"precision": 1.0, "recall": 0.5, "f1-score": 0.6666666666666666, "support": 4.0}, "noneconomic__religion": {"precision": 0.6666666666666666, "recall": 1.0, "f1-score": 0.8, "support": 4.0}, "noneconomic__shared_values_mentalities": {"precision": 0.6666666666666666, "recall": 0.8, "f1-score": 0.7272727272727273, "support": 15.0}, "micro avg": {"precision": 0.8, "recall": 0.9230769230769231, "f1-score": 0.8571428571428571, "support": 91.0}, "macro avg": {"precision": 0.7754971988795519, "recall": 0.917857142857143, "f1-score": 0.8117734707820915, "support": 91.0}, "weighted avg": {"precision": 0.8364030227475606, "recall": 0.9230769230769231, "f1-score": 0.8659366826807146, "support": 91.0}, "samples avg": {"precision": 0.6192660550458715, "recall": 0.658256880733945, "f1-score": 0.628352992573176, "support": 91.0}}