{"noneconomic__age": {"precision": 1.0, "recall": 1.0, "f1-score": 1.0, "support": 7.0}, "noneconomic__crime": {"precision": 0.5, "recall": 0.3333333333333333, "f1-score": 0.4, "support": 3.0}, "noneconomic__ethnicity": {"precision": 0.75, "recall": 1.0, "f1-score": 0.8571428571428571, "support": 3.0}, "noneconomic__family": {"precision": 1.0, "recall": 1.0, "f1-score": 1.0, "support": 5.0}, "noneconomic__gender_sexuality": {"precision": 1.0, "recall": 1.0, "f1-score": 1.0, "support": 10.0}, "noneconomic__health": {"precision": 0.3333333333333333, "recall": 1.0, "f1-score": 0.5, "support": 3.0}, "noneconomic__nationality": {"precision": 0.2727272727272727, "recall": 0.75, "f1-score": 0.4, "support": 4.0}, "noneconomic__place_location": {"precision": 1.0, "recall": 1.0, "f1-score": 1.0, "support": 1.0}, "noneconomic__religion": {"precision": 1.0, "recall": 1.0, "f1-score": 1.0, "support": 4.0}, "noneconomic__shared_values_mentalities": {"precision": 0.75, "recall": 0.6923076923076923, "f1-score": 0.72, "support": 13.0}, "micro avg": {"precision": 0.7076923076923077, "recall": 0.8679245283018868, "f1-score": 0.7796610169491526, "support": 53.0}, "macro avg": {"precision": 0.7606060606060605, "recall": 0.8775641025641023, "f1-score": 0.7877142857142856, "support": 53.0}, "weighted avg": {"precision": 0.8036020583190395, "recall": 0.8679245283018868, "f1-score": 0.8156873315363881, "support": 53.0}, "samples avg": {"precision": 0.45473251028806577, "recall": 0.4691358024691358, "f1-score": 0.45761316872427976, "support": 53.0}}