{"economic": {"precision": 0.8787878787878788, "recall": 0.7837837837837838, "f1-score": 0.8285714285714286, "support": 37.0}, "noneconomic": {"precision": 0.9012345679012346, "recall": 0.948051948051948, "f1-score": 0.9240506329113924, "support": 77.0}, "micro avg": {"precision": 0.8947368421052632, "recall": 0.8947368421052632, "f1-score": 0.8947368421052632, "support": 114.0}, "macro avg": {"precision": 0.8900112233445567, "recall": 0.8659178659178659, "f1-score": 0.8763110307414106, "support": 114.0}, "weighted avg": {"precision": 0.8939492389784788, "recall": 0.8947368421052632, "f1-score": 0.893061768344913, "support": 114.0}, "samples avg": {"precision": 0.8423423423423423, "recall": 0.8558558558558559, "f1-score": 0.8408408408408409, "support": 114.0}}