{"economic": {"precision": 0.8387096774193549, "recall": 0.896551724137931, "f1-score": 0.8666666666666667, "support": 29.0}, "noneconomic": {"precision": 0.9014084507042254, "recall": 0.9846153846153847, "f1-score": 0.9411764705882353, "support": 65.0}, "micro avg": {"precision": 0.8823529411764706, "recall": 0.9574468085106383, "f1-score": 0.9183673469387755, "support": 94.0}, "macro avg": {"precision": 0.8700590640617901, "recall": 0.9405835543766579, "f1-score": 0.903921568627451, "support": 94.0}, "weighted avg": {"precision": 0.8820652121376164, "recall": 0.9574468085106383, "f1-score": 0.9181894034209429, "support": 94.0}, "samples avg": {"precision": 0.8571428571428571, "recall": 0.8877551020408163, "f1-score": 0.8673469387755102, "support": 94.0}}