{"economic": {"precision": 0.7906976744186046, "recall": 0.9444444444444444, "f1-score": 0.8607594936708861, "support": 36.0}, "noneconomic": {"precision": 0.8181818181818182, "recall": 0.8, "f1-score": 0.8089887640449438, "support": 45.0}, "micro avg": {"precision": 0.8045977011494253, "recall": 0.8641975308641975, "f1-score": 0.8333333333333334, "support": 81.0}, "macro avg": {"precision": 0.8044397463002114, "recall": 0.8722222222222222, "f1-score": 0.8348741288579149, "support": 81.0}, "weighted avg": {"precision": 0.8059666431759456, "recall": 0.8641975308641975, "f1-score": 0.8319979772120293, "support": 81.0}, "samples avg": {"precision": 0.7727272727272727, "recall": 0.8116883116883117, "f1-score": 0.7792207792207791, "support": 81.0}}