{"economic__education_level": {"precision": 1.0, "recall": 0.75, "f1-score": 0.8571428571428571, "support": 4.0}, "economic__employment_status": {"precision": 1.0, "recall": 0.5, "f1-score": 0.6666666666666666, "support": 2.0}, "economic__income_wealth_economic_status": {"precision": 0.3333333333333333, "recall": 0.125, "f1-score": 0.18181818181818182, "support": 8.0}, "economic__occupation_profession": {"precision": 0.9230769230769231, "recall": 0.5, "f1-score": 0.6486486486486487, "support": 24.0}, "micro avg": {"precision": 0.85, "recall": 0.4473684210526316, "f1-score": 0.5862068965517241, "support": 38.0}, "macro avg": {"precision": 0.8141025641025641, "recall": 0.46875, "f1-score": 0.5885690885690886, "support": 38.0}, "weighted avg": {"precision": 0.8110661268556004, "recall": 0.4473684210526316, "f1-score": 0.5732636258952049, "support": 38.0}, "samples avg": {"precision": 0.14864864864864866, "recall": 0.14864864864864866, "f1-score": 0.14714714714714713, "support": 38.0}}