{"economic": {"precision": 0.8421052631578947, "recall": 0.9696969696969697, "f1-score": 0.9014084507042254, "support": 33.0}, "noneconomic": {"precision": 0.8125, "recall": 0.8125, "f1-score": 0.8125, "support": 48.0}, "micro avg": {"precision": 0.8255813953488372, "recall": 0.8765432098765432, "f1-score": 0.8502994011976048, "support": 81.0}, "macro avg": {"precision": 0.8273026315789473, "recall": 0.8910984848484849, "f1-score": 0.8569542253521127, "support": 81.0}, "weighted avg": {"precision": 0.8245614035087718, "recall": 0.8765432098765432, "f1-score": 0.8487219613980178, "support": 81.0}, "samples avg": {"precision": 0.7375, "recall": 0.80625, "f1-score": 0.7583333333333333, "support": 81.0}}