{"economic": {"precision": 0.9642857142857143, "recall": 0.7714285714285715, "f1-score": 0.8571428571428571, "support": 35.0}, "noneconomic": {"precision": 0.7846153846153846, "recall": 0.9444444444444444, "f1-score": 0.8571428571428571, "support": 54.0}, "micro avg": {"precision": 0.8387096774193549, "recall": 0.8764044943820225, "f1-score": 0.8571428571428571, "support": 89.0}, "macro avg": {"precision": 0.8744505494505495, "recall": 0.857936507936508, "f1-score": 0.8571428571428571, "support": 89.0}, "weighted avg": {"precision": 0.8552722558340535, "recall": 0.8764044943820225, "f1-score": 0.8571428571428571, "support": 89.0}, "samples avg": {"precision": 0.723404255319149, "recall": 0.7446808510638298, "f1-score": 0.7269503546099292, "support": 89.0}}