{"economic__education_level": {"precision": 1.0, "recall": 1.0, "f1-score": 1.0, "support": 5.0}, "economic__employment_status": {"precision": 0.5333333333333333, "recall": 0.6666666666666666, "f1-score": 0.5925925925925926, "support": 12.0}, "economic__income_wealth_economic_status": {"precision": 0.7272727272727273, "recall": 0.5714285714285714, "f1-score": 0.64, "support": 14.0}, "economic__occupation_profession": {"precision": 0.5454545454545454, "recall": 0.7058823529411765, "f1-score": 0.6153846153846154, "support": 17.0}, "micro avg": {"precision": 0.6226415094339622, "recall": 0.6875, "f1-score": 0.6534653465346535, "support": 48.0}, "macro avg": {"precision": 0.7015151515151515, "recall": 0.7359943977591037, "f1-score": 0.711994301994302, "support": 48.0}, "weighted avg": {"precision": 0.6428030303030302, "recall": 0.6875, "f1-score": 0.6569301994301995, "support": 48.0}, "samples avg": {"precision": 0.1984126984126984, "recall": 0.25, "f1-score": 0.2142857142857143, "support": 48.0}}