{"economic__class_membership": {"precision": 0.75, "recall": 0.6, "f1-score": 0.6666666666666666, "support": 5.0}, "economic__ecology_of_group": {"precision": 1.0, "recall": 0.6666666666666666, "f1-score": 0.8, "support": 3.0}, "economic__education_level": {"precision": 0.8333333333333334, "recall": 0.8333333333333334, "f1-score": 0.8333333333333334, "support": 6.0}, "economic__employment_status": {"precision": 0.8125, "recall": 0.7647058823529411, "f1-score": 0.7878787878787878, "support": 17.0}, "economic__income_wealth_economic_status": {"precision": 0.625, "recall": 0.8333333333333334, "f1-score": 0.7142857142857143, "support": 6.0}, "economic__occupation_profession": {"precision": 1.0, "recall": 0.47368421052631576, "f1-score": 0.6428571428571429, "support": 19.0}, "micro avg": {"precision": 0.8222222222222222, "recall": 0.6607142857142857, "f1-score": 0.7326732673267327, "support": 56.0}, "macro avg": {"precision": 0.8368055555555557, "recall": 0.6952872377020984, "f1-score": 0.740836940836941, "support": 56.0}, "weighted avg": {"precision": 0.8627232142857143, "recall": 0.6607142857142857, "f1-score": 0.7254870129870129, "support": 56.0}, "samples avg": {"precision": 0.22302158273381295, "recall": 0.23381294964028776, "f1-score": 0.22422062350119903, "support": 56.0}}