{"economic__education_level": {"precision": 0.8, "recall": 0.8, "f1-score": 0.8, "support": 5.0}, "economic__employment_status": {"precision": 0.375, "recall": 0.75, "f1-score": 0.5, "support": 4.0}, "economic__income_wealth_economic_status": {"precision": 0.7142857142857143, "recall": 0.45454545454545453, "f1-score": 0.5555555555555556, "support": 11.0}, "economic__occupation_profession": {"precision": 0.5714285714285714, "recall": 0.5, "f1-score": 0.5333333333333333, "support": 16.0}, "micro avg": {"precision": 0.5882352941176471, "recall": 0.5555555555555556, "f1-score": 0.5714285714285714, "support": 36.0}, "macro avg": {"precision": 0.6151785714285714, "recall": 0.6261363636363636, "f1-score": 0.5972222222222222, "support": 36.0}, "weighted avg": {"precision": 0.625, "recall": 0.5555555555555556, "f1-score": 0.5734567901234568, "support": 36.0}, "samples avg": {"precision": 0.21764705882352942, "recall": 0.2235294117647059, "f1-score": 0.2156862745098039, "support": 36.0}}