{"economic__education_level": {"precision": 1.0, "recall": 0.6, "f1-score": 0.75, "support": 5.0}, "economic__employment_status": {"precision": 0.6666666666666666, "recall": 1.0, "f1-score": 0.8, "support": 4.0}, "economic__income_wealth_economic_status": {"precision": 0.8181818181818182, "recall": 0.8181818181818182, "f1-score": 0.8181818181818182, "support": 11.0}, "economic__occupation_profession": {"precision": 0.8235294117647058, "recall": 0.875, "f1-score": 0.8484848484848485, "support": 16.0}, "micro avg": {"precision": 0.8108108108108109, "recall": 0.8333333333333334, "f1-score": 0.821917808219178, "support": 36.0}, "macro avg": {"precision": 0.8270944741532977, "recall": 0.8232954545454546, "f1-score": 0.8041666666666667, "support": 36.0}, "weighted avg": {"precision": 0.8289760348583877, "recall": 0.8333333333333334, "f1-score": 0.8201599326599326, "support": 36.0}, "samples avg": {"precision": 0.3352941176470588, "recall": 0.3411764705882353, "f1-score": 0.33333333333333326, "support": 36.0}}