{"noneconomic__age": {"precision": 0.5, "recall": 0.75, "f1-score": 0.6, "support": 4.0}, "noneconomic__crime": {"precision": 1.0, "recall": 0.7272727272727273, "f1-score": 0.8421052631578947, "support": 11.0}, "noneconomic__ethnicity": {"precision": 0.6, "recall": 0.75, "f1-score": 0.6666666666666666, "support": 4.0}, "noneconomic__family": {"precision": 1.0, "recall": 0.75, "f1-score": 0.8571428571428571, "support": 4.0}, "noneconomic__gender_sexuality": {"precision": 1.0, "recall": 0.9545454545454546, "f1-score": 0.9767441860465116, "support": 22.0}, "noneconomic__health": {"precision": 1.0, "recall": 0.8, "f1-score": 0.8888888888888888, "support": 5.0}, "noneconomic__nationality": {"precision": 1.0, "recall": 0.6666666666666666, "f1-score": 0.8, "support": 9.0}, "noneconomic__place_location": {"precision": 1.0, "recall": 0.3333333333333333, "f1-score": 0.5, "support": 6.0}, "noneconomic__religion": {"precision": 0.6666666666666666, "recall": 0.8, "f1-score": 0.7272727272727273, "support": 5.0}, "noneconomic__shared_values_mentalities": {"precision": 0.7142857142857143, "recall": 0.5, "f1-score": 0.5882352941176471, "support": 10.0}, "micro avg": {"precision": 0.8676470588235294, "recall": 0.7375, "f1-score": 0.7972972972972973, "support": 80.0}, "macro avg": {"precision": 0.8480952380952381, "recall": 0.7031818181818182, "f1-score": 0.7447055883293193, "support": 80.0}, "weighted avg": {"precision": 0.8984523809523809, "recall": 0.7375, "f1-score": 0.7926241138122843, "support": 80.0}, "samples avg": {"precision": 0.520618556701031, "recall": 0.5326460481099656, "f1-score": 0.5216494845360824, "support": 80.0}}