{"noneconomic__age": {"precision": 0.6, "recall": 0.75, "f1-score": 0.6666666666666666, "support": 4.0}, "noneconomic__crime": {"precision": 1.0, "recall": 0.7272727272727273, "f1-score": 0.8421052631578947, "support": 11.0}, "noneconomic__ethnicity": {"precision": 0.5, "recall": 0.75, "f1-score": 0.6, "support": 4.0}, "noneconomic__family": {"precision": 0.75, "recall": 0.75, "f1-score": 0.75, "support": 4.0}, "noneconomic__gender_sexuality": {"precision": 1.0, "recall": 0.9090909090909091, "f1-score": 0.9523809523809523, "support": 22.0}, "noneconomic__health": {"precision": 1.0, "recall": 1.0, "f1-score": 1.0, "support": 5.0}, "noneconomic__nationality": {"precision": 1.0, "recall": 0.6666666666666666, "f1-score": 0.8, "support": 9.0}, "noneconomic__place_location": {"precision": 1.0, "recall": 0.6666666666666666, "f1-score": 0.8, "support": 6.0}, "noneconomic__religion": {"precision": 0.6666666666666666, "recall": 0.8, "f1-score": 0.7272727272727273, "support": 5.0}, "noneconomic__shared_values_mentalities": {"precision": 0.8333333333333334, "recall": 0.5, "f1-score": 0.625, "support": 10.0}, "micro avg": {"precision": 0.8714285714285714, "recall": 0.7625, "f1-score": 0.8133333333333334, "support": 80.0}, "macro avg": {"precision": 0.835, "recall": 0.751969696969697, "f1-score": 0.7763425609478241, "support": 80.0}, "weighted avg": {"precision": 0.9008333333333333, "recall": 0.7625, "f1-score": 0.8146071143768513, "support": 80.0}, "samples avg": {"precision": 0.5240549828178693, "recall": 0.5378006872852233, "f1-score": 0.5268041237113401, "support": 80.0}}