{"economic__education_level": {"precision": 1.0, "recall": 0.75, "f1-score": 0.8571428571428571, "support": 4.0}, "economic__employment_status": {"precision": 0.4, "recall": 1.0, "f1-score": 0.5714285714285714, "support": 2.0}, "economic__income_wealth_economic_status": {"precision": 0.5, "recall": 0.375, "f1-score": 0.42857142857142855, "support": 8.0}, "economic__occupation_profession": {"precision": 0.8571428571428571, "recall": 0.5, "f1-score": 0.631578947368421, "support": 24.0}, "micro avg": {"precision": 0.7142857142857143, "recall": 0.5263157894736842, "f1-score": 0.6060606060606061, "support": 38.0}, "macro avg": {"precision": 0.6892857142857143, "recall": 0.65625, "f1-score": 0.6221804511278195, "support": 38.0}, "weighted avg": {"precision": 0.7729323308270676, "recall": 0.5263157894736842, "f1-score": 0.6094182825484764, "support": 38.0}, "samples avg": {"precision": 0.16216216216216217, "recall": 0.17567567567567569, "f1-score": 0.16666666666666666, "support": 38.0}}