{"noneconomic__age": {"precision": 0.8571428571428571, "recall": 0.8571428571428571, "f1-score": 0.8571428571428571, "support": 14.0}, "noneconomic__crime": {"precision": 0.5, "recall": 0.16666666666666666, "f1-score": 0.25, "support": 6.0}, "noneconomic__ethnicity": {"precision": 0.8333333333333334, "recall": 1.0, "f1-score": 0.9090909090909091, "support": 5.0}, "noneconomic__family": {"precision": 0.75, "recall": 1.0, "f1-score": 0.8571428571428571, "support": 6.0}, "noneconomic__gender_sexuality": {"precision": 1.0, "recall": 0.95, "f1-score": 0.9743589743589743, "support": 20.0}, "noneconomic__health": {"precision": 1.0, "recall": 0.5, "f1-score": 0.6666666666666666, "support": 2.0}, "noneconomic__nationality": {"precision": 0.9230769230769231, "recall": 0.8, "f1-score": 0.8571428571428571, "support": 15.0}, "noneconomic__place_location": {"precision": 0.5, "recall": 0.25, "f1-score": 0.3333333333333333, "support": 4.0}, "noneconomic__religion": {"precision": 0.8, "recall": 1.0, "f1-score": 0.8888888888888888, "support": 4.0}, "noneconomic__shared_values_mentalities": {"precision": 0.5882352941176471, "recall": 0.6666666666666666, "f1-score": 0.625, "support": 15.0}, "micro avg": {"precision": 0.8160919540229885, "recall": 0.7802197802197802, "f1-score": 0.797752808988764, "support": 91.0}, "macro avg": {"precision": 0.7751788407670761, "recall": 0.719047619047619, "f1-score": 0.7218767343767343, "support": 91.0}, "weighted avg": {"precision": 0.8080917574130244, "recall": 0.7802197802197802, "f1-score": 0.7816467720313873, "support": 91.0}, "samples avg": {"precision": 0.5535168195718655, "recall": 0.5619266055045872, "f1-score": 0.5457841852337265, "support": 91.0}}