{"economic__education_level": {"precision": 0.75, "recall": 0.75, "f1-score": 0.75, "support": 4.0}, "economic__employment_status": {"precision": 0.6666666666666666, "recall": 1.0, "f1-score": 0.8, "support": 2.0}, "economic__income_wealth_economic_status": {"precision": 0.6, "recall": 0.375, "f1-score": 0.46153846153846156, "support": 8.0}, "economic__occupation_profession": {"precision": 0.8823529411764706, "recall": 0.625, "f1-score": 0.7317073170731707, "support": 24.0}, "micro avg": {"precision": 0.7931034482758621, "recall": 0.6052631578947368, "f1-score": 0.6865671641791045, "support": 38.0}, "macro avg": {"precision": 0.7247549019607843, "recall": 0.6875, "f1-score": 0.685811444652908, "support": 38.0}, "weighted avg": {"precision": 0.7976264189886481, "recall": 0.6052631578947368, "f1-score": 0.680349560580626, "support": 38.0}, "samples avg": {"precision": 0.2072072072072072, "recall": 0.20270270270270271, "f1-score": 0.20420420420420418, "support": 38.0}}