{"noneconomic__age": {"precision": 0.8333333333333334, "recall": 0.7692307692307693, "f1-score": 0.8, "support": 13.0}, "noneconomic__crime": {"precision": 1.0, "recall": 1.0, "f1-score": 1.0, "support": 5.0}, "noneconomic__ethnicity": {"precision": 0.0, "recall": 0.0, "f1-score": 0.0, "support": 1.0}, "noneconomic__family": {"precision": 0.7, "recall": 1.0, "f1-score": 0.8235294117647058, "support": 7.0}, "noneconomic__gender_sexuality": {"precision": 0.75, "recall": 0.75, "f1-score": 0.75, "support": 4.0}, "noneconomic__health": {"precision": 0.5, "recall": 0.5, "f1-score": 0.5, "support": 2.0}, "noneconomic__nationality": {"precision": 0.6, "recall": 0.6666666666666666, "f1-score": 0.631578947368421, "support": 9.0}, "noneconomic__place_location": {"precision": 0.0, "recall": 0.0, "f1-score": 0.0, "support": 2.0}, "noneconomic__religion": {"precision": 0.0, "recall": 0.0, "f1-score": 0.0, "support": 0.0}, "noneconomic__shared_values_mentalities": {"precision": 1.0, "recall": 0.5384615384615384, "f1-score": 0.7, "support": 13.0}, "micro avg": {"precision": 0.7222222222222222, "recall": 0.6964285714285714, "f1-score": 0.7090909090909091, "support": 56.0}, "macro avg": {"precision": 0.5383333333333333, "recall": 0.5224358974358975, "f1-score": 0.5205108359133127, "support": 56.0}, "weighted avg": {"precision": 0.7702380952380953, "recall": 0.6964285714285714, "f1-score": 0.7133735072976559, "support": 56.0}, "samples avg": {"precision": 0.4411764705882353, "recall": 0.42156862745098034, "f1-score": 0.42549019607843136, "support": 56.0}}