{"economic__class_membership": {"precision": 0.0, "recall": 0.0, "f1-score": 0.0, "support": 0.0}, "economic__ecology_of_group": {"precision": 0.0, "recall": 0.0, "f1-score": 0.0, "support": 2.0}, "economic__education_level": {"precision": 0.6666666666666666, "recall": 0.6666666666666666, "f1-score": 0.6666666666666666, "support": 3.0}, "economic__employment_status": {"precision": 1.0, "recall": 0.4, "f1-score": 0.5714285714285714, "support": 5.0}, "economic__income_wealth_economic_status": {"precision": 0.8, "recall": 0.6666666666666666, "f1-score": 0.7272727272727273, "support": 6.0}, "economic__occupation_profession": {"precision": 0.8235294117647058, "recall": 0.875, "f1-score": 0.8484848484848485, "support": 16.0}, "micro avg": {"precision": 0.7857142857142857, "recall": 0.6875, "f1-score": 0.7333333333333333, "support": 32.0}, "macro avg": {"precision": 0.5483660130718954, "recall": 0.43472222222222223, "f1-score": 0.468975468975469, "support": 32.0}, "weighted avg": {"precision": 0.7805147058823529, "recall": 0.6875, "f1-score": 0.712391774891775, "support": 32.0}, "samples avg": {"precision": 0.21649484536082475, "recall": 0.22164948453608246, "f1-score": 0.21649484536082475, "support": 32.0}}