{"economic": {"precision": 0.8, "recall": 0.9032258064516129, "f1-score": 0.8484848484848485, "support": 31.0}, "noneconomic": {"precision": 0.9104477611940298, "recall": 0.8840579710144928, "f1-score": 0.8970588235294118, "support": 69.0}, "micro avg": {"precision": 0.8725490196078431, "recall": 0.89, "f1-score": 0.8811881188118812, "support": 100.0}, "macro avg": {"precision": 0.8552238805970149, "recall": 0.8936418887330528, "f1-score": 0.8727718360071302, "support": 100.0}, "weighted avg": {"precision": 0.8762089552238805, "recall": 0.89, "f1-score": 0.8820008912655972, "support": 100.0}, "samples avg": {"precision": 0.8865979381443299, "recall": 0.8762886597938144, "f1-score": 0.8728522336769758, "support": 100.0}}