{"economic": {"precision": 0.66, "recall": 0.9166666666666666, "f1-score": 0.7674418604651163, "support": 36.0}, "noneconomic": {"precision": 0.76, "recall": 0.8444444444444444, "f1-score": 0.8, "support": 45.0}, "micro avg": {"precision": 0.71, "recall": 0.8765432098765432, "f1-score": 0.7845303867403315, "support": 81.0}, "macro avg": {"precision": 0.71, "recall": 0.8805555555555555, "f1-score": 0.7837209302325582, "support": 81.0}, "weighted avg": {"precision": 0.7155555555555556, "recall": 0.8765432098765432, "f1-score": 0.7855297157622739, "support": 81.0}, "samples avg": {"precision": 0.7467532467532467, "recall": 0.8181818181818182, "f1-score": 0.7662337662337663, "support": 81.0}}