{"economic__education_level": {"precision": 1.0, "recall": 0.25, "f1-score": 0.4, "support": 4.0}, "economic__employment_status": {"precision": 0.2, "recall": 0.5, "f1-score": 0.2857142857142857, "support": 2.0}, "economic__income_wealth_economic_status": {"precision": 0.6666666666666666, "recall": 0.5714285714285714, "f1-score": 0.6153846153846154, "support": 7.0}, "economic__occupation_profession": {"precision": 0.8571428571428571, "recall": 0.5217391304347826, "f1-score": 0.6486486486486487, "support": 23.0}, "micro avg": {"precision": 0.6923076923076923, "recall": 0.5, "f1-score": 0.5806451612903226, "support": 36.0}, "macro avg": {"precision": 0.680952380952381, "recall": 0.46079192546583847, "f1-score": 0.48743688743688746, "support": 36.0}, "weighted avg": {"precision": 0.7994708994708994, "recall": 0.5, "f1-score": 0.5943899943899944, "support": 36.0}, "samples avg": {"precision": 0.17553191489361702, "recall": 0.18085106382978725, "f1-score": 0.17730496453900707, "support": 36.0}}