{"economic": {"precision": 1.0, "recall": 0.7352941176470589, "f1-score": 0.847457627118644, "support": 34.0}, "noneconomic": {"precision": 0.78, "recall": 0.8863636363636364, "f1-score": 0.8297872340425532, "support": 44.0}, "micro avg": {"precision": 0.8533333333333334, "recall": 0.8205128205128205, "f1-score": 0.8366013071895425, "support": 78.0}, "macro avg": {"precision": 0.89, "recall": 0.8108288770053476, "f1-score": 0.8386224305805986, "support": 78.0}, "weighted avg": {"precision": 0.8758974358974358, "recall": 0.8205128205128205, "f1-score": 0.8374897130757211, "support": 78.0}, "samples avg": {"precision": 0.7592592592592593, "recall": 0.7407407407407407, "f1-score": 0.7407407407407407, "support": 78.0}}