{"economic": {"precision": 0.8, "recall": 0.9032258064516129, "f1-score": 0.8484848484848485, "support": 31.0}, "noneconomic": {"precision": 0.8840579710144928, "recall": 0.8840579710144928, "f1-score": 0.8840579710144928, "support": 69.0}, "micro avg": {"precision": 0.8557692307692307, "recall": 0.89, "f1-score": 0.8725490196078431, "support": 100.0}, "macro avg": {"precision": 0.8420289855072465, "recall": 0.8936418887330528, "f1-score": 0.8662714097496707, "support": 100.0}, "weighted avg": {"precision": 0.858, "recall": 0.89, "f1-score": 0.8730303030303032, "support": 100.0}, "samples avg": {"precision": 0.8711340206185567, "recall": 0.8762886597938144, "f1-score": 0.8625429553264604, "support": 100.0}}