{"economic": {"precision": 0.7647058823529411, "recall": 0.896551724137931, "f1-score": 0.8253968253968254, "support": 29.0}, "noneconomic": {"precision": 0.8305084745762712, "recall": 0.7538461538461538, "f1-score": 0.7903225806451613, "support": 65.0}, "micro avg": {"precision": 0.8064516129032258, "recall": 0.7978723404255319, "f1-score": 0.8021390374331551, "support": 94.0}, "macro avg": {"precision": 0.7976071784646062, "recall": 0.8251989389920424, "f1-score": 0.8078597030209933, "support": 94.0}, "weighted avg": {"precision": 0.8102076748477971, "recall": 0.7978723404255319, "f1-score": 0.8011433582813129, "support": 94.0}, "samples avg": {"precision": 0.7295918367346939, "recall": 0.75, "f1-score": 0.7312925170068028, "support": 94.0}}