{"economic": {"precision": 0.7428571428571429, "recall": 0.7428571428571429, "f1-score": 0.7428571428571429, "support": 35.0}, "noneconomic": {"precision": 0.8125, "recall": 0.9629629629629629, "f1-score": 0.8813559322033898, "support": 54.0}, "micro avg": {"precision": 0.7878787878787878, "recall": 0.8764044943820225, "f1-score": 0.8297872340425532, "support": 89.0}, "macro avg": {"precision": 0.7776785714285714, "recall": 0.8529100529100528, "f1-score": 0.8121065375302663, "support": 89.0}, "weighted avg": {"precision": 0.7851123595505618, "recall": 0.8764044943820225, "f1-score": 0.826890116168349, "support": 89.0}, "samples avg": {"precision": 0.7393617021276596, "recall": 0.7659574468085106, "f1-score": 0.7375886524822695, "support": 89.0}}