{"economic": {"precision": 0.9166666666666666, "recall": 0.9166666666666666, "f1-score": 0.9166666666666666, "support": 36.0}, "noneconomic": {"precision": 0.78, "recall": 0.8666666666666667, "f1-score": 0.8210526315789474, "support": 45.0}, "micro avg": {"precision": 0.8372093023255814, "recall": 0.8888888888888888, "f1-score": 0.8622754491017964, "support": 81.0}, "macro avg": {"precision": 0.8483333333333334, "recall": 0.8916666666666666, "f1-score": 0.868859649122807, "support": 81.0}, "weighted avg": {"precision": 0.8407407407407407, "recall": 0.8888888888888888, "f1-score": 0.8635477582846004, "support": 81.0}, "samples avg": {"precision": 0.7987012987012987, "recall": 0.8376623376623377, "f1-score": 0.8051948051948052, "support": 81.0}}