{"economic": {"precision": 0.7804878048780488, "recall": 0.9696969696969697, "f1-score": 0.8648648648648649, "support": 33.0}, "noneconomic": {"precision": 0.8775510204081632, "recall": 0.8958333333333334, "f1-score": 0.8865979381443299, "support": 48.0}, "micro avg": {"precision": 0.8333333333333334, "recall": 0.9259259259259259, "f1-score": 0.8771929824561403, "support": 81.0}, "macro avg": {"precision": 0.8290194126431061, "recall": 0.9327651515151516, "f1-score": 0.8757314015045974, "support": 81.0}, "weighted avg": {"precision": 0.8380067474144128, "recall": 0.9259259259259259, "f1-score": 0.8777437231045478, "support": 81.0}, "samples avg": {"precision": 0.8, "recall": 0.8625, "f1-score": 0.8166666666666667, "support": 81.0}}