{"noneconomic__age": {"precision": 0.9333333333333333, "recall": 1.0, "f1-score": 0.9655172413793104, "support": 14.0}, "noneconomic__crime": {"precision": 1.0, "recall": 0.8333333333333334, "f1-score": 0.9090909090909091, "support": 6.0}, "noneconomic__ethnicity": {"precision": 0.8333333333333334, "recall": 1.0, "f1-score": 0.9090909090909091, "support": 5.0}, "noneconomic__family": {"precision": 0.8571428571428571, "recall": 1.0, "f1-score": 0.9230769230769231, "support": 6.0}, "noneconomic__gender_sexuality": {"precision": 1.0, "recall": 1.0, "f1-score": 1.0, "support": 20.0}, "noneconomic__health": {"precision": 0.6666666666666666, "recall": 1.0, "f1-score": 0.8, "support": 2.0}, "noneconomic__nationality": {"precision": 0.8125, "recall": 0.8666666666666667, "f1-score": 0.8387096774193549, "support": 15.0}, "noneconomic__place_location": {"precision": 0.75, "recall": 0.75, "f1-score": 0.75, "support": 4.0}, "noneconomic__religion": {"precision": 0.8, "recall": 1.0, "f1-score": 0.8888888888888888, "support": 4.0}, "noneconomic__shared_values_mentalities": {"precision": 0.7333333333333333, "recall": 0.7333333333333333, "f1-score": 0.7333333333333333, "support": 15.0}, "micro avg": {"precision": 0.8645833333333334, "recall": 0.9120879120879121, "f1-score": 0.8877005347593583, "support": 91.0}, "macro avg": {"precision": 0.8386309523809523, "recall": 0.9183333333333332, "f1-score": 0.8717707882279628, "support": 91.0}, "weighted avg": {"precision": 0.8691980638409209, "recall": 0.9120879120879121, "f1-score": 0.8878231168639316, "support": 91.0}, "samples avg": {"precision": 0.6345565749235474, "recall": 0.6536697247706422, "f1-score": 0.635998252512014, "support": 91.0}}