{"noneconomic__age": {"precision": 1.0, "recall": 0.8, "f1-score": 0.8888888888888888, "support": 5.0}, "noneconomic__crime": {"precision": 1.0, "recall": 1.0, "f1-score": 1.0, "support": 1.0}, "noneconomic__ethnicity": {"precision": 0.6666666666666666, "recall": 1.0, "f1-score": 0.8, "support": 2.0}, "noneconomic__family": {"precision": 1.0, "recall": 1.0, "f1-score": 1.0, "support": 1.0}, "noneconomic__gender_sexuality": {"precision": 1.0, "recall": 0.6666666666666666, "f1-score": 0.8, "support": 3.0}, "noneconomic__health": {"precision": 1.0, "recall": 0.25, "f1-score": 0.4, "support": 4.0}, "noneconomic__nationality": {"precision": 0.9166666666666666, "recall": 0.7333333333333333, "f1-score": 0.8148148148148148, "support": 15.0}, "noneconomic__place_location": {"precision": 1.0, "recall": 0.3333333333333333, "f1-score": 0.5, "support": 6.0}, "noneconomic__religion": {"precision": 1.0, "recall": 0.6666666666666666, "f1-score": 0.8, "support": 3.0}, "noneconomic__shared_values_mentalities": {"precision": 0.7272727272727273, "recall": 0.47058823529411764, "f1-score": 0.5714285714285714, "support": 17.0}, "micro avg": {"precision": 0.8717948717948718, "recall": 0.5964912280701754, "f1-score": 0.7083333333333334, "support": 57.0}, "macro avg": {"precision": 0.9310606060606059, "recall": 0.6920588235294118, "f1-score": 0.7575132275132275, "support": 57.0}, "weighted avg": {"precision": 0.8850345560871875, "recall": 0.5964912280701754, "f1-score": 0.6908939014202172, "support": 57.0}, "samples avg": {"precision": 0.3982683982683982, "recall": 0.36688311688311687, "f1-score": 0.3753246753246753, "support": 57.0}}