{"economic__class_membership": {"precision": 0.0, "recall": 0.0, "f1-score": 0.0, "support": 0.0}, "economic__ecology_of_group": {"precision": 0.125, "recall": 0.5, "f1-score": 0.2, "support": 2.0}, "economic__education_level": {"precision": 1.0, "recall": 1.0, "f1-score": 1.0, "support": 3.0}, "economic__employment_status": {"precision": 0.8, "recall": 0.8, "f1-score": 0.8, "support": 5.0}, "economic__income_wealth_economic_status": {"precision": 1.0, "recall": 0.6666666666666666, "f1-score": 0.8, "support": 6.0}, "economic__occupation_profession": {"precision": 0.7, "recall": 0.875, "f1-score": 0.7777777777777778, "support": 16.0}, "micro avg": {"precision": 0.6190476190476191, "recall": 0.8125, "f1-score": 0.7027027027027027, "support": 32.0}, "macro avg": {"precision": 0.6041666666666666, "recall": 0.6402777777777777, "f1-score": 0.5962962962962962, "support": 32.0}, "weighted avg": {"precision": 0.7640625, "recall": 0.8125, "f1-score": 0.7701388888888889, "support": 32.0}, "samples avg": {"precision": 0.22164948453608246, "recall": 0.26288659793814434, "f1-score": 0.23367697594501718, "support": 32.0}}