{"noneconomic__age": {"precision": 0.8, "recall": 0.8, "f1-score": 0.8, "support": 5.0}, "noneconomic__crime": {"precision": 1.0, "recall": 1.0, "f1-score": 1.0, "support": 1.0}, "noneconomic__ethnicity": {"precision": 0.6666666666666666, "recall": 1.0, "f1-score": 0.8, "support": 2.0}, "noneconomic__family": {"precision": 0.25, "recall": 1.0, "f1-score": 0.4, "support": 1.0}, "noneconomic__gender_sexuality": {"precision": 1.0, "recall": 0.6666666666666666, "f1-score": 0.8, "support": 3.0}, "noneconomic__health": {"precision": 1.0, "recall": 0.25, "f1-score": 0.4, "support": 4.0}, "noneconomic__nationality": {"precision": 0.9166666666666666, "recall": 0.7333333333333333, "f1-score": 0.8148148148148148, "support": 15.0}, "noneconomic__place_location": {"precision": 1.0, "recall": 0.3333333333333333, "f1-score": 0.5, "support": 6.0}, "noneconomic__religion": {"precision": 1.0, "recall": 0.6666666666666666, "f1-score": 0.8, "support": 3.0}, "noneconomic__shared_values_mentalities": {"precision": 0.7692307692307693, "recall": 0.5882352941176471, "f1-score": 0.6666666666666666, "support": 17.0}, "micro avg": {"precision": 0.8, "recall": 0.631578947368421, "f1-score": 0.7058823529411765, "support": 57.0}, "macro avg": {"precision": 0.8402564102564103, "recall": 0.7038235294117647, "f1-score": 0.6981481481481482, "support": 57.0}, "weighted avg": {"precision": 0.866846603688709, "recall": 0.631578947368421, "f1-score": 0.7009746588693956, "support": 57.0}, "samples avg": {"precision": 0.3917748917748917, "recall": 0.37337662337662336, "f1-score": 0.3747680890538033, "support": 57.0}}