{"economic": {"precision": 0.7, "recall": 0.8235294117647058, "f1-score": 0.7567567567567568, "support": 34.0}, "noneconomic": {"precision": 0.7090909090909091, "recall": 0.8863636363636364, "f1-score": 0.7878787878787878, "support": 44.0}, "micro avg": {"precision": 0.7052631578947368, "recall": 0.8589743589743589, "f1-score": 0.7745664739884393, "support": 78.0}, "macro avg": {"precision": 0.7045454545454546, "recall": 0.8549465240641712, "f1-score": 0.7723177723177723, "support": 78.0}, "weighted avg": {"precision": 0.7051282051282052, "recall": 0.8589743589743589, "f1-score": 0.7743127743127743, "support": 78.0}, "samples avg": {"precision": 0.6790123456790124, "recall": 0.7530864197530864, "f1-score": 0.6995884773662551, "support": 78.0}}