{"economic": {"precision": 0.7741935483870968, "recall": 0.7058823529411765, "f1-score": 0.7384615384615385, "support": 34.0}, "noneconomic": {"precision": 0.7592592592592593, "recall": 0.82, "f1-score": 0.7884615384615384, "support": 50.0}, "micro avg": {"precision": 0.7647058823529411, "recall": 0.7738095238095238, "f1-score": 0.7692307692307693, "support": 84.0}, "macro avg": {"precision": 0.766726403823178, "recall": 0.7629411764705882, "f1-score": 0.7634615384615384, "support": 84.0}, "weighted avg": {"precision": 0.7653040905729076, "recall": 0.7738095238095238, "f1-score": 0.7682234432234433, "support": 84.0}, "samples avg": {"precision": 0.7294117647058823, "recall": 0.7411764705882353, "f1-score": 0.7254901960784315, "support": 84.0}}