{"economic__education_level": {"precision": 1.0, "recall": 0.75, "f1-score": 0.8571428571428571, "support": 4.0}, "economic__employment_status": {"precision": 0.6666666666666666, "recall": 1.0, "f1-score": 0.8, "support": 2.0}, "economic__income_wealth_economic_status": {"precision": 0.6666666666666666, "recall": 0.2857142857142857, "f1-score": 0.4, "support": 7.0}, "economic__occupation_profession": {"precision": 0.9411764705882353, "recall": 0.6956521739130435, "f1-score": 0.8, "support": 23.0}, "micro avg": {"precision": 0.8846153846153846, "recall": 0.6388888888888888, "f1-score": 0.7419354838709677, "support": 36.0}, "macro avg": {"precision": 0.8186274509803921, "recall": 0.6828416149068323, "f1-score": 0.7142857142857142, "support": 36.0}, "weighted avg": {"precision": 0.8790849673202614, "recall": 0.6388888888888888, "f1-score": 0.7285714285714286, "support": 36.0}, "samples avg": {"precision": 0.2393617021276596, "recall": 0.2393617021276596, "f1-score": 0.23758865248226949, "support": 36.0}}