{"economic__class_membership": {"precision": 0.0, "recall": 0.0, "f1-score": 0.0, "support": 5.0}, "economic__ecology_of_group": {"precision": 0.6666666666666666, "recall": 0.6666666666666666, "f1-score": 0.6666666666666666, "support": 3.0}, "economic__education_level": {"precision": 1.0, "recall": 1.0, "f1-score": 1.0, "support": 3.0}, "economic__employment_status": {"precision": 0.7142857142857143, "recall": 1.0, "f1-score": 0.8333333333333334, "support": 5.0}, "economic__income_wealth_economic_status": {"precision": 0.9, "recall": 0.9, "f1-score": 0.9, "support": 10.0}, "economic__occupation_profession": {"precision": 1.0, "recall": 0.5833333333333334, "f1-score": 0.7368421052631579, "support": 12.0}, "micro avg": {"precision": 0.8387096774193549, "recall": 0.6842105263157895, "f1-score": 0.7536231884057971, "support": 38.0}, "macro avg": {"precision": 0.7134920634920635, "recall": 0.6916666666666665, "f1-score": 0.6894736842105263, "support": 38.0}, "weighted avg": {"precision": 0.7781954887218044, "recall": 0.6842105263157895, "f1-score": 0.7107571560480148, "support": 38.0}, "samples avg": {"precision": 0.27572016460905346, "recall": 0.2839506172839506, "f1-score": 0.2736625514403292, "support": 38.0}}