{"economic__education_level": {"precision": 0.5, "recall": 1.0, "f1-score": 0.6666666666666666, "support": 1.0}, "economic__employment_status": {"precision": 0.7777777777777778, "recall": 0.7777777777777778, "f1-score": 0.7777777777777778, "support": 9.0}, "economic__income_wealth_economic_status": {"precision": 1.0, "recall": 0.4, "f1-score": 0.5714285714285714, "support": 15.0}, "economic__occupation_profession": {"precision": 0.75, "recall": 0.42857142857142855, "f1-score": 0.5454545454545454, "support": 7.0}, "micro avg": {"precision": 0.8095238095238095, "recall": 0.53125, "f1-score": 0.6415094339622641, "support": 32.0}, "macro avg": {"precision": 0.7569444444444444, "recall": 0.6515873015873015, "f1-score": 0.6403318903318903, "support": 32.0}, "weighted avg": {"precision": 0.8671875, "recall": 0.53125, "f1-score": 0.6267586580086579, "support": 32.0}, "samples avg": {"precision": 0.15137614678899083, "recall": 0.15137614678899083, "f1-score": 0.14984709480122324, "support": 32.0}}