{"economic": {"precision": 0.7368421052631579, "recall": 0.8235294117647058, "f1-score": 0.7777777777777778, "support": 34.0}, "noneconomic": {"precision": 0.7547169811320755, "recall": 0.9090909090909091, "f1-score": 0.8247422680412371, "support": 44.0}, "micro avg": {"precision": 0.7472527472527473, "recall": 0.8717948717948718, "f1-score": 0.8047337278106509, "support": 78.0}, "macro avg": {"precision": 0.7457795431976166, "recall": 0.8663101604278074, "f1-score": 0.8012600229095075, "support": 78.0}, "weighted avg": {"precision": 0.7469253685738294, "recall": 0.8717948717948718, "f1-score": 0.804270567157165, "support": 78.0}, "samples avg": {"precision": 0.7160493827160493, "recall": 0.7654320987654321, "f1-score": 0.7283950617283951, "support": 78.0}}