{"economic": {"precision": 0.5813953488372093, "recall": 0.8064516129032258, "f1-score": 0.6756756756756757, "support": 31.0}, "noneconomic": {"precision": 0.8961038961038961, "recall": 0.8961038961038961, "f1-score": 0.8961038961038961, "support": 77.0}, "micro avg": {"precision": 0.7833333333333333, "recall": 0.8703703703703703, "f1-score": 0.8245614035087719, "support": 108.0}, "macro avg": {"precision": 0.7387496224705528, "recall": 0.8512777545035609, "f1-score": 0.7858897858897859, "support": 108.0}, "weighted avg": {"precision": 0.8057708871662359, "recall": 0.8703703703703703, "f1-score": 0.8328328328328327, "support": 108.0}, "samples avg": {"precision": 0.7752293577981652, "recall": 0.8348623853211009, "f1-score": 0.7889908256880734, "support": 108.0}}