{"economic": {"precision": 0.8709677419354839, "recall": 0.8709677419354839, "f1-score": 0.8709677419354839, "support": 31.0}, "noneconomic": {"precision": 0.8831168831168831, "recall": 0.9855072463768116, "f1-score": 0.9315068493150684, "support": 69.0}, "micro avg": {"precision": 0.8796296296296297, "recall": 0.95, "f1-score": 0.9134615384615384, "support": 100.0}, "macro avg": {"precision": 0.8770423125261835, "recall": 0.9282374941561478, "f1-score": 0.9012372956252761, "support": 100.0}, "weighted avg": {"precision": 0.8793506493506493, "recall": 0.95, "f1-score": 0.9127397260273972, "support": 100.0}, "samples avg": {"precision": 0.8917525773195877, "recall": 0.9226804123711341, "f1-score": 0.8969072164948454, "support": 100.0}}