{"economic__education_level": {"precision": 1.0, "recall": 0.25, "f1-score": 0.4, "support": 4.0}, "economic__employment_status": {"precision": 0.6666666666666666, "recall": 1.0, "f1-score": 0.8, "support": 2.0}, "economic__income_wealth_economic_status": {"precision": 0.5, "recall": 0.2857142857142857, "f1-score": 0.36363636363636365, "support": 7.0}, "economic__occupation_profession": {"precision": 0.75, "recall": 0.2608695652173913, "f1-score": 0.3870967741935484, "support": 23.0}, "micro avg": {"precision": 0.6875, "recall": 0.3055555555555556, "f1-score": 0.4230769230769231, "support": 36.0}, "macro avg": {"precision": 0.7291666666666666, "recall": 0.44914596273291924, "f1-score": 0.4876832844574781, "support": 36.0}, "weighted avg": {"precision": 0.724537037037037, "recall": 0.3055555555555556, "f1-score": 0.4069077875529488, "support": 36.0}, "samples avg": {"precision": 0.10638297872340426, "recall": 0.11170212765957446, "f1-score": 0.10638297872340424, "support": 36.0}}