{"economic__class_membership": {"precision": 0.0, "recall": 0.0, "f1-score": 0.0, "support": 0.0}, "economic__ecology_of_group": {"precision": 0.0, "recall": 0.0, "f1-score": 0.0, "support": 3.0}, "economic__education_level": {"precision": 0.8, "recall": 0.6666666666666666, "f1-score": 0.7272727272727273, "support": 6.0}, "economic__employment_status": {"precision": 0.8, "recall": 1.0, "f1-score": 0.8888888888888888, "support": 4.0}, "economic__income_wealth_economic_status": {"precision": 0.5, "recall": 0.5714285714285714, "f1-score": 0.5333333333333333, "support": 7.0}, "economic__occupation_profession": {"precision": 0.75, "recall": 0.1875, "f1-score": 0.3, "support": 16.0}, "micro avg": {"precision": 0.5769230769230769, "recall": 0.4166666666666667, "f1-score": 0.4838709677419355, "support": 36.0}, "macro avg": {"precision": 0.47500000000000003, "recall": 0.404265873015873, "f1-score": 0.40824915824915825, "support": 36.0}, "weighted avg": {"precision": 0.6527777777777778, "recall": 0.4166666666666667, "f1-score": 0.4570145903479237, "support": 36.0}, "samples avg": {"precision": 0.18125, "recall": 0.18125, "f1-score": 0.17916666666666664, "support": 36.0}}