{"economic": {"precision": 0.7419354838709677, "recall": 0.6216216216216216, "f1-score": 0.6764705882352942, "support": 37.0}, "noneconomic": {"precision": 0.8292682926829268, "recall": 0.8831168831168831, "f1-score": 0.8553459119496856, "support": 77.0}, "micro avg": {"precision": 0.8053097345132744, "recall": 0.7982456140350878, "f1-score": 0.801762114537445, "support": 114.0}, "macro avg": {"precision": 0.7856018882769473, "recall": 0.7523692523692523, "f1-score": 0.7659082500924899, "support": 114.0}, "weighted avg": {"precision": 0.8009234336825543, "recall": 0.7982456140350878, "f1-score": 0.7972898858318568, "support": 114.0}, "samples avg": {"precision": 0.7792792792792793, "recall": 0.7792792792792793, "f1-score": 0.7657657657657659, "support": 114.0}}