{"economic__education_level": {"precision": 1.0, "recall": 1.0, "f1-score": 1.0, "support": 1.0}, "economic__employment_status": {"precision": 0.6666666666666666, "recall": 0.8888888888888888, "f1-score": 0.7619047619047619, "support": 9.0}, "economic__income_wealth_economic_status": {"precision": 1.0, "recall": 0.4, "f1-score": 0.5714285714285714, "support": 15.0}, "economic__occupation_profession": {"precision": 0.5714285714285714, "recall": 0.5714285714285714, "f1-score": 0.5714285714285714, "support": 7.0}, "micro avg": {"precision": 0.7307692307692307, "recall": 0.59375, "f1-score": 0.6551724137931034, "support": 32.0}, "macro avg": {"precision": 0.8095238095238095, "recall": 0.715079365079365, "f1-score": 0.726190476190476, "support": 32.0}, "weighted avg": {"precision": 0.8125, "recall": 0.59375, "f1-score": 0.6383928571428571, "support": 32.0}, "samples avg": {"precision": 0.16972477064220184, "recall": 0.16972477064220184, "f1-score": 0.16819571865443425, "support": 32.0}}