{"economic__class_membership": {"precision": 0.0, "recall": 0.0, "f1-score": 0.0, "support": 5.0}, "economic__ecology_of_group": {"precision": 0.5, "recall": 0.6666666666666666, "f1-score": 0.5714285714285714, "support": 3.0}, "economic__education_level": {"precision": 1.0, "recall": 0.6666666666666666, "f1-score": 0.8, "support": 3.0}, "economic__employment_status": {"precision": 0.7142857142857143, "recall": 1.0, "f1-score": 0.8333333333333334, "support": 5.0}, "economic__income_wealth_economic_status": {"precision": 1.0, "recall": 0.5, "f1-score": 0.6666666666666666, "support": 10.0}, "economic__occupation_profession": {"precision": 0.7777777777777778, "recall": 0.5833333333333334, "f1-score": 0.6666666666666666, "support": 12.0}, "micro avg": {"precision": 0.7777777777777778, "recall": 0.5526315789473685, "f1-score": 0.6461538461538462, "support": 38.0}, "macro avg": {"precision": 0.6653439153439153, "recall": 0.5694444444444444, "f1-score": 0.5896825396825397, "support": 38.0}, "weighted avg": {"precision": 0.7211779448621554, "recall": 0.5526315789473685, "f1-score": 0.6038847117794487, "support": 38.0}, "samples avg": {"precision": 0.21604938271604937, "recall": 0.2222222222222222, "f1-score": 0.2139917695473251, "support": 38.0}}