{"economic": {"precision": 0.967741935483871, "recall": 0.8571428571428571, "f1-score": 0.9090909090909091, "support": 35.0}, "noneconomic": {"precision": 0.8360655737704918, "recall": 0.9444444444444444, "f1-score": 0.8869565217391304, "support": 54.0}, "micro avg": {"precision": 0.8804347826086957, "recall": 0.9101123595505618, "f1-score": 0.8950276243093923, "support": 89.0}, "macro avg": {"precision": 0.9019037546271814, "recall": 0.9007936507936507, "f1-score": 0.8980237154150197, "support": 89.0}, "weighted avg": {"precision": 0.8878484126465399, "recall": 0.9101123595505618, "f1-score": 0.8956610560909535, "support": 89.0}, "samples avg": {"precision": 0.7659574468085106, "recall": 0.7872340425531915, "f1-score": 0.7659574468085106, "support": 89.0}}