{"economic": {"precision": 0.717948717948718, "recall": 0.8484848484848485, "f1-score": 0.7777777777777778, "support": 33.0}, "noneconomic": {"precision": 0.8235294117647058, "recall": 0.875, "f1-score": 0.8484848484848485, "support": 48.0}, "micro avg": {"precision": 0.7777777777777778, "recall": 0.8641975308641975, "f1-score": 0.8187134502923976, "support": 81.0}, "macro avg": {"precision": 0.7707390648567118, "recall": 0.8617424242424243, "f1-score": 0.8131313131313131, "support": 81.0}, "weighted avg": {"precision": 0.780515055024859, "recall": 0.8641975308641975, "f1-score": 0.8196782641227085, "support": 81.0}, "samples avg": {"precision": 0.75, "recall": 0.80625, "f1-score": 0.7625, "support": 81.0}}