{"noneconomic__age": {"precision": 0.75, "recall": 0.5, "f1-score": 0.6, "support": 12.0}, "noneconomic__crime": {"precision": 0.75, "recall": 1.0, "f1-score": 0.8571428571428571, "support": 3.0}, "noneconomic__ethnicity": {"precision": 0.3333333333333333, "recall": 1.0, "f1-score": 0.5, "support": 1.0}, "noneconomic__family": {"precision": 1.0, "recall": 0.8, "f1-score": 0.8888888888888888, "support": 5.0}, "noneconomic__gender_sexuality": {"precision": 0.6666666666666666, "recall": 1.0, "f1-score": 0.8, "support": 2.0}, "noneconomic__health": {"precision": 0.25, "recall": 1.0, "f1-score": 0.4, "support": 1.0}, "noneconomic__nationality": {"precision": 1.0, "recall": 0.47058823529411764, "f1-score": 0.64, "support": 17.0}, "noneconomic__place_location": {"precision": 0.0, "recall": 0.0, "f1-score": 0.0, "support": 2.0}, "noneconomic__religion": {"precision": 0.0, "recall": 0.0, "f1-score": 0.0, "support": 0.0}, "noneconomic__shared_values_mentalities": {"precision": 0.5263157894736842, "recall": 0.47619047619047616, "f1-score": 0.5, "support": 21.0}, "micro avg": {"precision": 0.6140350877192983, "recall": 0.546875, "f1-score": 0.5785123966942148, "support": 64.0}, "macro avg": {"precision": 0.5276315789473685, "recall": 0.6246778711484594, "f1-score": 0.5186031746031746, "support": 64.0}, "weighted avg": {"precision": 0.7221765350877193, "recall": 0.546875, "f1-score": 0.5952480158730159, "support": 64.0}, "samples avg": {"precision": 0.3404255319148936, "recall": 0.326241134751773, "f1-score": 0.3262411347517731, "support": 64.0}}