{"noneconomic__age": {"precision": 0.6666666666666666, "recall": 0.9230769230769231, "f1-score": 0.7741935483870968, "support": 13.0}, "noneconomic__crime": {"precision": 1.0, "recall": 0.6, "f1-score": 0.75, "support": 5.0}, "noneconomic__ethnicity": {"precision": 0.0, "recall": 0.0, "f1-score": 0.0, "support": 1.0}, "noneconomic__family": {"precision": 0.7777777777777778, "recall": 1.0, "f1-score": 0.875, "support": 7.0}, "noneconomic__gender_sexuality": {"precision": 0.75, "recall": 0.75, "f1-score": 0.75, "support": 4.0}, "noneconomic__health": {"precision": 0.2, "recall": 0.5, "f1-score": 0.2857142857142857, "support": 2.0}, "noneconomic__nationality": {"precision": 0.7, "recall": 0.7777777777777778, "f1-score": 0.7368421052631579, "support": 9.0}, "noneconomic__place_location": {"precision": 0.0, "recall": 0.0, "f1-score": 0.0, "support": 2.0}, "noneconomic__religion": {"precision": 0.0, "recall": 0.0, "f1-score": 0.0, "support": 0.0}, "noneconomic__shared_values_mentalities": {"precision": 0.8571428571428571, "recall": 0.46153846153846156, "f1-score": 0.6, "support": 13.0}, "micro avg": {"precision": 0.6290322580645161, "recall": 0.6964285714285714, "f1-score": 0.6610169491525424, "support": 56.0}, "macro avg": {"precision": 0.4951587301587301, "recall": 0.5012393162393163, "f1-score": 0.47717499393645396, "support": 56.0}, "weighted avg": {"precision": 0.7134637188208617, "recall": 0.6964285714285714, "f1-score": 0.677545065139808, "support": 56.0}, "samples avg": {"precision": 0.40196078431372556, "recall": 0.4137254901960784, "f1-score": 0.4011764705882353, "support": 56.0}}