{"noneconomic__age": {"precision": 0.6666666666666666, "recall": 0.5, "f1-score": 0.5714285714285714, "support": 4.0}, "noneconomic__crime": {"precision": 1.0, "recall": 0.7777777777777778, "f1-score": 0.875, "support": 9.0}, "noneconomic__ethnicity": {"precision": 1.0, "recall": 1.0, "f1-score": 1.0, "support": 1.0}, "noneconomic__family": {"precision": 0.8, "recall": 1.0, "f1-score": 0.8888888888888888, "support": 4.0}, "noneconomic__gender_sexuality": {"precision": 1.0, "recall": 0.3333333333333333, "f1-score": 0.5, "support": 6.0}, "noneconomic__health": {"precision": 1.0, "recall": 0.6666666666666666, "f1-score": 0.8, "support": 3.0}, "noneconomic__nationality": {"precision": 0.8181818181818182, "recall": 1.0, "f1-score": 0.9, "support": 9.0}, "noneconomic__place_location": {"precision": 0.0, "recall": 0.0, "f1-score": 0.0, "support": 4.0}, "noneconomic__religion": {"precision": 1.0, "recall": 1.0, "f1-score": 1.0, "support": 1.0}, "noneconomic__shared_values_mentalities": {"precision": 0.7857142857142857, "recall": 0.8461538461538461, "f1-score": 0.8148148148148148, "support": 13.0}, "micro avg": {"precision": 0.8478260869565217, "recall": 0.7222222222222222, "f1-score": 0.78, "support": 54.0}, "macro avg": {"precision": 0.8070562770562771, "recall": 0.7123931623931623, "f1-score": 0.7350132275132275, "support": 54.0}, "weighted avg": {"precision": 0.804529421196088, "recall": 0.7222222222222222, "f1-score": 0.7372011561826376, "support": 54.0}, "samples avg": {"precision": 0.45625, "recall": 0.4395833333333333, "f1-score": 0.44333333333333336, "support": 54.0}}