{"noneconomic__age": {"precision": 0.42857142857142855, "recall": 0.75, "f1-score": 0.5454545454545454, "support": 4.0}, "noneconomic__crime": {"precision": 1.0, "recall": 0.8888888888888888, "f1-score": 0.9411764705882353, "support": 9.0}, "noneconomic__ethnicity": {"precision": 1.0, "recall": 1.0, "f1-score": 1.0, "support": 1.0}, "noneconomic__family": {"precision": 0.8, "recall": 1.0, "f1-score": 0.8888888888888888, "support": 4.0}, "noneconomic__gender_sexuality": {"precision": 0.8, "recall": 0.6666666666666666, "f1-score": 0.7272727272727273, "support": 6.0}, "noneconomic__health": {"precision": 1.0, "recall": 0.3333333333333333, "f1-score": 0.5, "support": 3.0}, "noneconomic__nationality": {"precision": 0.8181818181818182, "recall": 1.0, "f1-score": 0.9, "support": 9.0}, "noneconomic__place_location": {"precision": 1.0, "recall": 0.25, "f1-score": 0.4, "support": 4.0}, "noneconomic__religion": {"precision": 1.0, "recall": 1.0, "f1-score": 1.0, "support": 1.0}, "noneconomic__shared_values_mentalities": {"precision": 0.8333333333333334, "recall": 0.7692307692307693, "f1-score": 0.8, "support": 13.0}, "micro avg": {"precision": 0.8076923076923077, "recall": 0.7777777777777778, "f1-score": 0.7924528301886793, "support": 54.0}, "macro avg": {"precision": 0.8680086580086581, "recall": 0.7658119658119659, "f1-score": 0.7702792632204397, "support": 54.0}, "weighted avg": {"precision": 0.850208433541767, "recall": 0.7777777777777778, "f1-score": 0.7809555247463743, "support": 54.0}, "samples avg": {"precision": 0.45625, "recall": 0.4708333333333333, "f1-score": 0.45583333333333337, "support": 54.0}}