{"economic__education_level": {"precision": 1.0, "recall": 0.8, "f1-score": 0.8888888888888888, "support": 5.0}, "economic__employment_status": {"precision": 0.6666666666666666, "recall": 1.0, "f1-score": 0.8, "support": 4.0}, "economic__income_wealth_economic_status": {"precision": 1.0, "recall": 0.6363636363636364, "f1-score": 0.7777777777777778, "support": 11.0}, "economic__occupation_profession": {"precision": 0.8571428571428571, "recall": 0.75, "f1-score": 0.8, "support": 16.0}, "micro avg": {"precision": 0.8709677419354839, "recall": 0.75, "f1-score": 0.8059701492537313, "support": 36.0}, "macro avg": {"precision": 0.8809523809523809, "recall": 0.7965909090909091, "f1-score": 0.8166666666666667, "support": 36.0}, "weighted avg": {"precision": 0.8994708994708994, "recall": 0.75, "f1-score": 0.8055555555555556, "support": 36.0}, "samples avg": {"precision": 0.3176470588235294, "recall": 0.3058823529411765, "f1-score": 0.30980392156862746, "support": 36.0}}