{"economic__class_membership": {"precision": 0.0, "recall": 0.0, "f1-score": 0.0, "support": 0.0}, "economic__ecology_of_group": {"precision": 0.0, "recall": 0.0, "f1-score": 0.0, "support": 4.0}, "economic__education_level": {"precision": 1.0, "recall": 0.6666666666666666, "f1-score": 0.8, "support": 3.0}, "economic__employment_status": {"precision": 0.6666666666666666, "recall": 1.0, "f1-score": 0.8, "support": 2.0}, "economic__income_wealth_economic_status": {"precision": 0.5, "recall": 0.6, "f1-score": 0.5454545454545454, "support": 5.0}, "economic__occupation_profession": {"precision": 1.0, "recall": 0.6875, "f1-score": 0.8148148148148148, "support": 16.0}, "micro avg": {"precision": 0.782608695652174, "recall": 0.6, "f1-score": 0.6792452830188679, "support": 30.0}, "macro avg": {"precision": 0.5277777777777778, "recall": 0.4923611111111111, "f1-score": 0.49337822671156006, "support": 30.0}, "weighted avg": {"precision": 0.7611111111111111, "recall": 0.6, "f1-score": 0.6588103254769921, "support": 30.0}, "samples avg": {"precision": 0.19886363636363635, "recall": 0.20454545454545456, "f1-score": 0.20075757575757572, "support": 30.0}}