{"economic": {"precision": 0.8571428571428571, "recall": 0.8823529411764706, "f1-score": 0.8695652173913043, "support": 34.0}, "noneconomic": {"precision": 0.7540983606557377, "recall": 0.92, "f1-score": 0.8288288288288288, "support": 50.0}, "micro avg": {"precision": 0.7916666666666666, "recall": 0.9047619047619048, "f1-score": 0.8444444444444444, "support": 84.0}, "macro avg": {"precision": 0.8056206088992974, "recall": 0.9011764705882352, "f1-score": 0.8491970231100665, "support": 84.0}, "weighted avg": {"precision": 0.7958068473290956, "recall": 0.9047619047619048, "f1-score": 0.8453173670564974, "support": 84.0}, "samples avg": {"precision": 0.8117647058823529, "recall": 0.8529411764705882, "f1-score": 0.8235294117647058, "support": 84.0}}