{"noneconomic__age": {"precision": 0.14285714285714285, "recall": 0.16666666666666666, "f1-score": 0.15384615384615385, "support": 6.0}, "noneconomic__crime": {"precision": 1.0, "recall": 1.0, "f1-score": 1.0, "support": 5.0}, "noneconomic__ethnicity": {"precision": 0.0, "recall": 0.0, "f1-score": 0.0, "support": 0.0}, "noneconomic__family": {"precision": 0.8461538461538461, "recall": 1.0, "f1-score": 0.9166666666666666, "support": 11.0}, "noneconomic__gender_sexuality": {"precision": 1.0, "recall": 0.7142857142857143, "f1-score": 0.8333333333333334, "support": 7.0}, "noneconomic__health": {"precision": 1.0, "recall": 1.0, "f1-score": 1.0, "support": 4.0}, "noneconomic__nationality": {"precision": 0.7692307692307693, "recall": 1.0, "f1-score": 0.8695652173913043, "support": 10.0}, "noneconomic__place_location": {"precision": 0.5, "recall": 0.3333333333333333, "f1-score": 0.4, "support": 6.0}, "noneconomic__religion": {"precision": 0.0, "recall": 0.0, "f1-score": 0.0, "support": 0.0}, "noneconomic__shared_values_mentalities": {"precision": 0.7777777777777778, "recall": 0.6086956521739131, "f1-score": 0.6829268292682927, "support": 23.0}, "micro avg": {"precision": 0.7323943661971831, "recall": 0.7222222222222222, "f1-score": 0.7272727272727273, "support": 72.0}, "macro avg": {"precision": 0.6036019536019536, "recall": 0.5822981366459627, "f1-score": 0.5856338200505751, "support": 72.0}, "weighted avg": {"precision": 0.7603615520282188, "recall": 0.7222222222222222, "f1-score": 0.7311487894003801, "support": 72.0}, "samples avg": {"precision": 0.5340909090909091, "recall": 0.5568181818181818, "f1-score": 0.5359848484848485, "support": 72.0}}