{"economic__education_level": {"precision": 0.5, "recall": 0.3333333333333333, "f1-score": 0.4, "support": 3.0}, "economic__employment_status": {"precision": 0.8, "recall": 0.4, "f1-score": 0.5333333333333333, "support": 10.0}, "economic__income_wealth_economic_status": {"precision": 1.0, "recall": 0.4, "f1-score": 0.5714285714285714, "support": 5.0}, "economic__occupation_profession": {"precision": 0.8125, "recall": 0.6842105263157895, "f1-score": 0.7428571428571429, "support": 19.0}, "micro avg": {"precision": 0.8, "recall": 0.5405405405405406, "f1-score": 0.6451612903225806, "support": 37.0}, "macro avg": {"precision": 0.778125, "recall": 0.45438596491228067, "f1-score": 0.5619047619047619, "support": 37.0}, "weighted avg": {"precision": 0.8091216216216216, "recall": 0.5405405405405406, "f1-score": 0.6352638352638352, "support": 37.0}, "samples avg": {"precision": 0.22727272727272727, "recall": 0.24675324675324675, "f1-score": 0.23376623376623376, "support": 37.0}}