{"economic": {"precision": 0.8823529411764706, "recall": 0.8108108108108109, "f1-score": 0.8450704225352113, "support": 37.0}, "noneconomic": {"precision": 0.8354430379746836, "recall": 0.8571428571428571, "f1-score": 0.8461538461538461, "support": 77.0}, "micro avg": {"precision": 0.8495575221238938, "recall": 0.8421052631578947, "f1-score": 0.8458149779735683, "support": 114.0}, "macro avg": {"precision": 0.8588979895755771, "recall": 0.833976833976834, "f1-score": 0.8456121343445286, "support": 114.0}, "weighted avg": {"precision": 0.8506681819963162, "recall": 0.8421052631578947, "f1-score": 0.8458022086635874, "support": 114.0}, "samples avg": {"precision": 0.8153153153153153, "recall": 0.8153153153153153, "f1-score": 0.804804804804805, "support": 114.0}}