{"economic__education_level": {"precision": 1.0, "recall": 0.5, "f1-score": 0.6666666666666666, "support": 4.0}, "economic__employment_status": {"precision": 0.0, "recall": 0.0, "f1-score": 0.0, "support": 2.0}, "economic__income_wealth_economic_status": {"precision": 0.2222222222222222, "recall": 0.2857142857142857, "f1-score": 0.25, "support": 7.0}, "economic__occupation_profession": {"precision": 0.8125, "recall": 0.5652173913043478, "f1-score": 0.6666666666666666, "support": 23.0}, "micro avg": {"precision": 0.5862068965517241, "recall": 0.4722222222222222, "f1-score": 0.5230769230769231, "support": 36.0}, "macro avg": {"precision": 0.5086805555555556, "recall": 0.33773291925465837, "f1-score": 0.3958333333333333, "support": 36.0}, "weighted avg": {"precision": 0.6734182098765432, "recall": 0.4722222222222222, "f1-score": 0.5486111111111112, "support": 36.0}, "samples avg": {"precision": 0.18085106382978725, "recall": 0.17553191489361702, "f1-score": 0.17730496453900707, "support": 36.0}}