{"economic": {"precision": 0.5789473684210527, "recall": 0.7586206896551724, "f1-score": 0.6567164179104478, "support": 29.0}, "noneconomic": {"precision": 0.8947368421052632, "recall": 0.7727272727272727, "f1-score": 0.8292682926829268, "support": 66.0}, "micro avg": {"precision": 0.7684210526315789, "recall": 0.7684210526315789, "f1-score": 0.7684210526315789, "support": 95.0}, "macro avg": {"precision": 0.736842105263158, "recall": 0.7656739811912225, "f1-score": 0.7429923552966873, "support": 95.0}, "weighted avg": {"precision": 0.7983379501385041, "recall": 0.7684210526315789, "f1-score": 0.7765945624892227, "support": 95.0}, "samples avg": {"precision": 0.7784090909090909, "recall": 0.75, "f1-score": 0.75, "support": 95.0}}