{"economic": {"precision": 0.75, "recall": 0.7941176470588235, "f1-score": 0.7714285714285715, "support": 34.0}, "noneconomic": {"precision": 0.6716417910447762, "recall": 0.9, "f1-score": 0.7692307692307693, "support": 50.0}, "micro avg": {"precision": 0.6990291262135923, "recall": 0.8571428571428571, "f1-score": 0.7700534759358288, "support": 84.0}, "macro avg": {"precision": 0.710820895522388, "recall": 0.8470588235294118, "f1-score": 0.7703296703296704, "support": 84.0}, "weighted avg": {"precision": 0.7033582089552238, "recall": 0.8571428571428571, "f1-score": 0.7701203558346416, "support": 84.0}, "samples avg": {"precision": 0.7470588235294118, "recall": 0.8117647058823529, "f1-score": 0.7647058823529411, "support": 84.0}}