{"economic": {"precision": 0.8387096774193549, "recall": 0.8387096774193549, "f1-score": 0.8387096774193549, "support": 31.0}, "noneconomic": {"precision": 0.8857142857142857, "recall": 0.8985507246376812, "f1-score": 0.8920863309352518, "support": 69.0}, "micro avg": {"precision": 0.8712871287128713, "recall": 0.88, "f1-score": 0.8756218905472637, "support": 100.0}, "macro avg": {"precision": 0.8622119815668203, "recall": 0.8686302010285181, "f1-score": 0.8653980041773033, "support": 100.0}, "weighted avg": {"precision": 0.8711428571428571, "recall": 0.88, "f1-score": 0.8755395683453238, "support": 100.0}, "samples avg": {"precision": 0.8608247422680413, "recall": 0.865979381443299, "f1-score": 0.8556701030927835, "support": 100.0}}