{"noneconomic__age": {"precision": 1.0, "recall": 0.8, "f1-score": 0.8888888888888888, "support": 25.0}, "noneconomic__crime": {"precision": 0.5, "recall": 0.6666666666666666, "f1-score": 0.5714285714285714, "support": 3.0}, "noneconomic__ethnicity": {"precision": 1.0, "recall": 1.0, "f1-score": 1.0, "support": 4.0}, "noneconomic__family": {"precision": 0.8571428571428571, "recall": 1.0, "f1-score": 0.9230769230769231, "support": 12.0}, "noneconomic__gender_sexuality": {"precision": 1.0, "recall": 1.0, "f1-score": 1.0, "support": 6.0}, "noneconomic__health": {"precision": 0.6666666666666666, "recall": 0.6666666666666666, "f1-score": 0.6666666666666666, "support": 3.0}, "noneconomic__nationality": {"precision": 0.9166666666666666, "recall": 0.9166666666666666, "f1-score": 0.9166666666666666, "support": 12.0}, "noneconomic__place_location": {"precision": 0.5, "recall": 0.6666666666666666, "f1-score": 0.5714285714285714, "support": 3.0}, "noneconomic__religion": {"precision": 1.0, "recall": 0.8, "f1-score": 0.8888888888888888, "support": 5.0}, "noneconomic__shared_values_mentalities": {"precision": 0.6111111111111112, "recall": 0.7857142857142857, "f1-score": 0.6875, "support": 14.0}, "micro avg": {"precision": 0.8314606741573034, "recall": 0.8505747126436781, "f1-score": 0.8409090909090909, "support": 87.0}, "macro avg": {"precision": 0.8051587301587301, "recall": 0.8302380952380952, "f1-score": 0.8114545177045176, "support": 87.0}, "weighted avg": {"precision": 0.8602444809341361, "recall": 0.8505747126436781, "f1-score": 0.8482432318639216, "support": 87.0}, "samples avg": {"precision": 0.5612244897959183, "recall": 0.5612244897959183, "f1-score": 0.5506802721088435, "support": 87.0}}