{"economic": {"precision": 0.84375, "recall": 0.75, "f1-score": 0.7941176470588235, "support": 36.0}, "noneconomic": {"precision": 0.7755102040816326, "recall": 0.8444444444444444, "f1-score": 0.8085106382978723, "support": 45.0}, "micro avg": {"precision": 0.8024691358024691, "recall": 0.8024691358024691, "f1-score": 0.8024691358024691, "support": 81.0}, "macro avg": {"precision": 0.8096301020408163, "recall": 0.7972222222222223, "f1-score": 0.8013141426783479, "support": 81.0}, "weighted avg": {"precision": 0.8058390022675737, "recall": 0.8024691358024691, "f1-score": 0.8021137533027395, "support": 81.0}, "samples avg": {"precision": 0.7987012987012987, "recall": 0.7662337662337663, "f1-score": 0.7748917748917749, "support": 81.0}}