{"noneconomic__age": {"precision": 0.25, "recall": 0.5, "f1-score": 0.3333333333333333, "support": 4.0}, "noneconomic__crime": {"precision": 1.0, "recall": 0.7272727272727273, "f1-score": 0.8421052631578947, "support": 11.0}, "noneconomic__ethnicity": {"precision": 0.6, "recall": 0.75, "f1-score": 0.6666666666666666, "support": 4.0}, "noneconomic__family": {"precision": 0.75, "recall": 0.75, "f1-score": 0.75, "support": 4.0}, "noneconomic__gender_sexuality": {"precision": 1.0, "recall": 0.9090909090909091, "f1-score": 0.9523809523809523, "support": 22.0}, "noneconomic__health": {"precision": 1.0, "recall": 0.8, "f1-score": 0.8888888888888888, "support": 5.0}, "noneconomic__nationality": {"precision": 0.8888888888888888, "recall": 0.8888888888888888, "f1-score": 0.8888888888888888, "support": 9.0}, "noneconomic__place_location": {"precision": 1.0, "recall": 0.5, "f1-score": 0.6666666666666666, "support": 6.0}, "noneconomic__religion": {"precision": 0.8, "recall": 0.8, "f1-score": 0.8, "support": 5.0}, "noneconomic__shared_values_mentalities": {"precision": 0.7777777777777778, "recall": 0.7, "f1-score": 0.7368421052631579, "support": 10.0}, "micro avg": {"precision": 0.8266666666666667, "recall": 0.775, "f1-score": 0.8, "support": 80.0}, "macro avg": {"precision": 0.8066666666666666, "recall": 0.7325252525252525, "f1-score": 0.7525772765246448, "support": 80.0}, "weighted avg": {"precision": 0.8772222222222222, "recall": 0.775, "f1-score": 0.8128550543024227, "support": 80.0}, "samples avg": {"precision": 0.5360824742268041, "recall": 0.5584192439862543, "f1-score": 0.5422680412371134, "support": 80.0}}