{"economic__class_membership": {"precision": 0.0, "recall": 0.0, "f1-score": 0.0, "support": 0.0}, "economic__ecology_of_group": {"precision": 1.0, "recall": 0.25, "f1-score": 0.4, "support": 4.0}, "economic__education_level": {"precision": 1.0, "recall": 0.6666666666666666, "f1-score": 0.8, "support": 3.0}, "economic__employment_status": {"precision": 1.0, "recall": 1.0, "f1-score": 1.0, "support": 2.0}, "economic__income_wealth_economic_status": {"precision": 0.75, "recall": 0.6, "f1-score": 0.6666666666666666, "support": 5.0}, "economic__occupation_profession": {"precision": 0.9166666666666666, "recall": 0.6875, "f1-score": 0.7857142857142857, "support": 16.0}, "micro avg": {"precision": 0.7037037037037037, "recall": 0.6333333333333333, "f1-score": 0.6666666666666666, "support": 30.0}, "macro avg": {"precision": 0.7777777777777778, "recall": 0.5340277777777778, "f1-score": 0.6087301587301587, "support": 30.0}, "weighted avg": {"precision": 0.9138888888888889, "recall": 0.6333333333333333, "f1-score": 0.7301587301587301, "support": 30.0}, "samples avg": {"precision": 0.19886363636363635, "recall": 0.2159090909090909, "f1-score": 0.20454545454545456, "support": 30.0}}