{"economic__education_level": {"precision": 1.0, "recall": 0.6, "f1-score": 0.75, "support": 5.0}, "economic__employment_status": {"precision": 1.0, "recall": 0.5, "f1-score": 0.6666666666666666, "support": 4.0}, "economic__income_wealth_economic_status": {"precision": 0.8888888888888888, "recall": 0.7272727272727273, "f1-score": 0.8, "support": 11.0}, "economic__occupation_profession": {"precision": 0.7894736842105263, "recall": 0.9375, "f1-score": 0.8571428571428571, "support": 16.0}, "micro avg": {"precision": 0.8484848484848485, "recall": 0.7777777777777778, "f1-score": 0.8115942028985508, "support": 36.0}, "macro avg": {"precision": 0.9195906432748537, "recall": 0.6911931818181818, "f1-score": 0.768452380952381, "support": 36.0}, "weighted avg": {"precision": 0.8724821312540612, "recall": 0.7777777777777778, "f1-score": 0.8036375661375661, "support": 36.0}, "samples avg": {"precision": 0.3235294117647059, "recall": 0.3176470588235294, "f1-score": 0.3176470588235294, "support": 36.0}}