{"economic__education_level": {"precision": 1.0, "recall": 0.5, "f1-score": 0.6666666666666666, "support": 4.0}, "economic__employment_status": {"precision": 0.6666666666666666, "recall": 1.0, "f1-score": 0.8, "support": 2.0}, "economic__income_wealth_economic_status": {"precision": 0.6666666666666666, "recall": 0.2857142857142857, "f1-score": 0.4, "support": 7.0}, "economic__occupation_profession": {"precision": 1.0, "recall": 0.5652173913043478, "f1-score": 0.7222222222222222, "support": 23.0}, "micro avg": {"precision": 0.9047619047619048, "recall": 0.5277777777777778, "f1-score": 0.6666666666666666, "support": 36.0}, "macro avg": {"precision": 0.8333333333333333, "recall": 0.5877329192546583, "f1-score": 0.6472222222222223, "support": 36.0}, "weighted avg": {"precision": 0.9166666666666666, "recall": 0.5277777777777778, "f1-score": 0.657716049382716, "support": 36.0}, "samples avg": {"precision": 0.18617021276595744, "recall": 0.19148936170212766, "f1-score": 0.18794326241134748, "support": 36.0}}