{"economic__class_membership": {"precision": 0.0, "recall": 0.0, "f1-score": 0.0, "support": 0.0}, "economic__ecology_of_group": {"precision": 1.0, "recall": 0.6666666666666666, "f1-score": 0.8, "support": 3.0}, "economic__education_level": {"precision": 1.0, "recall": 1.0, "f1-score": 1.0, "support": 6.0}, "economic__employment_status": {"precision": 0.75, "recall": 0.75, "f1-score": 0.75, "support": 4.0}, "economic__income_wealth_economic_status": {"precision": 0.625, "recall": 0.7142857142857143, "f1-score": 0.6666666666666666, "support": 7.0}, "economic__occupation_profession": {"precision": 0.75, "recall": 0.5625, "f1-score": 0.6428571428571429, "support": 16.0}, "micro avg": {"precision": 0.78125, "recall": 0.6944444444444444, "f1-score": 0.7352941176470589, "support": 36.0}, "macro avg": {"precision": 0.6875, "recall": 0.6155753968253969, "f1-score": 0.6432539682539682, "support": 36.0}, "weighted avg": {"precision": 0.7881944444444444, "recall": 0.6944444444444444, "f1-score": 0.7320105820105821, "support": 36.0}, "samples avg": {"precision": 0.275, "recall": 0.28125, "f1-score": 0.275, "support": 36.0}}