{"noneconomic__age": {"precision": 1.0, "recall": 0.875, "f1-score": 0.9333333333333333, "support": 16.0}, "noneconomic__crime": {"precision": 1.0, "recall": 0.875, "f1-score": 0.9333333333333333, "support": 8.0}, "noneconomic__ethnicity": {"precision": 0.8333333333333334, "recall": 0.8333333333333334, "f1-score": 0.8333333333333334, "support": 6.0}, "noneconomic__family": {"precision": 0.5, "recall": 1.0, "f1-score": 0.6666666666666666, "support": 1.0}, "noneconomic__gender_sexuality": {"precision": 0.96, "recall": 0.96, "f1-score": 0.96, "support": 25.0}, "noneconomic__health": {"precision": 0.8, "recall": 0.5, "f1-score": 0.6153846153846154, "support": 8.0}, "noneconomic__nationality": {"precision": 0.8571428571428571, "recall": 0.6666666666666666, "f1-score": 0.75, "support": 9.0}, "noneconomic__place_location": {"precision": 1.0, "recall": 1.0, "f1-score": 1.0, "support": 2.0}, "noneconomic__religion": {"precision": 1.0, "recall": 0.8, "f1-score": 0.8888888888888888, "support": 5.0}, "noneconomic__shared_values_mentalities": {"precision": 0.8571428571428571, "recall": 0.6666666666666666, "f1-score": 0.75, "support": 18.0}, "micro avg": {"precision": 0.9186046511627907, "recall": 0.8061224489795918, "f1-score": 0.8586956521739131, "support": 98.0}, "macro avg": {"precision": 0.8807619047619049, "recall": 0.8176666666666665, "f1-score": 0.8330940170940171, "support": 98.0}, "weighted avg": {"precision": 0.9188046647230321, "recall": 0.8061224489795918, "f1-score": 0.8539202860631431, "support": 98.0}, "samples avg": {"precision": 0.6081081081081081, "recall": 0.5960960960960962, "f1-score": 0.5945945945945946, "support": 98.0}}