{"economic__education_level": {"precision": 0.5, "recall": 0.2, "f1-score": 0.2857142857142857, "support": 5.0}, "economic__employment_status": {"precision": 0.6666666666666666, "recall": 0.5, "f1-score": 0.5714285714285714, "support": 4.0}, "economic__income_wealth_economic_status": {"precision": 1.0, "recall": 0.5454545454545454, "f1-score": 0.7058823529411765, "support": 11.0}, "economic__occupation_profession": {"precision": 0.625, "recall": 0.3125, "f1-score": 0.4166666666666667, "support": 16.0}, "micro avg": {"precision": 0.7368421052631579, "recall": 0.3888888888888889, "f1-score": 0.509090909090909, "support": 36.0}, "macro avg": {"precision": 0.6979166666666666, "recall": 0.38948863636363634, "f1-score": 0.4949229691876751, "support": 36.0}, "weighted avg": {"precision": 0.7268518518518517, "recall": 0.3888888888888889, "f1-score": 0.5040460628695923, "support": 36.0}, "samples avg": {"precision": 0.1588235294117647, "recall": 0.1588235294117647, "f1-score": 0.1568627450980392, "support": 36.0}}