{"noneconomic__age": {"precision": 0.42857142857142855, "recall": 0.75, "f1-score": 0.5454545454545454, "support": 4.0}, "noneconomic__crime": {"precision": 1.0, "recall": 0.7272727272727273, "f1-score": 0.8421052631578947, "support": 11.0}, "noneconomic__ethnicity": {"precision": 1.0, "recall": 0.75, "f1-score": 0.8571428571428571, "support": 4.0}, "noneconomic__family": {"precision": 0.8, "recall": 1.0, "f1-score": 0.8888888888888888, "support": 4.0}, "noneconomic__gender_sexuality": {"precision": 1.0, "recall": 0.9545454545454546, "f1-score": 0.9767441860465116, "support": 22.0}, "noneconomic__health": {"precision": 1.0, "recall": 0.8, "f1-score": 0.8888888888888888, "support": 5.0}, "noneconomic__nationality": {"precision": 0.875, "recall": 0.7777777777777778, "f1-score": 0.8235294117647058, "support": 9.0}, "noneconomic__place_location": {"precision": 1.0, "recall": 0.6666666666666666, "f1-score": 0.8, "support": 6.0}, "noneconomic__religion": {"precision": 0.8, "recall": 0.8, "f1-score": 0.8, "support": 5.0}, "noneconomic__shared_values_mentalities": {"precision": 0.8, "recall": 0.8, "f1-score": 0.8, "support": 10.0}, "micro avg": {"precision": 0.88, "recall": 0.825, "f1-score": 0.8516129032258064, "support": 80.0}, "macro avg": {"precision": 0.8703571428571429, "recall": 0.8026262626262627, "f1-score": 0.8222754041344291, "support": 80.0}, "weighted avg": {"precision": 0.9098660714285713, "recall": 0.825, "f1-score": 0.8571710538004009, "support": 80.0}, "samples avg": {"precision": 0.5893470790378007, "recall": 0.5893470790378007, "f1-score": 0.5835051546391753, "support": 80.0}}