{"noneconomic__age": {"precision": 1.0, "recall": 1.0, "f1-score": 1.0, "support": 5.0}, "noneconomic__crime": {"precision": 1.0, "recall": 1.0, "f1-score": 1.0, "support": 1.0}, "noneconomic__ethnicity": {"precision": 1.0, "recall": 1.0, "f1-score": 1.0, "support": 2.0}, "noneconomic__family": {"precision": 0.2, "recall": 1.0, "f1-score": 0.3333333333333333, "support": 1.0}, "noneconomic__gender_sexuality": {"precision": 1.0, "recall": 1.0, "f1-score": 1.0, "support": 3.0}, "noneconomic__health": {"precision": 1.0, "recall": 0.25, "f1-score": 0.4, "support": 4.0}, "noneconomic__nationality": {"precision": 0.8, "recall": 0.8, "f1-score": 0.8, "support": 15.0}, "noneconomic__place_location": {"precision": 0.75, "recall": 0.5, "f1-score": 0.6, "support": 6.0}, "noneconomic__religion": {"precision": 1.0, "recall": 1.0, "f1-score": 1.0, "support": 3.0}, "noneconomic__shared_values_mentalities": {"precision": 0.8333333333333334, "recall": 0.5882352941176471, "f1-score": 0.6896551724137931, "support": 17.0}, "micro avg": {"precision": 0.803921568627451, "recall": 0.7192982456140351, "f1-score": 0.7592592592592593, "support": 57.0}, "macro avg": {"precision": 0.8583333333333334, "recall": 0.8138235294117647, "f1-score": 0.7822988505747126, "support": 57.0}, "weighted avg": {"precision": 0.857309941520468, "recall": 0.7192982456140351, "f1-score": 0.7589030046380318, "support": 57.0}, "samples avg": {"precision": 0.42857142857142855, "recall": 0.42965367965367957, "f1-score": 0.4171923314780457, "support": 57.0}}