{"economic": {"precision": 0.6190476190476191, "recall": 0.7647058823529411, "f1-score": 0.6842105263157895, "support": 34.0}, "noneconomic": {"precision": 0.7368421052631579, "recall": 0.84, "f1-score": 0.7850467289719626, "support": 50.0}, "micro avg": {"precision": 0.6868686868686869, "recall": 0.8095238095238095, "f1-score": 0.7431693989071039, "support": 84.0}, "macro avg": {"precision": 0.6779448621553885, "recall": 0.8023529411764705, "f1-score": 0.734628627643876, "support": 84.0}, "weighted avg": {"precision": 0.6891633846521065, "recall": 0.8095238095238095, "f1-score": 0.7442320755158925, "support": 84.0}, "samples avg": {"precision": 0.7058823529411765, "recall": 0.7705882352941177, "f1-score": 0.7215686274509804, "support": 84.0}}