{"economic": {"precision": 0.8, "recall": 0.7741935483870968, "f1-score": 0.7868852459016393, "support": 31.0}, "noneconomic": {"precision": 0.891566265060241, "recall": 0.961038961038961, "f1-score": 0.925, "support": 77.0}, "micro avg": {"precision": 0.8672566371681416, "recall": 0.9074074074074074, "f1-score": 0.8868778280542986, "support": 108.0}, "macro avg": {"precision": 0.8457831325301205, "recall": 0.8676162547130288, "f1-score": 0.8559426229508197, "support": 108.0}, "weighted avg": {"precision": 0.8652833556448014, "recall": 0.9074074074074074, "f1-score": 0.8853559502125076, "support": 108.0}, "samples avg": {"precision": 0.8302752293577982, "recall": 0.8623853211009175, "f1-score": 0.8379204892966362, "support": 108.0}}