{"noneconomic__age": {"precision": 0.9, "recall": 0.75, "f1-score": 0.8181818181818182, "support": 12.0}, "noneconomic__crime": {"precision": 0.5, "recall": 1.0, "f1-score": 0.6666666666666666, "support": 3.0}, "noneconomic__ethnicity": {"precision": 1.0, "recall": 1.0, "f1-score": 1.0, "support": 1.0}, "noneconomic__family": {"precision": 0.8333333333333334, "recall": 1.0, "f1-score": 0.9090909090909091, "support": 5.0}, "noneconomic__gender_sexuality": {"precision": 0.3333333333333333, "recall": 0.5, "f1-score": 0.4, "support": 2.0}, "noneconomic__health": {"precision": 1.0, "recall": 1.0, "f1-score": 1.0, "support": 1.0}, "noneconomic__nationality": {"precision": 1.0, "recall": 0.7647058823529411, "f1-score": 0.8666666666666667, "support": 17.0}, "noneconomic__place_location": {"precision": 0.6666666666666666, "recall": 1.0, "f1-score": 0.8, "support": 2.0}, "noneconomic__religion": {"precision": 0.0, "recall": 0.0, "f1-score": 0.0, "support": 0.0}, "noneconomic__shared_values_mentalities": {"precision": 0.9473684210526315, "recall": 0.8571428571428571, "f1-score": 0.9, "support": 21.0}, "micro avg": {"precision": 0.8412698412698413, "recall": 0.828125, "f1-score": 0.8346456692913385, "support": 64.0}, "macro avg": {"precision": 0.7180701754385965, "recall": 0.7871848739495798, "f1-score": 0.7360606060606061, "support": 64.0}, "weighted avg": {"precision": 0.8962719298245614, "recall": 0.828125, "f1-score": 0.8499526515151516, "support": 64.0}, "samples avg": {"precision": 0.4751773049645391, "recall": 0.4822695035460993, "f1-score": 0.47304964539007094, "support": 64.0}}