{"economic": {"precision": 0.6304347826086957, "recall": 0.9354838709677419, "f1-score": 0.7532467532467533, "support": 31.0}, "noneconomic": {"precision": 0.953125, "recall": 0.7922077922077922, "f1-score": 0.8652482269503546, "support": 77.0}, "micro avg": {"precision": 0.8181818181818182, "recall": 0.8333333333333334, "f1-score": 0.8256880733944955, "support": 108.0}, "macro avg": {"precision": 0.7917798913043479, "recall": 0.8638458315877671, "f1-score": 0.809247490098554, "support": 108.0}, "weighted avg": {"precision": 0.8605009561191627, "recall": 0.8333333333333334, "f1-score": 0.8330996557946913, "support": 108.0}, "samples avg": {"precision": 0.8211009174311926, "recall": 0.8027522935779816, "f1-score": 0.8073394495412844, "support": 108.0}}