{"economic__class_membership": {"precision": 1.0, "recall": 0.25, "f1-score": 0.4, "support": 4.0}, "economic__ecology_of_group": {"precision": 0.0, "recall": 0.0, "f1-score": 0.0, "support": 1.0}, "economic__education_level": {"precision": 0.8, "recall": 1.0, "f1-score": 0.8888888888888888, "support": 4.0}, "economic__employment_status": {"precision": 1.0, "recall": 0.7777777777777778, "f1-score": 0.875, "support": 9.0}, "economic__income_wealth_economic_status": {"precision": 1.0, "recall": 0.2857142857142857, "f1-score": 0.4444444444444444, "support": 7.0}, "economic__occupation_profession": {"precision": 1.0, "recall": 0.25, "f1-score": 0.4, "support": 8.0}, "micro avg": {"precision": 0.9411764705882353, "recall": 0.48484848484848486, "f1-score": 0.64, "support": 33.0}, "macro avg": {"precision": 0.7999999999999999, "recall": 0.4272486772486772, "f1-score": 0.5013888888888889, "support": 33.0}, "weighted avg": {"precision": 0.9454545454545454, "recall": 0.48484848484848486, "f1-score": 0.586111111111111, "support": 33.0}, "samples avg": {"precision": 0.16326530612244897, "recall": 0.15816326530612246, "f1-score": 0.15986394557823128, "support": 33.0}}