{"economic__class_membership": {"precision": 0.0, "recall": 0.0, "f1-score": 0.0, "support": 5.0}, "economic__ecology_of_group": {"precision": 0.0, "recall": 0.0, "f1-score": 0.0, "support": 3.0}, "economic__education_level": {"precision": 1.0, "recall": 1.0, "f1-score": 1.0, "support": 3.0}, "economic__employment_status": {"precision": 0.6666666666666666, "recall": 0.8, "f1-score": 0.7272727272727273, "support": 5.0}, "economic__income_wealth_economic_status": {"precision": 1.0, "recall": 0.8, "f1-score": 0.8888888888888888, "support": 10.0}, "economic__occupation_profession": {"precision": 0.7, "recall": 0.5833333333333334, "f1-score": 0.6363636363636364, "support": 12.0}, "micro avg": {"precision": 0.8148148148148148, "recall": 0.5789473684210527, "f1-score": 0.676923076923077, "support": 38.0}, "macro avg": {"precision": 0.561111111111111, "recall": 0.5305555555555556, "f1-score": 0.5420875420875421, "support": 38.0}, "weighted avg": {"precision": 0.650877192982456, "recall": 0.5789473684210527, "f1-score": 0.6095162147793727, "support": 38.0}, "samples avg": {"precision": 0.2654320987654321, "recall": 0.24691358024691357, "f1-score": 0.2510288065843621, "support": 38.0}}