{"noneconomic__age": {"precision": 0.42857142857142855, "recall": 0.75, "f1-score": 0.5454545454545454, "support": 4.0}, "noneconomic__crime": {"precision": 1.0, "recall": 0.7272727272727273, "f1-score": 0.8421052631578947, "support": 11.0}, "noneconomic__ethnicity": {"precision": 1.0, "recall": 0.75, "f1-score": 0.8571428571428571, "support": 4.0}, "noneconomic__family": {"precision": 0.8, "recall": 1.0, "f1-score": 0.8888888888888888, "support": 4.0}, "noneconomic__gender_sexuality": {"precision": 1.0, "recall": 0.9090909090909091, "f1-score": 0.9523809523809523, "support": 22.0}, "noneconomic__health": {"precision": 0.8, "recall": 0.8, "f1-score": 0.8, "support": 5.0}, "noneconomic__nationality": {"precision": 0.8571428571428571, "recall": 0.6666666666666666, "f1-score": 0.75, "support": 9.0}, "noneconomic__place_location": {"precision": 0.8, "recall": 0.6666666666666666, "f1-score": 0.7272727272727273, "support": 6.0}, "noneconomic__religion": {"precision": 0.75, "recall": 0.6, "f1-score": 0.6666666666666666, "support": 5.0}, "noneconomic__shared_values_mentalities": {"precision": 0.8, "recall": 0.8, "f1-score": 0.8, "support": 10.0}, "micro avg": {"precision": 0.8513513513513513, "recall": 0.7875, "f1-score": 0.8181818181818182, "support": 80.0}, "macro avg": {"precision": 0.8235714285714286, "recall": 0.7669696969696969, "f1-score": 0.7829911900964532, "support": 80.0}, "weighted avg": {"precision": 0.8772321428571429, "recall": 0.7875, "f1-score": 0.8228556713754083, "support": 80.0}, "samples avg": {"precision": 0.563573883161512, "recall": 0.563573883161512, "f1-score": 0.5594501718213059, "support": 80.0}}