{"noneconomic__age": {"precision": 0.8823529411764706, "recall": 0.6, "f1-score": 0.7142857142857143, "support": 25.0}, "noneconomic__crime": {"precision": 1.0, "recall": 1.0, "f1-score": 1.0, "support": 3.0}, "noneconomic__ethnicity": {"precision": 1.0, "recall": 1.0, "f1-score": 1.0, "support": 4.0}, "noneconomic__family": {"precision": 0.6363636363636364, "recall": 0.5833333333333334, "f1-score": 0.6086956521739131, "support": 12.0}, "noneconomic__gender_sexuality": {"precision": 0.6666666666666666, "recall": 0.6666666666666666, "f1-score": 0.6666666666666666, "support": 6.0}, "noneconomic__health": {"precision": 0.6666666666666666, "recall": 0.6666666666666666, "f1-score": 0.6666666666666666, "support": 3.0}, "noneconomic__nationality": {"precision": 0.8333333333333334, "recall": 0.8333333333333334, "f1-score": 0.8333333333333334, "support": 12.0}, "noneconomic__place_location": {"precision": 0.6666666666666666, "recall": 0.6666666666666666, "f1-score": 0.6666666666666666, "support": 3.0}, "noneconomic__religion": {"precision": 0.8333333333333334, "recall": 1.0, "f1-score": 0.9090909090909091, "support": 5.0}, "noneconomic__shared_values_mentalities": {"precision": 0.8666666666666667, "recall": 0.9285714285714286, "f1-score": 0.896551724137931, "support": 14.0}, "micro avg": {"precision": 0.8125, "recall": 0.7471264367816092, "f1-score": 0.7784431137724551, "support": 87.0}, "macro avg": {"precision": 0.8052049910873439, "recall": 0.7945238095238095, "f1-score": 0.7961957333021801, "support": 87.0}, "weighted avg": {"precision": 0.8160366340893724, "recall": 0.7471264367816092, "f1-score": 0.7730881536392574, "support": 87.0}, "samples avg": {"precision": 0.5578231292517007, "recall": 0.5187074829931972, "f1-score": 0.527891156462585, "support": 87.0}}