{"economic__class_membership": {"precision": 0.0, "recall": 0.0, "f1-score": 0.0, "support": 0.0}, "economic__ecology_of_group": {"precision": 0.5, "recall": 1.0, "f1-score": 0.6666666666666666, "support": 2.0}, "economic__education_level": {"precision": 0.75, "recall": 1.0, "f1-score": 0.8571428571428571, "support": 3.0}, "economic__employment_status": {"precision": 1.0, "recall": 0.4, "f1-score": 0.5714285714285714, "support": 5.0}, "economic__income_wealth_economic_status": {"precision": 0.7142857142857143, "recall": 0.8333333333333334, "f1-score": 0.7692307692307693, "support": 6.0}, "economic__occupation_profession": {"precision": 0.7142857142857143, "recall": 0.9375, "f1-score": 0.8108108108108109, "support": 16.0}, "micro avg": {"precision": 0.7105263157894737, "recall": 0.84375, "f1-score": 0.7714285714285715, "support": 32.0}, "macro avg": {"precision": 0.6130952380952381, "recall": 0.6951388888888889, "f1-score": 0.6125466125466125, "support": 32.0}, "weighted avg": {"precision": 0.7488839285714286, "recall": 0.84375, "f1-score": 0.7609456984456984, "support": 32.0}, "samples avg": {"precision": 0.25773195876288657, "recall": 0.27319587628865977, "f1-score": 0.26116838487972505, "support": 32.0}}