{"economic__class_membership": {"precision": 0.0, "recall": 0.0, "f1-score": 0.0, "support": 0.0}, "economic__ecology_of_group": {"precision": 0.0, "recall": 0.0, "f1-score": 0.0, "support": 2.0}, "economic__education_level": {"precision": 1.0, "recall": 1.0, "f1-score": 1.0, "support": 3.0}, "economic__employment_status": {"precision": 0.6666666666666666, "recall": 0.4, "f1-score": 0.5, "support": 5.0}, "economic__income_wealth_economic_status": {"precision": 0.5714285714285714, "recall": 0.6666666666666666, "f1-score": 0.6153846153846154, "support": 6.0}, "economic__occupation_profession": {"precision": 0.8, "recall": 0.75, "f1-score": 0.7741935483870968, "support": 16.0}, "micro avg": {"precision": 0.6774193548387096, "recall": 0.65625, "f1-score": 0.6666666666666666, "support": 32.0}, "macro avg": {"precision": 0.5063492063492063, "recall": 0.4694444444444444, "f1-score": 0.48159636062861866, "support": 32.0}, "weighted avg": {"precision": 0.7050595238095239, "recall": 0.65625, "f1-score": 0.6743563895781638, "support": 32.0}, "samples avg": {"precision": 0.1941580756013746, "recall": 0.211340206185567, "f1-score": 0.19759450171821302, "support": 32.0}}