{"noneconomic__age": {"precision": 0.9047619047619048, "recall": 0.8636363636363636, "f1-score": 0.8837209302325582, "support": 22.0}, "noneconomic__crime": {"precision": 1.0, "recall": 1.0, "f1-score": 1.0, "support": 1.0}, "noneconomic__ethnicity": {"precision": 1.0, "recall": 1.0, "f1-score": 1.0, "support": 5.0}, "noneconomic__family": {"precision": 0.8181818181818182, "recall": 1.0, "f1-score": 0.9, "support": 9.0}, "noneconomic__gender_sexuality": {"precision": 0.8421052631578947, "recall": 0.9411764705882353, "f1-score": 0.8888888888888888, "support": 17.0}, "noneconomic__health": {"precision": 1.0, "recall": 1.0, "f1-score": 1.0, "support": 7.0}, "noneconomic__nationality": {"precision": 0.9285714285714286, "recall": 0.65, "f1-score": 0.7647058823529411, "support": 20.0}, "noneconomic__place_location": {"precision": 0.4, "recall": 0.5, "f1-score": 0.4444444444444444, "support": 4.0}, "noneconomic__religion": {"precision": 1.0, "recall": 0.6666666666666666, "f1-score": 0.8, "support": 6.0}, "noneconomic__shared_values_mentalities": {"precision": 0.875, "recall": 0.875, "f1-score": 0.875, "support": 16.0}, "micro avg": {"precision": 0.8737864077669902, "recall": 0.8411214953271028, "f1-score": 0.8571428571428571, "support": 107.0}, "macro avg": {"precision": 0.8768620414673046, "recall": 0.8496479500891265, "f1-score": 0.8556760145918834, "support": 107.0}, "weighted avg": {"precision": 0.885566507602907, "recall": 0.8411214953271028, "f1-score": 0.8553725887949905, "support": 107.0}, "samples avg": {"precision": 0.5827338129496403, "recall": 0.5887290167865709, "f1-score": 0.5764988009592326, "support": 107.0}}