{"noneconomic__age": {"precision": 0.8333333333333334, "recall": 0.9375, "f1-score": 0.8823529411764706, "support": 16.0}, "noneconomic__crime": {"precision": 0.5, "recall": 0.3333333333333333, "f1-score": 0.4, "support": 3.0}, "noneconomic__ethnicity": {"precision": 1.0, "recall": 0.8, "f1-score": 0.8888888888888888, "support": 5.0}, "noneconomic__family": {"precision": 0.9411764705882353, "recall": 1.0, "f1-score": 0.9696969696969697, "support": 16.0}, "noneconomic__gender_sexuality": {"precision": 0.5, "recall": 0.3333333333333333, "f1-score": 0.4, "support": 3.0}, "noneconomic__health": {"precision": 0.8888888888888888, "recall": 0.8888888888888888, "f1-score": 0.8888888888888888, "support": 9.0}, "noneconomic__nationality": {"precision": 0.8333333333333334, "recall": 0.7142857142857143, "f1-score": 0.7692307692307693, "support": 14.0}, "noneconomic__place_location": {"precision": 0.6, "recall": 0.42857142857142855, "f1-score": 0.5, "support": 7.0}, "noneconomic__religion": {"precision": 0.3333333333333333, "recall": 0.5, "f1-score": 0.4, "support": 2.0}, "noneconomic__shared_values_mentalities": {"precision": 0.9411764705882353, "recall": 0.7272727272727273, "f1-score": 0.8205128205128205, "support": 22.0}, "micro avg": {"precision": 0.8426966292134831, "recall": 0.7731958762886598, "f1-score": 0.8064516129032258, "support": 97.0}, "macro avg": {"precision": 0.7371241830065359, "recall": 0.6663185425685426, "f1-score": 0.6919571278394808, "support": 97.0}, "weighted avg": {"precision": 0.8415605417424701, "recall": 0.7731958762886598, "f1-score": 0.7999768643188897, "support": 97.0}, "samples avg": {"precision": 0.44179894179894186, "recall": 0.45568783068783075, "f1-score": 0.4427815570672713, "support": 97.0}}