{"noneconomic__age": {"precision": 0.5, "recall": 0.75, "f1-score": 0.6, "support": 4.0}, "noneconomic__crime": {"precision": 1.0, "recall": 0.7272727272727273, "f1-score": 0.8421052631578947, "support": 11.0}, "noneconomic__ethnicity": {"precision": 0.6, "recall": 0.75, "f1-score": 0.6666666666666666, "support": 4.0}, "noneconomic__family": {"precision": 0.75, "recall": 0.75, "f1-score": 0.75, "support": 4.0}, "noneconomic__gender_sexuality": {"precision": 1.0, "recall": 0.8636363636363636, "f1-score": 0.926829268292683, "support": 22.0}, "noneconomic__health": {"precision": 1.0, "recall": 0.8, "f1-score": 0.8888888888888888, "support": 5.0}, "noneconomic__nationality": {"precision": 1.0, "recall": 0.8888888888888888, "f1-score": 0.9411764705882353, "support": 9.0}, "noneconomic__place_location": {"precision": 1.0, "recall": 0.5, "f1-score": 0.6666666666666666, "support": 6.0}, "noneconomic__religion": {"precision": 0.8, "recall": 0.8, "f1-score": 0.8, "support": 5.0}, "noneconomic__shared_values_mentalities": {"precision": 0.6666666666666666, "recall": 0.8, "f1-score": 0.7272727272727273, "support": 10.0}, "micro avg": {"precision": 0.8513513513513513, "recall": 0.7875, "f1-score": 0.8181818181818182, "support": 80.0}, "macro avg": {"precision": 0.8316666666666667, "recall": 0.762979797979798, "f1-score": 0.7809605951533762, "support": 80.0}, "weighted avg": {"precision": 0.8883333333333334, "recall": 0.7875, "f1-score": 0.8238478552038547, "support": 80.0}, "samples avg": {"precision": 0.5567010309278351, "recall": 0.5687285223367697, "f1-score": 0.5594501718213059, "support": 80.0}}