{"noneconomic__age": {"precision": 0.8, "recall": 1.0, "f1-score": 0.8888888888888888, "support": 4.0}, "noneconomic__crime": {"precision": 1.0, "recall": 0.8888888888888888, "f1-score": 0.9411764705882353, "support": 9.0}, "noneconomic__ethnicity": {"precision": 1.0, "recall": 1.0, "f1-score": 1.0, "support": 1.0}, "noneconomic__family": {"precision": 0.75, "recall": 0.75, "f1-score": 0.75, "support": 4.0}, "noneconomic__gender_sexuality": {"precision": 0.6, "recall": 1.0, "f1-score": 0.75, "support": 6.0}, "noneconomic__health": {"precision": 1.0, "recall": 1.0, "f1-score": 1.0, "support": 3.0}, "noneconomic__nationality": {"precision": 0.75, "recall": 1.0, "f1-score": 0.8571428571428571, "support": 9.0}, "noneconomic__place_location": {"precision": 1.0, "recall": 0.5, "f1-score": 0.6666666666666666, "support": 4.0}, "noneconomic__religion": {"precision": 1.0, "recall": 1.0, "f1-score": 1.0, "support": 1.0}, "noneconomic__shared_values_mentalities": {"precision": 0.7142857142857143, "recall": 0.7692307692307693, "f1-score": 0.7407407407407407, "support": 13.0}, "micro avg": {"precision": 0.7833333333333333, "recall": 0.8703703703703703, "f1-score": 0.8245614035087719, "support": 54.0}, "macro avg": {"precision": 0.8614285714285714, "recall": 0.890811965811966, "f1-score": 0.8594615624027389, "support": 54.0}, "weighted avg": {"precision": 0.8117724867724867, "recall": 0.8703703703703703, "f1-score": 0.8247541815079942, "support": 54.0}, "samples avg": {"precision": 0.4875, "recall": 0.5125, "f1-score": 0.4958333333333333, "support": 54.0}}