{"economic": {"precision": 0.8076923076923077, "recall": 0.6774193548387096, "f1-score": 0.7368421052631579, "support": 31.0}, "noneconomic": {"precision": 0.8372093023255814, "recall": 0.935064935064935, "f1-score": 0.8834355828220859, "support": 77.0}, "micro avg": {"precision": 0.8303571428571429, "recall": 0.8611111111111112, "f1-score": 0.8454545454545455, "support": 108.0}, "macro avg": {"precision": 0.8224508050089445, "recall": 0.8062421449518223, "f1-score": 0.8101388440426218, "support": 108.0}, "weighted avg": {"precision": 0.8287368316438085, "recall": 0.8611111111111112, "f1-score": 0.8413578253746158, "support": 108.0}, "samples avg": {"precision": 0.7935779816513762, "recall": 0.8211009174311926, "f1-score": 0.8012232415902142, "support": 108.0}}