{"economic": {"precision": 0.8571428571428571, "recall": 0.967741935483871, "f1-score": 0.9090909090909091, "support": 31.0}, "noneconomic": {"precision": 0.8840579710144928, "recall": 0.8840579710144928, "f1-score": 0.8840579710144928, "support": 69.0}, "micro avg": {"precision": 0.875, "recall": 0.91, "f1-score": 0.8921568627450981, "support": 100.0}, "macro avg": {"precision": 0.870600414078675, "recall": 0.9258999532491818, "f1-score": 0.8965744400527009, "support": 100.0}, "weighted avg": {"precision": 0.8757142857142857, "recall": 0.91, "f1-score": 0.8918181818181818, "support": 100.0}, "samples avg": {"precision": 0.8505154639175257, "recall": 0.8865979381443299, "f1-score": 0.8556701030927835, "support": 100.0}}