{"economic__class_membership": {"precision": 1.0, "recall": 0.4, "f1-score": 0.5714285714285714, "support": 5.0}, "economic__ecology_of_group": {"precision": 1.0, "recall": 0.4, "f1-score": 0.5714285714285714, "support": 5.0}, "economic__education_level": {"precision": 1.0, "recall": 1.0, "f1-score": 1.0, "support": 2.0}, "economic__employment_status": {"precision": 1.0, "recall": 0.42857142857142855, "f1-score": 0.6, "support": 7.0}, "economic__income_wealth_economic_status": {"precision": 1.0, "recall": 0.45454545454545453, "f1-score": 0.625, "support": 11.0}, "economic__occupation_profession": {"precision": 0.75, "recall": 0.5294117647058824, "f1-score": 0.6206896551724138, "support": 17.0}, "micro avg": {"precision": 0.8846153846153846, "recall": 0.48936170212765956, "f1-score": 0.6301369863013698, "support": 47.0}, "macro avg": {"precision": 0.9583333333333334, "recall": 0.5354214413037942, "f1-score": 0.6647577996715928, "support": 47.0}, "weighted avg": {"precision": 0.9095744680851063, "recall": 0.48936170212765956, "f1-score": 0.6242768053663138, "support": 47.0}, "samples avg": {"precision": 0.15441176470588236, "recall": 0.14705882352941177, "f1-score": 0.14705882352941177, "support": 47.0}}