{"economic__education_level": {"precision": 1.0, "recall": 1.0, "f1-score": 1.0, "support": 3.0}, "economic__employment_status": {"precision": 0.9, "recall": 1.0, "f1-score": 0.9473684210526315, "support": 9.0}, "economic__income_wealth_economic_status": {"precision": 1.0, "recall": 0.8, "f1-score": 0.8888888888888888, "support": 5.0}, "economic__occupation_profession": {"precision": 0.8333333333333334, "recall": 0.8333333333333334, "f1-score": 0.8333333333333334, "support": 18.0}, "micro avg": {"precision": 0.8857142857142857, "recall": 0.8857142857142857, "f1-score": 0.8857142857142857, "support": 35.0}, "macro avg": {"precision": 0.9333333333333333, "recall": 0.9083333333333333, "f1-score": 0.9173976608187134, "support": 35.0}, "weighted avg": {"precision": 0.8885714285714286, "recall": 0.8857142857142857, "f1-score": 0.8848788638262323, "support": 35.0}, "samples avg": {"precision": 0.24347826086956523, "recall": 0.24782608695652175, "f1-score": 0.24347826086956523, "support": 35.0}}