{"noneconomic__age": {"precision": 0.6190476190476191, "recall": 1.0, "f1-score": 0.7647058823529411, "support": 13.0}, "noneconomic__crime": {"precision": 1.0, "recall": 0.8, "f1-score": 0.8888888888888888, "support": 5.0}, "noneconomic__ethnicity": {"precision": 0.3333333333333333, "recall": 1.0, "f1-score": 0.5, "support": 1.0}, "noneconomic__family": {"precision": 0.75, "recall": 0.8571428571428571, "f1-score": 0.8, "support": 7.0}, "noneconomic__gender_sexuality": {"precision": 1.0, "recall": 0.75, "f1-score": 0.8571428571428571, "support": 4.0}, "noneconomic__health": {"precision": 0.3333333333333333, "recall": 0.5, "f1-score": 0.4, "support": 2.0}, "noneconomic__nationality": {"precision": 1.0, "recall": 0.5555555555555556, "f1-score": 0.7142857142857143, "support": 9.0}, "noneconomic__place_location": {"precision": 0.0, "recall": 0.0, "f1-score": 0.0, "support": 2.0}, "noneconomic__religion": {"precision": 0.0, "recall": 0.0, "f1-score": 0.0, "support": 0.0}, "noneconomic__shared_values_mentalities": {"precision": 0.75, "recall": 0.46153846153846156, "f1-score": 0.5714285714285714, "support": 13.0}, "micro avg": {"precision": 0.6724137931034483, "recall": 0.6964285714285714, "f1-score": 0.6842105263157895, "support": 56.0}, "macro avg": {"precision": 0.5785714285714285, "recall": 0.5924236874236875, "f1-score": 0.5496451914098973, "support": 56.0}, "weighted avg": {"precision": 0.7508503401360545, "recall": 0.6964285714285714, "f1-score": 0.6887738428704815, "support": 56.0}, "samples avg": {"precision": 0.4176470588235294, "recall": 0.41960784313725485, "f1-score": 0.4113725490196078, "support": 56.0}}