{"economic": {"precision": 0.8571428571428571, "recall": 0.6206896551724138, "f1-score": 0.72, "support": 29.0}, "noneconomic": {"precision": 0.8611111111111112, "recall": 0.9393939393939394, "f1-score": 0.8985507246376812, "support": 66.0}, "micro avg": {"precision": 0.8602150537634409, "recall": 0.8421052631578947, "f1-score": 0.851063829787234, "support": 95.0}, "macro avg": {"precision": 0.8591269841269842, "recall": 0.7800417972831766, "f1-score": 0.8092753623188406, "support": 95.0}, "weighted avg": {"precision": 0.8598997493734336, "recall": 0.8421052631578947, "f1-score": 0.844045766590389, "support": 95.0}, "samples avg": {"precision": 0.8636363636363636, "recall": 0.8181818181818182, "f1-score": 0.8333333333333335, "support": 95.0}}