{"noneconomic__age": {"precision": 0.3333333333333333, "recall": 0.5, "f1-score": 0.4, "support": 4.0}, "noneconomic__crime": {"precision": 1.0, "recall": 0.7272727272727273, "f1-score": 0.8421052631578947, "support": 11.0}, "noneconomic__ethnicity": {"precision": 0.6, "recall": 0.75, "f1-score": 0.6666666666666666, "support": 4.0}, "noneconomic__family": {"precision": 0.75, "recall": 0.75, "f1-score": 0.75, "support": 4.0}, "noneconomic__gender_sexuality": {"precision": 1.0, "recall": 0.9545454545454546, "f1-score": 0.9767441860465116, "support": 22.0}, "noneconomic__health": {"precision": 1.0, "recall": 0.8, "f1-score": 0.8888888888888888, "support": 5.0}, "noneconomic__nationality": {"precision": 1.0, "recall": 0.8888888888888888, "f1-score": 0.9411764705882353, "support": 9.0}, "noneconomic__place_location": {"precision": 0.75, "recall": 0.5, "f1-score": 0.6, "support": 6.0}, "noneconomic__religion": {"precision": 0.8, "recall": 0.8, "f1-score": 0.8, "support": 5.0}, "noneconomic__shared_values_mentalities": {"precision": 0.7777777777777778, "recall": 0.7, "f1-score": 0.7368421052631579, "support": 10.0}, "micro avg": {"precision": 0.8513513513513513, "recall": 0.7875, "f1-score": 0.8181818181818182, "support": 80.0}, "macro avg": {"precision": 0.8011111111111111, "recall": 0.7370707070707071, "f1-score": 0.7602423580611354, "support": 80.0}, "weighted avg": {"precision": 0.8751388888888888, "recall": 0.7875, "f1-score": 0.8237706298349613, "support": 80.0}, "samples avg": {"precision": 0.5567010309278351, "recall": 0.5687285223367697, "f1-score": 0.5594501718213059, "support": 80.0}}