{"economic": {"precision": 0.8, "recall": 0.9411764705882353, "f1-score": 0.8648648648648649, "support": 34.0}, "noneconomic": {"precision": 0.9215686274509803, "recall": 0.94, "f1-score": 0.9306930693069307, "support": 50.0}, "micro avg": {"precision": 0.8681318681318682, "recall": 0.9404761904761905, "f1-score": 0.9028571428571428, "support": 84.0}, "macro avg": {"precision": 0.8607843137254902, "recall": 0.9405882352941176, "f1-score": 0.8977789670858978, "support": 84.0}, "weighted avg": {"precision": 0.8723622782446312, "recall": 0.9404761904761905, "f1-score": 0.9040483198899041, "support": 84.0}, "samples avg": {"precision": 0.8588235294117647, "recall": 0.888235294117647, "f1-score": 0.8666666666666667, "support": 84.0}}