{"noneconomic__age": {"precision": 0.75, "recall": 0.8571428571428571, "f1-score": 0.8, "support": 7.0}, "noneconomic__crime": {"precision": 1.0, "recall": 0.3333333333333333, "f1-score": 0.5, "support": 3.0}, "noneconomic__ethnicity": {"precision": 0.6, "recall": 1.0, "f1-score": 0.75, "support": 3.0}, "noneconomic__family": {"precision": 1.0, "recall": 1.0, "f1-score": 1.0, "support": 5.0}, "noneconomic__gender_sexuality": {"precision": 1.0, "recall": 0.8, "f1-score": 0.8888888888888888, "support": 10.0}, "noneconomic__health": {"precision": 1.0, "recall": 0.6666666666666666, "f1-score": 0.8, "support": 3.0}, "noneconomic__nationality": {"precision": 0.5, "recall": 0.5, "f1-score": 0.5, "support": 4.0}, "noneconomic__place_location": {"precision": 0.0, "recall": 0.0, "f1-score": 0.0, "support": 1.0}, "noneconomic__religion": {"precision": 0.8, "recall": 1.0, "f1-score": 0.8888888888888888, "support": 4.0}, "noneconomic__shared_values_mentalities": {"precision": 0.9166666666666666, "recall": 0.8461538461538461, "f1-score": 0.88, "support": 13.0}, "micro avg": {"precision": 0.84, "recall": 0.7924528301886793, "f1-score": 0.8155339805825242, "support": 53.0}, "macro avg": {"precision": 0.7566666666666666, "recall": 0.7003296703296703, "f1-score": 0.7007777777777778, "support": 53.0}, "weighted avg": {"precision": 0.8522012578616351, "recall": 0.7924528301886793, "f1-score": 0.8044234800838576, "support": 53.0}, "samples avg": {"precision": 0.43621399176954734, "recall": 0.4403292181069959, "f1-score": 0.4316872427983539, "support": 53.0}}