{"economic__education_level": {"precision": 0.0, "recall": 0.0, "f1-score": 0.0, "support": 1.0}, "economic__employment_status": {"precision": 0.8571428571428571, "recall": 0.6666666666666666, "f1-score": 0.75, "support": 9.0}, "economic__income_wealth_economic_status": {"precision": 0.7777777777777778, "recall": 0.4666666666666667, "f1-score": 0.5833333333333334, "support": 15.0}, "economic__occupation_profession": {"precision": 0.8, "recall": 0.5714285714285714, "f1-score": 0.6666666666666666, "support": 7.0}, "micro avg": {"precision": 0.8095238095238095, "recall": 0.53125, "f1-score": 0.6415094339622641, "support": 32.0}, "macro avg": {"precision": 0.6087301587301588, "recall": 0.4261904761904762, "f1-score": 0.5, "support": 32.0}, "weighted avg": {"precision": 0.7806547619047619, "recall": 0.53125, "f1-score": 0.6302083333333333, "support": 32.0}, "samples avg": {"precision": 0.14678899082568808, "recall": 0.15137614678899083, "f1-score": 0.14678899082568808, "support": 32.0}}