{"economic": {"precision": 0.7142857142857143, "recall": 0.6896551724137931, "f1-score": 0.7017543859649122, "support": 29.0}, "noneconomic": {"precision": 0.921875, "recall": 0.8939393939393939, "f1-score": 0.9076923076923077, "support": 66.0}, "micro avg": {"precision": 0.8586956521739131, "recall": 0.8315789473684211, "f1-score": 0.8449197860962567, "support": 95.0}, "macro avg": {"precision": 0.8180803571428572, "recall": 0.7917972831765936, "f1-score": 0.8047233468286099, "support": 95.0}, "weighted avg": {"precision": 0.8585056390977445, "recall": 0.8315789473684211, "f1-score": 0.8448270473755238, "support": 95.0}, "samples avg": {"precision": 0.8238636363636364, "recall": 0.8125, "f1-score": 0.8030303030303031, "support": 95.0}}