{"noneconomic__age": {"precision": 0.8666666666666667, "recall": 1.0, "f1-score": 0.9285714285714286, "support": 13.0}, "noneconomic__crime": {"precision": 1.0, "recall": 1.0, "f1-score": 1.0, "support": 5.0}, "noneconomic__ethnicity": {"precision": 0.0, "recall": 0.0, "f1-score": 0.0, "support": 1.0}, "noneconomic__family": {"precision": 1.0, "recall": 0.8571428571428571, "f1-score": 0.9230769230769231, "support": 7.0}, "noneconomic__gender_sexuality": {"precision": 0.75, "recall": 0.75, "f1-score": 0.75, "support": 4.0}, "noneconomic__health": {"precision": 0.6666666666666666, "recall": 1.0, "f1-score": 0.8, "support": 2.0}, "noneconomic__nationality": {"precision": 0.9, "recall": 1.0, "f1-score": 0.9473684210526315, "support": 9.0}, "noneconomic__place_location": {"precision": 0.0, "recall": 0.0, "f1-score": 0.0, "support": 2.0}, "noneconomic__religion": {"precision": 0.0, "recall": 0.0, "f1-score": 0.0, "support": 0.0}, "noneconomic__shared_values_mentalities": {"precision": 0.7692307692307693, "recall": 0.7692307692307693, "f1-score": 0.7692307692307693, "support": 13.0}, "micro avg": {"precision": 0.8421052631578947, "recall": 0.8571428571428571, "f1-score": 0.8495575221238938, "support": 56.0}, "macro avg": {"precision": 0.5952564102564103, "recall": 0.6376373626373627, "f1-score": 0.6118247541931752, "support": 56.0}, "weighted avg": {"precision": 0.8160714285714287, "recall": 0.8571428571428571, "f1-score": 0.8332014789721557, "support": 56.0}, "samples avg": {"precision": 0.49411764705882355, "recall": 0.5058823529411764, "f1-score": 0.49411764705882355, "support": 56.0}}