{"economic": {"precision": 0.9090909090909091, "recall": 0.8571428571428571, "f1-score": 0.8823529411764706, "support": 35.0}, "noneconomic": {"precision": 0.8688524590163934, "recall": 0.9814814814814815, "f1-score": 0.9217391304347826, "support": 54.0}, "micro avg": {"precision": 0.8829787234042553, "recall": 0.9325842696629213, "f1-score": 0.907103825136612, "support": 89.0}, "macro avg": {"precision": 0.8889716840536512, "recall": 0.9193121693121693, "f1-score": 0.9020460358056266, "support": 89.0}, "weighted avg": {"precision": 0.8846765685962591, "recall": 0.9325842696629213, "f1-score": 0.9062501796028622, "support": 89.0}, "samples avg": {"precision": 0.7606382978723404, "recall": 0.7872340425531915, "f1-score": 0.7695035460992908, "support": 89.0}}