{"economic__class_membership": {"precision": 0.0, "recall": 0.0, "f1-score": 0.0, "support": 5.0}, "economic__ecology_of_group": {"precision": 0.75, "recall": 1.0, "f1-score": 0.8571428571428571, "support": 3.0}, "economic__education_level": {"precision": 0.6666666666666666, "recall": 0.6666666666666666, "f1-score": 0.6666666666666666, "support": 3.0}, "economic__employment_status": {"precision": 0.625, "recall": 1.0, "f1-score": 0.7692307692307693, "support": 5.0}, "economic__income_wealth_economic_status": {"precision": 1.0, "recall": 0.6, "f1-score": 0.75, "support": 10.0}, "economic__occupation_profession": {"precision": 1.0, "recall": 0.9166666666666666, "f1-score": 0.9565217391304348, "support": 12.0}, "micro avg": {"precision": 0.7714285714285715, "recall": 0.7105263157894737, "f1-score": 0.7397260273972602, "support": 38.0}, "macro avg": {"precision": 0.673611111111111, "recall": 0.6972222222222223, "f1-score": 0.6665936720284545, "support": 38.0}, "weighted avg": {"precision": 0.7730263157894737, "recall": 0.7105263157894737, "f1-score": 0.720943244398622, "support": 38.0}, "samples avg": {"precision": 0.30246913580246915, "recall": 0.2962962962962963, "f1-score": 0.2962962962962963, "support": 38.0}}