{"economic__class_membership": {"precision": 0.0, "recall": 0.0, "f1-score": 0.0, "support": 0.0}, "economic__ecology_of_group": {"precision": 0.0, "recall": 0.0, "f1-score": 0.0, "support": 2.0}, "economic__education_level": {"precision": 1.0, "recall": 0.6666666666666666, "f1-score": 0.8, "support": 3.0}, "economic__employment_status": {"precision": 0.6666666666666666, "recall": 0.4, "f1-score": 0.5, "support": 5.0}, "economic__income_wealth_economic_status": {"precision": 0.6666666666666666, "recall": 0.6666666666666666, "f1-score": 0.6666666666666666, "support": 6.0}, "economic__occupation_profession": {"precision": 1.0, "recall": 0.375, "f1-score": 0.5454545454545454, "support": 16.0}, "micro avg": {"precision": 0.7, "recall": 0.4375, "f1-score": 0.5384615384615384, "support": 32.0}, "macro avg": {"precision": 0.5555555555555555, "recall": 0.3513888888888889, "f1-score": 0.4186868686868687, "support": 32.0}, "weighted avg": {"precision": 0.8229166666666666, "recall": 0.4375, "f1-score": 0.5508522727272727, "support": 32.0}, "samples avg": {"precision": 0.12886597938144329, "recall": 0.13917525773195877, "f1-score": 0.13058419243986255, "support": 32.0}}