{"economic__education_level": {"precision": 1.0, "recall": 1.0, "f1-score": 1.0, "support": 1.0}, "economic__employment_status": {"precision": 0.75, "recall": 1.0, "f1-score": 0.8571428571428571, "support": 9.0}, "economic__income_wealth_economic_status": {"precision": 0.6428571428571429, "recall": 0.6, "f1-score": 0.6206896551724138, "support": 15.0}, "economic__occupation_profession": {"precision": 0.75, "recall": 0.42857142857142855, "f1-score": 0.5454545454545454, "support": 7.0}, "micro avg": {"precision": 0.7096774193548387, "recall": 0.6875, "f1-score": 0.6984126984126984, "support": 32.0}, "macro avg": {"precision": 0.7857142857142857, "recall": 0.7571428571428571, "f1-score": 0.7558217644424541, "support": 32.0}, "weighted avg": {"precision": 0.7075892857142858, "recall": 0.6875, "f1-score": 0.6825878862516793, "support": 32.0}, "samples avg": {"precision": 0.1926605504587156, "recall": 0.19724770642201836, "f1-score": 0.1926605504587156, "support": 32.0}}