{"economic__education_level": {"precision": 0.0, "recall": 0.0, "f1-score": 0.0, "support": 1.0}, "economic__employment_status": {"precision": 0.375, "recall": 0.3333333333333333, "f1-score": 0.35294117647058826, "support": 9.0}, "economic__income_wealth_economic_status": {"precision": 0.7272727272727273, "recall": 0.5333333333333333, "f1-score": 0.6153846153846154, "support": 15.0}, "economic__occupation_profession": {"precision": 0.16666666666666666, "recall": 0.14285714285714285, "f1-score": 0.15384615384615385, "support": 7.0}, "micro avg": {"precision": 0.375, "recall": 0.375, "f1-score": 0.375, "support": 32.0}, "macro avg": {"precision": 0.3172348484848485, "recall": 0.2523809523809524, "f1-score": 0.28054298642533937, "support": 32.0}, "weighted avg": {"precision": 0.48283617424242425, "recall": 0.375, "f1-score": 0.4213800904977376, "support": 32.0}, "samples avg": {"precision": 0.09174311926605505, "recall": 0.11009174311926606, "f1-score": 0.09785932721712538, "support": 32.0}}