{"economic__class_membership": {"precision": 0.0, "recall": 0.0, "f1-score": 0.0, "support": 5.0}, "economic__ecology_of_group": {"precision": 0.3333333333333333, "recall": 0.3333333333333333, "f1-score": 0.3333333333333333, "support": 3.0}, "economic__education_level": {"precision": 1.0, "recall": 1.0, "f1-score": 1.0, "support": 3.0}, "economic__employment_status": {"precision": 0.25, "recall": 0.2, "f1-score": 0.2222222222222222, "support": 5.0}, "economic__income_wealth_economic_status": {"precision": 0.875, "recall": 0.7, "f1-score": 0.7777777777777778, "support": 10.0}, "economic__occupation_profession": {"precision": 1.0, "recall": 0.8333333333333334, "f1-score": 0.9090909090909091, "support": 12.0}, "micro avg": {"precision": 0.7333333333333333, "recall": 0.5789473684210527, "f1-score": 0.6470588235294118, "support": 38.0}, "macro avg": {"precision": 0.5763888888888888, "recall": 0.5111111111111112, "f1-score": 0.5404040404040403, "support": 38.0}, "weighted avg": {"precision": 0.6842105263157895, "recall": 0.5789473684210527, "f1-score": 0.6262626262626263, "support": 38.0}, "samples avg": {"precision": 0.22016460905349794, "recall": 0.24074074074074073, "f1-score": 0.22016460905349794, "support": 38.0}}