{"noneconomic__age": {"precision": 1.0, "recall": 0.625, "f1-score": 0.7692307692307693, "support": 16.0}, "noneconomic__crime": {"precision": 1.0, "recall": 0.875, "f1-score": 0.9333333333333333, "support": 8.0}, "noneconomic__ethnicity": {"precision": 1.0, "recall": 0.5, "f1-score": 0.6666666666666666, "support": 6.0}, "noneconomic__family": {"precision": 0.3333333333333333, "recall": 1.0, "f1-score": 0.5, "support": 1.0}, "noneconomic__gender_sexuality": {"precision": 1.0, "recall": 0.92, "f1-score": 0.9583333333333334, "support": 25.0}, "noneconomic__health": {"precision": 0.75, "recall": 0.375, "f1-score": 0.5, "support": 8.0}, "noneconomic__nationality": {"precision": 0.7, "recall": 0.7777777777777778, "f1-score": 0.7368421052631579, "support": 9.0}, "noneconomic__place_location": {"precision": 1.0, "recall": 0.5, "f1-score": 0.6666666666666666, "support": 2.0}, "noneconomic__religion": {"precision": 1.0, "recall": 0.8, "f1-score": 0.8888888888888888, "support": 5.0}, "noneconomic__shared_values_mentalities": {"precision": 0.7857142857142857, "recall": 0.6111111111111112, "f1-score": 0.6875, "support": 18.0}, "micro avg": {"precision": 0.8860759493670886, "recall": 0.7142857142857143, "f1-score": 0.7909604519774012, "support": 98.0}, "macro avg": {"precision": 0.856904761904762, "recall": 0.6983888888888888, "f1-score": 0.7307461763382816, "support": 98.0}, "weighted avg": {"precision": 0.9058794946550047, "recall": 0.7142857142857143, "f1-score": 0.7858882554371277, "support": 98.0}, "samples avg": {"precision": 0.5675675675675675, "recall": 0.5375375375375376, "f1-score": 0.5435435435435436, "support": 98.0}}