{"noneconomic__age": {"precision": 0.9285714285714286, "recall": 0.9285714285714286, "f1-score": 0.9285714285714286, "support": 14.0}, "noneconomic__crime": {"precision": 1.0, "recall": 0.8333333333333334, "f1-score": 0.9090909090909091, "support": 6.0}, "noneconomic__ethnicity": {"precision": 0.8333333333333334, "recall": 1.0, "f1-score": 0.9090909090909091, "support": 5.0}, "noneconomic__family": {"precision": 1.0, "recall": 0.8333333333333334, "f1-score": 0.9090909090909091, "support": 6.0}, "noneconomic__gender_sexuality": {"precision": 1.0, "recall": 0.95, "f1-score": 0.9743589743589743, "support": 20.0}, "noneconomic__health": {"precision": 1.0, "recall": 1.0, "f1-score": 1.0, "support": 2.0}, "noneconomic__nationality": {"precision": 1.0, "recall": 0.6, "f1-score": 0.75, "support": 15.0}, "noneconomic__place_location": {"precision": 1.0, "recall": 0.75, "f1-score": 0.8571428571428571, "support": 4.0}, "noneconomic__religion": {"precision": 1.0, "recall": 1.0, "f1-score": 1.0, "support": 4.0}, "noneconomic__shared_values_mentalities": {"precision": 0.7647058823529411, "recall": 0.8666666666666667, "f1-score": 0.8125, "support": 15.0}, "micro avg": {"precision": 0.9285714285714286, "recall": 0.8571428571428571, "f1-score": 0.8914285714285715, "support": 91.0}, "macro avg": {"precision": 0.9526610644257705, "recall": 0.8761904761904763, "f1-score": 0.9049845987345988, "support": 91.0}, "weighted avg": {"precision": 0.9410687351863822, "recall": 0.8571428571428571, "f1-score": 0.887997762310949, "support": 91.0}, "samples avg": {"precision": 0.6116207951070337, "recall": 0.6077981651376146, "f1-score": 0.6054172127566623, "support": 91.0}}