{"noneconomic__age": {"precision": 0.9285714285714286, "recall": 0.8125, "f1-score": 0.8666666666666667, "support": 16.0}, "noneconomic__crime": {"precision": 1.0, "recall": 1.0, "f1-score": 1.0, "support": 8.0}, "noneconomic__ethnicity": {"precision": 0.8333333333333334, "recall": 0.8333333333333334, "f1-score": 0.8333333333333334, "support": 6.0}, "noneconomic__family": {"precision": 0.5, "recall": 1.0, "f1-score": 0.6666666666666666, "support": 1.0}, "noneconomic__gender_sexuality": {"precision": 1.0, "recall": 0.96, "f1-score": 0.9795918367346939, "support": 25.0}, "noneconomic__health": {"precision": 1.0, "recall": 0.375, "f1-score": 0.5454545454545454, "support": 8.0}, "noneconomic__nationality": {"precision": 0.75, "recall": 0.6666666666666666, "f1-score": 0.7058823529411765, "support": 9.0}, "noneconomic__place_location": {"precision": 1.0, "recall": 1.0, "f1-score": 1.0, "support": 2.0}, "noneconomic__religion": {"precision": 0.5714285714285714, "recall": 0.8, "f1-score": 0.6666666666666666, "support": 5.0}, "noneconomic__shared_values_mentalities": {"precision": 0.9, "recall": 0.5, "f1-score": 0.6428571428571429, "support": 18.0}, "micro avg": {"precision": 0.8928571428571429, "recall": 0.7653061224489796, "f1-score": 0.8241758241758241, "support": 98.0}, "macro avg": {"precision": 0.8483333333333333, "recall": 0.79475, "f1-score": 0.7907119211320893, "support": 98.0}, "weighted avg": {"precision": 0.9098396501457727, "recall": 0.7653061224489796, "f1-score": 0.8126986601690769, "support": 98.0}, "samples avg": {"precision": 0.5585585585585585, "recall": 0.5645645645645646, "f1-score": 0.5495495495495496, "support": 98.0}}