{"economic": {"precision": 0.7209302325581395, "recall": 0.9393939393939394, "f1-score": 0.8157894736842105, "support": 33.0}, "noneconomic": {"precision": 0.918918918918919, "recall": 0.7083333333333334, "f1-score": 0.8, "support": 48.0}, "micro avg": {"precision": 0.8125, "recall": 0.8024691358024691, "f1-score": 0.8074534161490683, "support": 81.0}, "macro avg": {"precision": 0.8199245757385292, "recall": 0.8238636363636365, "f1-score": 0.8078947368421052, "support": 81.0}, "weighted avg": {"precision": 0.8382568615126755, "recall": 0.8024691358024691, "f1-score": 0.8064327485380117, "support": 81.0}, "samples avg": {"precision": 0.80625, "recall": 0.76875, "f1-score": 0.7791666666666666, "support": 81.0}}