{"economic__education_level": {"precision": 0.75, "recall": 0.75, "f1-score": 0.75, "support": 4.0}, "economic__employment_status": {"precision": 0.6666666666666666, "recall": 1.0, "f1-score": 0.8, "support": 2.0}, "economic__income_wealth_economic_status": {"precision": 0.5, "recall": 0.625, "f1-score": 0.5555555555555556, "support": 8.0}, "economic__occupation_profession": {"precision": 0.9333333333333333, "recall": 0.5833333333333334, "f1-score": 0.717948717948718, "support": 24.0}, "micro avg": {"precision": 0.75, "recall": 0.631578947368421, "f1-score": 0.6857142857142857, "support": 38.0}, "macro avg": {"precision": 0.7124999999999999, "recall": 0.7395833333333334, "f1-score": 0.7058760683760684, "support": 38.0}, "weighted avg": {"precision": 0.8087719298245614, "recall": 0.631578947368421, "f1-score": 0.6914529914529914, "support": 38.0}, "samples avg": {"precision": 0.21171171171171171, "recall": 0.21171171171171171, "f1-score": 0.2102102102102102, "support": 38.0}}