{"economic__education_level": {"precision": 0.5, "recall": 0.3333333333333333, "f1-score": 0.4, "support": 3.0}, "economic__employment_status": {"precision": 0.8888888888888888, "recall": 0.8, "f1-score": 0.8421052631578947, "support": 10.0}, "economic__income_wealth_economic_status": {"precision": 1.0, "recall": 0.4, "f1-score": 0.5714285714285714, "support": 5.0}, "economic__occupation_profession": {"precision": 0.9166666666666666, "recall": 0.5789473684210527, "f1-score": 0.7096774193548387, "support": 19.0}, "micro avg": {"precision": 0.88, "recall": 0.5945945945945946, "f1-score": 0.7096774193548387, "support": 37.0}, "macro avg": {"precision": 0.8263888888888888, "recall": 0.5280701754385965, "f1-score": 0.6308028134853262, "support": 37.0}, "weighted avg": {"precision": 0.8866366366366367, "recall": 0.5945945945945946, "f1-score": 0.7016774717963173, "support": 37.0}, "samples avg": {"precision": 0.2662337662337662, "recall": 0.2727272727272727, "f1-score": 0.26839826839826836, "support": 37.0}}