{"noneconomic__age": {"precision": 1.0, "recall": 1.0, "f1-score": 1.0, "support": 5.0}, "noneconomic__crime": {"precision": 1.0, "recall": 1.0, "f1-score": 1.0, "support": 1.0}, "noneconomic__ethnicity": {"precision": 0.6666666666666666, "recall": 1.0, "f1-score": 0.8, "support": 2.0}, "noneconomic__family": {"precision": 1.0, "recall": 1.0, "f1-score": 1.0, "support": 1.0}, "noneconomic__gender_sexuality": {"precision": 1.0, "recall": 0.6666666666666666, "f1-score": 0.8, "support": 3.0}, "noneconomic__health": {"precision": 1.0, "recall": 0.25, "f1-score": 0.4, "support": 4.0}, "noneconomic__nationality": {"precision": 0.9090909090909091, "recall": 0.6666666666666666, "f1-score": 0.7692307692307693, "support": 15.0}, "noneconomic__place_location": {"precision": 1.0, "recall": 0.16666666666666666, "f1-score": 0.2857142857142857, "support": 6.0}, "noneconomic__religion": {"precision": 1.0, "recall": 0.6666666666666666, "f1-score": 0.8, "support": 3.0}, "noneconomic__shared_values_mentalities": {"precision": 0.75, "recall": 0.5294117647058824, "f1-score": 0.6206896551724138, "support": 17.0}, "micro avg": {"precision": 0.8717948717948718, "recall": 0.5964912280701754, "f1-score": 0.7083333333333334, "support": 57.0}, "macro avg": {"precision": 0.9325757575757576, "recall": 0.6946078431372549, "f1-score": 0.7475634710117468, "support": 57.0}, "weighted avg": {"precision": 0.889819245082403, "recall": 0.5964912280701754, "f1-score": 0.6807801998364612, "support": 57.0}, "samples avg": {"precision": 0.3852813852813852, "recall": 0.3474025974025974, "f1-score": 0.35961657390228824, "support": 57.0}}