{"noneconomic__age": {"precision": 0.5, "recall": 0.5, "f1-score": 0.5, "support": 4.0}, "noneconomic__crime": {"precision": 1.0, "recall": 0.7272727272727273, "f1-score": 0.8421052631578947, "support": 11.0}, "noneconomic__ethnicity": {"precision": 0.6, "recall": 0.75, "f1-score": 0.6666666666666666, "support": 4.0}, "noneconomic__family": {"precision": 0.75, "recall": 0.75, "f1-score": 0.75, "support": 4.0}, "noneconomic__gender_sexuality": {"precision": 1.0, "recall": 0.9090909090909091, "f1-score": 0.9523809523809523, "support": 22.0}, "noneconomic__health": {"precision": 1.0, "recall": 0.8, "f1-score": 0.8888888888888888, "support": 5.0}, "noneconomic__nationality": {"precision": 0.875, "recall": 0.7777777777777778, "f1-score": 0.8235294117647058, "support": 9.0}, "noneconomic__place_location": {"precision": 1.0, "recall": 0.3333333333333333, "f1-score": 0.5, "support": 6.0}, "noneconomic__religion": {"precision": 0.6666666666666666, "recall": 0.8, "f1-score": 0.7272727272727273, "support": 5.0}, "noneconomic__shared_values_mentalities": {"precision": 0.7777777777777778, "recall": 0.7, "f1-score": 0.7368421052631579, "support": 10.0}, "micro avg": {"precision": 0.8571428571428571, "recall": 0.75, "f1-score": 0.8, "support": 80.0}, "macro avg": {"precision": 0.8169444444444445, "recall": 0.7047474747474748, "f1-score": 0.7387686015394993, "support": 80.0}, "weighted avg": {"precision": 0.8798263888888889, "recall": 0.75, "f1-score": 0.7967899919138309, "support": 80.0}, "samples avg": {"precision": 0.520618556701031, "recall": 0.5378006872852233, "f1-score": 0.5250859106529209, "support": 80.0}}