{"noneconomic__age": {"precision": 1.0, "recall": 0.16666666666666666, "f1-score": 0.2857142857142857, "support": 6.0}, "noneconomic__crime": {"precision": 1.0, "recall": 1.0, "f1-score": 1.0, "support": 5.0}, "noneconomic__ethnicity": {"precision": 0.0, "recall": 0.0, "f1-score": 0.0, "support": 0.0}, "noneconomic__family": {"precision": 0.9, "recall": 0.8181818181818182, "f1-score": 0.8571428571428571, "support": 11.0}, "noneconomic__gender_sexuality": {"precision": 1.0, "recall": 0.8571428571428571, "f1-score": 0.9230769230769231, "support": 7.0}, "noneconomic__health": {"precision": 1.0, "recall": 1.0, "f1-score": 1.0, "support": 4.0}, "noneconomic__nationality": {"precision": 0.8181818181818182, "recall": 0.9, "f1-score": 0.8571428571428571, "support": 10.0}, "noneconomic__place_location": {"precision": 0.0, "recall": 0.0, "f1-score": 0.0, "support": 6.0}, "noneconomic__religion": {"precision": 0.0, "recall": 0.0, "f1-score": 0.0, "support": 0.0}, "noneconomic__shared_values_mentalities": {"precision": 0.9411764705882353, "recall": 0.6956521739130435, "f1-score": 0.8, "support": 23.0}, "micro avg": {"precision": 0.8620689655172413, "recall": 0.6944444444444444, "f1-score": 0.7692307692307693, "support": 72.0}, "macro avg": {"precision": 0.6659358288770054, "recall": 0.5437643515904386, "f1-score": 0.5723076923076923, "support": 72.0}, "weighted avg": {"precision": 0.8573455139631609, "recall": 0.6944444444444444, "f1-score": 0.7441086691086691, "support": 72.0}, "samples avg": {"precision": 0.5511363636363636, "recall": 0.5397727272727273, "f1-score": 0.5378787878787878, "support": 72.0}}