{"noneconomic__age": {"precision": 0.8571428571428571, "recall": 0.375, "f1-score": 0.5217391304347826, "support": 16.0}, "noneconomic__crime": {"precision": 1.0, "recall": 1.0, "f1-score": 1.0, "support": 8.0}, "noneconomic__ethnicity": {"precision": 1.0, "recall": 0.8333333333333334, "f1-score": 0.9090909090909091, "support": 6.0}, "noneconomic__family": {"precision": 0.3333333333333333, "recall": 1.0, "f1-score": 0.5, "support": 1.0}, "noneconomic__gender_sexuality": {"precision": 0.96, "recall": 0.96, "f1-score": 0.96, "support": 25.0}, "noneconomic__health": {"precision": 1.0, "recall": 0.375, "f1-score": 0.5454545454545454, "support": 8.0}, "noneconomic__nationality": {"precision": 0.875, "recall": 0.7777777777777778, "f1-score": 0.8235294117647058, "support": 9.0}, "noneconomic__place_location": {"precision": 1.0, "recall": 1.0, "f1-score": 1.0, "support": 2.0}, "noneconomic__religion": {"precision": 1.0, "recall": 0.8, "f1-score": 0.8888888888888888, "support": 5.0}, "noneconomic__shared_values_mentalities": {"precision": 0.8571428571428571, "recall": 0.6666666666666666, "f1-score": 0.75, "support": 18.0}, "micro avg": {"precision": 0.9113924050632911, "recall": 0.7346938775510204, "f1-score": 0.8135593220338984, "support": 98.0}, "macro avg": {"precision": 0.8882619047619048, "recall": 0.7787777777777778, "f1-score": 0.7898702885633833, "support": 98.0}, "weighted avg": {"precision": 0.9219509232264335, "recall": 0.7346938775510204, "f1-score": 0.7961450719945422, "support": 98.0}, "samples avg": {"precision": 0.5405405405405406, "recall": 0.5183183183183182, "f1-score": 0.5219219219219219, "support": 98.0}}