{"economic": {"precision": 0.5833333333333334, "recall": 0.7241379310344828, "f1-score": 0.6461538461538462, "support": 29.0}, "noneconomic": {"precision": 0.8955223880597015, "recall": 0.9090909090909091, "f1-score": 0.9022556390977443, "support": 66.0}, "micro avg": {"precision": 0.7864077669902912, "recall": 0.8526315789473684, "f1-score": 0.8181818181818182, "support": 95.0}, "macro avg": {"precision": 0.7394278606965174, "recall": 0.8166144200626959, "f1-score": 0.7742047426257952, "support": 95.0}, "weighted avg": {"precision": 0.8002225713537575, "recall": 0.8526315789473684, "f1-score": 0.8240771970411859, "support": 95.0}, "samples avg": {"precision": 0.7897727272727273, "recall": 0.8238636363636364, "f1-score": 0.7878787878787878, "support": 95.0}}