{"economic": {"precision": 0.75, "recall": 0.7941176470588235, "f1-score": 0.7714285714285715, "support": 34.0}, "noneconomic": {"precision": 0.7121212121212122, "recall": 0.94, "f1-score": 0.8103448275862069, "support": 50.0}, "micro avg": {"precision": 0.7254901960784313, "recall": 0.8809523809523809, "f1-score": 0.7956989247311828, "support": 84.0}, "macro avg": {"precision": 0.7310606060606061, "recall": 0.8670588235294117, "f1-score": 0.7908866995073891, "support": 84.0}, "weighted avg": {"precision": 0.7274531024531025, "recall": 0.8809523809523809, "f1-score": 0.7945930096176402, "support": 84.0}, "samples avg": {"precision": 0.7470588235294118, "recall": 0.8235294117647058, "f1-score": 0.7725490196078431, "support": 84.0}}