{"noneconomic__age": {"precision": 1.0, "recall": 0.6923076923076923, "f1-score": 0.8181818181818182, "support": 13.0}, "noneconomic__crime": {"precision": 1.0, "recall": 0.8, "f1-score": 0.8888888888888888, "support": 5.0}, "noneconomic__ethnicity": {"precision": 1.0, "recall": 1.0, "f1-score": 1.0, "support": 1.0}, "noneconomic__family": {"precision": 1.0, "recall": 0.8571428571428571, "f1-score": 0.9230769230769231, "support": 7.0}, "noneconomic__gender_sexuality": {"precision": 0.75, "recall": 0.75, "f1-score": 0.75, "support": 4.0}, "noneconomic__health": {"precision": 0.0, "recall": 0.0, "f1-score": 0.0, "support": 2.0}, "noneconomic__nationality": {"precision": 0.8888888888888888, "recall": 0.8888888888888888, "f1-score": 0.8888888888888888, "support": 9.0}, "noneconomic__place_location": {"precision": 0.0, "recall": 0.0, "f1-score": 0.0, "support": 2.0}, "noneconomic__religion": {"precision": 0.0, "recall": 0.0, "f1-score": 0.0, "support": 0.0}, "noneconomic__shared_values_mentalities": {"precision": 0.8, "recall": 0.3076923076923077, "f1-score": 0.4444444444444444, "support": 13.0}, "micro avg": {"precision": 0.9210526315789473, "recall": 0.625, "f1-score": 0.7446808510638298, "support": 56.0}, "macro avg": {"precision": 0.643888888888889, "recall": 0.5296031746031746, "f1-score": 0.5713480963480964, "support": 56.0}, "weighted avg": {"precision": 0.8464285714285714, "recall": 0.625, "f1-score": 0.7021450771450771, "support": 56.0}, "samples avg": {"precision": 0.4117647058823529, "recall": 0.3921568627450981, "f1-score": 0.39803921568627443, "support": 56.0}}