{"economic": {"precision": 0.6578947368421053, "recall": 0.8064516129032258, "f1-score": 0.7246376811594203, "support": 31.0}, "noneconomic": {"precision": 0.8658536585365854, "recall": 0.922077922077922, "f1-score": 0.8930817610062893, "support": 77.0}, "micro avg": {"precision": 0.8, "recall": 0.8888888888888888, "f1-score": 0.8421052631578947, "support": 108.0}, "macro avg": {"precision": 0.7618741976893453, "recall": 0.8642647674905739, "f1-score": 0.8088597210828548, "support": 108.0}, "weighted avg": {"precision": 0.8061617458279846, "recall": 0.8888888888888888, "f1-score": 0.844732071420614, "support": 108.0}, "samples avg": {"precision": 0.8073394495412844, "recall": 0.8486238532110092, "f1-score": 0.8195718654434251, "support": 108.0}}