{"economic__education_level": {"precision": 1.0, "recall": 0.2, "f1-score": 0.3333333333333333, "support": 5.0}, "economic__employment_status": {"precision": 0.2, "recall": 0.25, "f1-score": 0.2222222222222222, "support": 4.0}, "economic__income_wealth_economic_status": {"precision": 0.8571428571428571, "recall": 0.5454545454545454, "f1-score": 0.6666666666666666, "support": 11.0}, "economic__occupation_profession": {"precision": 0.7777777777777778, "recall": 0.4375, "f1-score": 0.56, "support": 16.0}, "micro avg": {"precision": 0.6818181818181818, "recall": 0.4166666666666667, "f1-score": 0.5172413793103449, "support": 36.0}, "macro avg": {"precision": 0.7087301587301587, "recall": 0.35823863636363634, "f1-score": 0.4455555555555556, "support": 36.0}, "weighted avg": {"precision": 0.768694885361552, "recall": 0.4166666666666667, "f1-score": 0.5235802469135803, "support": 36.0}, "samples avg": {"precision": 0.15294117647058825, "recall": 0.17647058823529413, "f1-score": 0.16078431372549018, "support": 36.0}}