{"economic__class_membership": {"precision": 0.0, "recall": 0.0, "f1-score": 0.0, "support": 0.0}, "economic__ecology_of_group": {"precision": 0.0, "recall": 0.0, "f1-score": 0.0, "support": 4.0}, "economic__education_level": {"precision": 1.0, "recall": 0.3333333333333333, "f1-score": 0.5, "support": 3.0}, "economic__employment_status": {"precision": 0.0, "recall": 0.0, "f1-score": 0.0, "support": 2.0}, "economic__income_wealth_economic_status": {"precision": 0.6666666666666666, "recall": 0.4, "f1-score": 0.5, "support": 5.0}, "economic__occupation_profession": {"precision": 0.6111111111111112, "recall": 0.6875, "f1-score": 0.6470588235294118, "support": 16.0}, "micro avg": {"precision": 0.5185185185185185, "recall": 0.4666666666666667, "f1-score": 0.49122807017543857, "support": 30.0}, "macro avg": {"precision": 0.3796296296296296, "recall": 0.23680555555555557, "f1-score": 0.2745098039215686, "support": 30.0}, "weighted avg": {"precision": 0.537037037037037, "recall": 0.4666666666666667, "f1-score": 0.47843137254901963, "support": 30.0}, "samples avg": {"precision": 0.14393939393939392, "recall": 0.1590909090909091, "f1-score": 0.14772727272727273, "support": 30.0}}