{"noneconomic__age": {"precision": 0.9545454545454546, "recall": 0.84, "f1-score": 0.8936170212765957, "support": 25.0}, "noneconomic__crime": {"precision": 1.0, "recall": 0.6666666666666666, "f1-score": 0.8, "support": 3.0}, "noneconomic__ethnicity": {"precision": 1.0, "recall": 1.0, "f1-score": 1.0, "support": 4.0}, "noneconomic__family": {"precision": 0.8571428571428571, "recall": 1.0, "f1-score": 0.9230769230769231, "support": 12.0}, "noneconomic__gender_sexuality": {"precision": 1.0, "recall": 0.6666666666666666, "f1-score": 0.8, "support": 6.0}, "noneconomic__health": {"precision": 1.0, "recall": 0.6666666666666666, "f1-score": 0.8, "support": 3.0}, "noneconomic__nationality": {"precision": 0.7692307692307693, "recall": 0.8333333333333334, "f1-score": 0.8, "support": 12.0}, "noneconomic__place_location": {"precision": 1.0, "recall": 0.6666666666666666, "f1-score": 0.8, "support": 3.0}, "noneconomic__religion": {"precision": 0.8, "recall": 0.8, "f1-score": 0.8, "support": 5.0}, "noneconomic__shared_values_mentalities": {"precision": 0.6666666666666666, "recall": 0.5714285714285714, "f1-score": 0.6153846153846154, "support": 14.0}, "micro avg": {"precision": 0.8625, "recall": 0.7931034482758621, "f1-score": 0.8263473053892215, "support": 87.0}, "macro avg": {"precision": 0.9047585747585748, "recall": 0.7711428571428571, "f1-score": 0.8232078559738134, "support": 87.0}, "weighted avg": {"precision": 0.8702695771661288, "recall": 0.7931034482758621, "f1-score": 0.823364749703708, "support": 87.0}, "samples avg": {"precision": 0.5272108843537415, "recall": 0.5238095238095237, "f1-score": 0.517687074829932, "support": 87.0}}