{"noneconomic__age": {"precision": 1.0, "recall": 0.75, "f1-score": 0.8571428571428571, "support": 16.0}, "noneconomic__crime": {"precision": 1.0, "recall": 0.875, "f1-score": 0.9333333333333333, "support": 8.0}, "noneconomic__ethnicity": {"precision": 1.0, "recall": 0.8333333333333334, "f1-score": 0.9090909090909091, "support": 6.0}, "noneconomic__family": {"precision": 0.3333333333333333, "recall": 1.0, "f1-score": 0.5, "support": 1.0}, "noneconomic__gender_sexuality": {"precision": 1.0, "recall": 0.84, "f1-score": 0.9130434782608695, "support": 25.0}, "noneconomic__health": {"precision": 1.0, "recall": 0.375, "f1-score": 0.5454545454545454, "support": 8.0}, "noneconomic__nationality": {"precision": 1.0, "recall": 0.5555555555555556, "f1-score": 0.7142857142857143, "support": 9.0}, "noneconomic__place_location": {"precision": 0.0, "recall": 0.0, "f1-score": 0.0, "support": 2.0}, "noneconomic__religion": {"precision": 1.0, "recall": 0.8, "f1-score": 0.8888888888888888, "support": 5.0}, "noneconomic__shared_values_mentalities": {"precision": 0.7, "recall": 0.3888888888888889, "f1-score": 0.5, "support": 18.0}, "micro avg": {"precision": 0.9285714285714286, "recall": 0.6632653061224489, "f1-score": 0.7738095238095238, "support": 98.0}, "macro avg": {"precision": 0.8033333333333333, "recall": 0.6417777777777778, "f1-score": 0.6761239726457118, "support": 98.0}, "weighted avg": {"precision": 0.9176870748299318, "recall": 0.6632653061224489, "f1-score": 0.7571248676395083, "support": 98.0}, "samples avg": {"precision": 0.5135135135135135, "recall": 0.4924924924924925, "f1-score": 0.49549549549549543, "support": 98.0}}