{"economic__class_membership": {"precision": 1.0, "recall": 0.25, "f1-score": 0.4, "support": 4.0}, "economic__ecology_of_group": {"precision": 0.3333333333333333, "recall": 1.0, "f1-score": 0.5, "support": 1.0}, "economic__education_level": {"precision": 0.8, "recall": 1.0, "f1-score": 0.8888888888888888, "support": 4.0}, "economic__employment_status": {"precision": 0.6666666666666666, "recall": 0.4444444444444444, "f1-score": 0.5333333333333333, "support": 9.0}, "economic__income_wealth_economic_status": {"precision": 1.0, "recall": 0.2857142857142857, "f1-score": 0.4444444444444444, "support": 7.0}, "economic__occupation_profession": {"precision": 0.4444444444444444, "recall": 0.5, "f1-score": 0.47058823529411764, "support": 8.0}, "micro avg": {"precision": 0.6153846153846154, "recall": 0.48484848484848486, "f1-score": 0.5423728813559322, "support": 33.0}, "macro avg": {"precision": 0.7074074074074074, "recall": 0.580026455026455, "f1-score": 0.5395424836601307, "support": 33.0}, "weighted avg": {"precision": 0.7299663299663299, "recall": 0.48484848484848486, "f1-score": 0.5251931075460488, "support": 33.0}, "samples avg": {"precision": 0.16326530612244897, "recall": 0.15306122448979592, "f1-score": 0.15646258503401358, "support": 33.0}}