{"economic": {"precision": 0.75, "recall": 0.6, "f1-score": 0.6666666666666666, "support": 35.0}, "noneconomic": {"precision": 0.7377049180327869, "recall": 0.8333333333333334, "f1-score": 0.782608695652174, "support": 54.0}, "micro avg": {"precision": 0.7415730337078652, "recall": 0.7415730337078652, "f1-score": 0.7415730337078652, "support": 89.0}, "macro avg": {"precision": 0.7438524590163935, "recall": 0.7166666666666667, "f1-score": 0.7246376811594203, "support": 89.0}, "weighted avg": {"precision": 0.7425400626266349, "recall": 0.7415730337078652, "f1-score": 0.737013515714053, "support": 89.0}, "samples avg": {"precision": 0.7021276595744681, "recall": 0.6542553191489362, "f1-score": 0.6702127659574467, "support": 89.0}}