{"noneconomic__age": {"precision": 0.9230769230769231, "recall": 0.8571428571428571, "f1-score": 0.8888888888888888, "support": 14.0}, "noneconomic__crime": {"precision": 1.0, "recall": 0.6666666666666666, "f1-score": 0.8, "support": 6.0}, "noneconomic__ethnicity": {"precision": 0.7142857142857143, "recall": 1.0, "f1-score": 0.8333333333333334, "support": 5.0}, "noneconomic__family": {"precision": 0.8571428571428571, "recall": 1.0, "f1-score": 0.9230769230769231, "support": 6.0}, "noneconomic__gender_sexuality": {"precision": 1.0, "recall": 0.95, "f1-score": 0.9743589743589743, "support": 20.0}, "noneconomic__health": {"precision": 1.0, "recall": 1.0, "f1-score": 1.0, "support": 2.0}, "noneconomic__nationality": {"precision": 0.9230769230769231, "recall": 0.8, "f1-score": 0.8571428571428571, "support": 15.0}, "noneconomic__place_location": {"precision": 1.0, "recall": 0.5, "f1-score": 0.6666666666666666, "support": 4.0}, "noneconomic__religion": {"precision": 1.0, "recall": 1.0, "f1-score": 1.0, "support": 4.0}, "noneconomic__shared_values_mentalities": {"precision": 0.7222222222222222, "recall": 0.8666666666666667, "f1-score": 0.7878787878787878, "support": 15.0}, "micro avg": {"precision": 0.8876404494382022, "recall": 0.8681318681318682, "f1-score": 0.8777777777777778, "support": 91.0}, "macro avg": {"precision": 0.913980463980464, "recall": 0.8640476190476191, "f1-score": 0.8731346431346431, "support": 91.0}, "weighted avg": {"precision": 0.9045807672181297, "recall": 0.8681318681318682, "f1-score": 0.8766894887774007, "support": 91.0}, "samples avg": {"precision": 0.6207951070336392, "recall": 0.6215596330275229, "f1-score": 0.6145915246832679, "support": 91.0}}