{"economic__education_level": {"precision": 0.0, "recall": 0.0, "f1-score": 0.0, "support": 1.0}, "economic__employment_status": {"precision": 1.0, "recall": 0.8888888888888888, "f1-score": 0.9411764705882353, "support": 9.0}, "economic__income_wealth_economic_status": {"precision": 0.75, "recall": 0.4, "f1-score": 0.5217391304347826, "support": 15.0}, "economic__occupation_profession": {"precision": 0.8333333333333334, "recall": 0.7142857142857143, "f1-score": 0.7692307692307693, "support": 7.0}, "micro avg": {"precision": 0.8636363636363636, "recall": 0.59375, "f1-score": 0.7037037037037037, "support": 32.0}, "macro avg": {"precision": 0.6458333333333334, "recall": 0.5007936507936508, "f1-score": 0.5580365925634467, "support": 32.0}, "weighted avg": {"precision": 0.8151041666666667, "recall": 0.59375, "f1-score": 0.6775403305134764, "support": 32.0}, "samples avg": {"precision": 0.1743119266055046, "recall": 0.16972477064220184, "f1-score": 0.1712538226299694, "support": 32.0}}