{"economic__education_level": {"precision": 1.0, "recall": 0.3333333333333333, "f1-score": 0.5, "support": 3.0}, "economic__employment_status": {"precision": 0.6363636363636364, "recall": 0.7, "f1-score": 0.6666666666666666, "support": 10.0}, "economic__income_wealth_economic_status": {"precision": 0.6666666666666666, "recall": 0.4, "f1-score": 0.5, "support": 5.0}, "economic__occupation_profession": {"precision": 0.7894736842105263, "recall": 0.7894736842105263, "f1-score": 0.7894736842105263, "support": 19.0}, "micro avg": {"precision": 0.7352941176470589, "recall": 0.6756756756756757, "f1-score": 0.704225352112676, "support": 37.0}, "macro avg": {"precision": 0.7731259968102073, "recall": 0.5557017543859648, "f1-score": 0.6140350877192982, "support": 37.0}, "weighted avg": {"precision": 0.7485667485667485, "recall": 0.6756756756756757, "f1-score": 0.6936936936936936, "support": 37.0}, "samples avg": {"precision": 0.2597402597402597, "recall": 0.3116883116883117, "f1-score": 0.2770562770562771, "support": 37.0}}