{"noneconomic__age": {"precision": 0.6, "recall": 0.75, "f1-score": 0.6666666666666666, "support": 4.0}, "noneconomic__crime": {"precision": 1.0, "recall": 0.7272727272727273, "f1-score": 0.8421052631578947, "support": 11.0}, "noneconomic__ethnicity": {"precision": 0.75, "recall": 0.75, "f1-score": 0.75, "support": 4.0}, "noneconomic__family": {"precision": 0.75, "recall": 0.75, "f1-score": 0.75, "support": 4.0}, "noneconomic__gender_sexuality": {"precision": 1.0, "recall": 0.8636363636363636, "f1-score": 0.926829268292683, "support": 22.0}, "noneconomic__health": {"precision": 1.0, "recall": 0.8, "f1-score": 0.8888888888888888, "support": 5.0}, "noneconomic__nationality": {"precision": 0.7, "recall": 0.7777777777777778, "f1-score": 0.7368421052631579, "support": 9.0}, "noneconomic__place_location": {"precision": 1.0, "recall": 0.6666666666666666, "f1-score": 0.8, "support": 6.0}, "noneconomic__religion": {"precision": 0.8, "recall": 0.8, "f1-score": 0.8, "support": 5.0}, "noneconomic__shared_values_mentalities": {"precision": 0.6666666666666666, "recall": 0.8, "f1-score": 0.7272727272727273, "support": 10.0}, "micro avg": {"precision": 0.84, "recall": 0.7875, "f1-score": 0.8129032258064516, "support": 80.0}, "macro avg": {"precision": 0.8266666666666668, "recall": 0.7685353535353535, "f1-score": 0.7888604919542018, "support": 80.0}, "weighted avg": {"precision": 0.8670833333333332, "recall": 0.7875, "f1-score": 0.8183602391047835, "support": 80.0}, "samples avg": {"precision": 0.5532646048109965, "recall": 0.563573883161512, "f1-score": 0.5525773195876288, "support": 80.0}}