{"noneconomic__age": {"precision": 0.875, "recall": 1.0, "f1-score": 0.9333333333333333, "support": 7.0}, "noneconomic__crime": {"precision": 1.0, "recall": 0.3333333333333333, "f1-score": 0.5, "support": 3.0}, "noneconomic__ethnicity": {"precision": 1.0, "recall": 1.0, "f1-score": 1.0, "support": 3.0}, "noneconomic__family": {"precision": 1.0, "recall": 1.0, "f1-score": 1.0, "support": 5.0}, "noneconomic__gender_sexuality": {"precision": 1.0, "recall": 0.8, "f1-score": 0.8888888888888888, "support": 10.0}, "noneconomic__health": {"precision": 1.0, "recall": 1.0, "f1-score": 1.0, "support": 3.0}, "noneconomic__nationality": {"precision": 0.4444444444444444, "recall": 1.0, "f1-score": 0.6153846153846154, "support": 4.0}, "noneconomic__place_location": {"precision": 0.0, "recall": 0.0, "f1-score": 0.0, "support": 1.0}, "noneconomic__religion": {"precision": 0.6666666666666666, "recall": 1.0, "f1-score": 0.8, "support": 4.0}, "noneconomic__shared_values_mentalities": {"precision": 0.9, "recall": 0.6923076923076923, "f1-score": 0.782608695652174, "support": 13.0}, "micro avg": {"precision": 0.8301886792452831, "recall": 0.8301886792452831, "f1-score": 0.8301886792452831, "support": 53.0}, "macro avg": {"precision": 0.7886111111111112, "recall": 0.7825641025641026, "f1-score": 0.7520215533259011, "support": 53.0}, "weighted avg": {"precision": 0.8730083857442348, "recall": 0.8301886792452831, "f1-score": 0.8256164854196029, "support": 53.0}, "samples avg": {"precision": 0.4382716049382716, "recall": 0.45884773662551437, "f1-score": 0.44197530864197526, "support": 53.0}}