{"noneconomic__age": {"precision": 1.0, "recall": 0.7142857142857143, "f1-score": 0.8333333333333334, "support": 7.0}, "noneconomic__crime": {"precision": 1.0, "recall": 0.3333333333333333, "f1-score": 0.5, "support": 3.0}, "noneconomic__ethnicity": {"precision": 1.0, "recall": 1.0, "f1-score": 1.0, "support": 3.0}, "noneconomic__family": {"precision": 1.0, "recall": 1.0, "f1-score": 1.0, "support": 5.0}, "noneconomic__gender_sexuality": {"precision": 1.0, "recall": 0.9, "f1-score": 0.9473684210526315, "support": 10.0}, "noneconomic__health": {"precision": 1.0, "recall": 0.3333333333333333, "f1-score": 0.5, "support": 3.0}, "noneconomic__nationality": {"precision": 0.4, "recall": 1.0, "f1-score": 0.5714285714285714, "support": 4.0}, "noneconomic__place_location": {"precision": 0.0, "recall": 0.0, "f1-score": 0.0, "support": 1.0}, "noneconomic__religion": {"precision": 1.0, "recall": 1.0, "f1-score": 1.0, "support": 4.0}, "noneconomic__shared_values_mentalities": {"precision": 1.0, "recall": 0.6153846153846154, "f1-score": 0.7619047619047619, "support": 13.0}, "micro avg": {"precision": 0.8695652173913043, "recall": 0.7547169811320755, "f1-score": 0.8080808080808081, "support": 53.0}, "macro avg": {"precision": 0.8400000000000001, "recall": 0.6896336996336997, "f1-score": 0.7114035087719299, "support": 53.0}, "weighted avg": {"precision": 0.9358490566037736, "recall": 0.7547169811320755, "f1-score": 0.8018395044214309, "support": 53.0}, "samples avg": {"precision": 0.4012345679012346, "recall": 0.4074074074074074, "f1-score": 0.4012345679012346, "support": 53.0}}