{"noneconomic__age": {"precision": 0.8125, "recall": 0.9285714285714286, "f1-score": 0.8666666666666667, "support": 14.0}, "noneconomic__crime": {"precision": 0.8571428571428571, "recall": 1.0, "f1-score": 0.9230769230769231, "support": 6.0}, "noneconomic__ethnicity": {"precision": 0.8333333333333334, "recall": 1.0, "f1-score": 0.9090909090909091, "support": 5.0}, "noneconomic__family": {"precision": 0.8571428571428571, "recall": 1.0, "f1-score": 0.9230769230769231, "support": 6.0}, "noneconomic__gender_sexuality": {"precision": 1.0, "recall": 0.95, "f1-score": 0.9743589743589743, "support": 20.0}, "noneconomic__health": {"precision": 1.0, "recall": 1.0, "f1-score": 1.0, "support": 2.0}, "noneconomic__nationality": {"precision": 0.7333333333333333, "recall": 0.7333333333333333, "f1-score": 0.7333333333333333, "support": 15.0}, "noneconomic__place_location": {"precision": 0.75, "recall": 0.75, "f1-score": 0.75, "support": 4.0}, "noneconomic__religion": {"precision": 0.8, "recall": 1.0, "f1-score": 0.8888888888888888, "support": 4.0}, "noneconomic__shared_values_mentalities": {"precision": 0.7777777777777778, "recall": 0.9333333333333333, "f1-score": 0.8484848484848485, "support": 15.0}, "micro avg": {"precision": 0.8383838383838383, "recall": 0.9120879120879121, "f1-score": 0.8736842105263158, "support": 91.0}, "macro avg": {"precision": 0.842123015873016, "recall": 0.9295238095238096, "f1-score": 0.8816977466977466, "support": 91.0}, "weighted avg": {"precision": 0.8427917320774464, "recall": 0.9120879120879121, "f1-score": 0.8739089969859202, "support": 91.0}, "samples avg": {"precision": 0.6299694189602447, "recall": 0.6513761467889908, "f1-score": 0.6318042813455657, "support": 91.0}}