{"noneconomic__age": {"precision": 0.8, "recall": 1.0, "f1-score": 0.8888888888888888, "support": 8.0}, "noneconomic__crime": {"precision": 1.0, "recall": 0.6428571428571429, "f1-score": 0.782608695652174, "support": 14.0}, "noneconomic__ethnicity": {"precision": 1.0, "recall": 1.0, "f1-score": 1.0, "support": 11.0}, "noneconomic__family": {"precision": 0.8571428571428571, "recall": 1.0, "f1-score": 0.9230769230769231, "support": 6.0}, "noneconomic__gender_sexuality": {"precision": 0.875, "recall": 0.875, "f1-score": 0.875, "support": 8.0}, "noneconomic__health": {"precision": 1.0, "recall": 0.75, "f1-score": 0.8571428571428571, "support": 8.0}, "noneconomic__nationality": {"precision": 0.8, "recall": 0.8571428571428571, "f1-score": 0.8275862068965517, "support": 14.0}, "noneconomic__place_location": {"precision": 0.6666666666666666, "recall": 0.6666666666666666, "f1-score": 0.6666666666666666, "support": 3.0}, "noneconomic__religion": {"precision": 0.45454545454545453, "recall": 0.8333333333333334, "f1-score": 0.5882352941176471, "support": 6.0}, "noneconomic__shared_values_mentalities": {"precision": 0.7368421052631579, "recall": 0.6666666666666666, "f1-score": 0.7, "support": 21.0}, "micro avg": {"precision": 0.8080808080808081, "recall": 0.8080808080808081, "f1-score": 0.8080808080808081, "support": 99.0}, "macro avg": {"precision": 0.8190197083618136, "recall": 0.8291666666666666, "f1-score": 0.8109205532441708, "support": 99.0}, "weighted avg": {"precision": 0.837816303845012, "recall": 0.8080808080808081, "f1-score": 0.8108975344151873, "support": 99.0}, "samples avg": {"precision": 0.4632352941176471, "recall": 0.5049019607843137, "f1-score": 0.4752450980392156, "support": 99.0}}