{"noneconomic__age": {"precision": 0.9230769230769231, "recall": 0.8571428571428571, "f1-score": 0.8888888888888888, "support": 14.0}, "noneconomic__crime": {"precision": 1.0, "recall": 0.75, "f1-score": 0.8571428571428571, "support": 4.0}, "noneconomic__ethnicity": {"precision": 1.0, "recall": 0.75, "f1-score": 0.8571428571428571, "support": 4.0}, "noneconomic__family": {"precision": 0.9230769230769231, "recall": 0.9230769230769231, "f1-score": 0.9230769230769231, "support": 13.0}, "noneconomic__gender_sexuality": {"precision": 0.625, "recall": 0.625, "f1-score": 0.625, "support": 8.0}, "noneconomic__health": {"precision": 1.0, "recall": 0.625, "f1-score": 0.7692307692307693, "support": 8.0}, "noneconomic__nationality": {"precision": 0.8421052631578947, "recall": 0.8, "f1-score": 0.8205128205128205, "support": 20.0}, "noneconomic__place_location": {"precision": 0.8333333333333334, "recall": 0.8333333333333334, "f1-score": 0.8333333333333334, "support": 6.0}, "noneconomic__religion": {"precision": 1.0, "recall": 1.0, "f1-score": 1.0, "support": 2.0}, "noneconomic__shared_values_mentalities": {"precision": 0.9166666666666666, "recall": 0.6470588235294118, "f1-score": 0.7586206896551724, "support": 17.0}, "micro avg": {"precision": 0.8809523809523809, "recall": 0.7708333333333334, "f1-score": 0.8222222222222222, "support": 96.0}, "macro avg": {"precision": 0.9063259109311741, "recall": 0.7810611937082526, "f1-score": 0.8332949138983622, "support": 96.0}, "weighted avg": {"precision": 0.8890470366621681, "recall": 0.7708333333333334, "f1-score": 0.8204400165607062, "support": 96.0}, "samples avg": {"precision": 0.5391304347826087, "recall": 0.5492753623188407, "f1-score": 0.5344927536231884, "support": 96.0}}