{"economic__class_membership": {"precision": 0.42857142857142855, "recall": 0.75, "f1-score": 0.5454545454545454, "support": 4.0}, "economic__ecology_of_group": {"precision": 0.5, "recall": 1.0, "f1-score": 0.6666666666666666, "support": 1.0}, "economic__education_level": {"precision": 0.75, "recall": 0.75, "f1-score": 0.75, "support": 4.0}, "economic__employment_status": {"precision": 0.75, "recall": 1.0, "f1-score": 0.8571428571428571, "support": 9.0}, "economic__income_wealth_economic_status": {"precision": 0.2631578947368421, "recall": 0.7142857142857143, "f1-score": 0.38461538461538464, "support": 7.0}, "economic__occupation_profession": {"precision": 1.0, "recall": 0.5, "f1-score": 0.6666666666666666, "support": 8.0}, "micro avg": {"precision": 0.5208333333333334, "recall": 0.7575757575757576, "f1-score": 0.6172839506172839, "support": 33.0}, "macro avg": {"precision": 0.6152882205513784, "recall": 0.7857142857142857, "f1-score": 0.64509102009102, "support": 33.0}, "weighted avg": {"precision": 0.6607997265892003, "recall": 0.7575757575757576, "f1-score": 0.6541942905579268, "support": 33.0}, "samples avg": {"precision": 0.1768707482993197, "recall": 0.22959183673469388, "f1-score": 0.19115646258503402, "support": 33.0}}