{"economic__class_membership": {"precision": 0.0, "recall": 0.0, "f1-score": 0.0, "support": 0.0}, "economic__ecology_of_group": {"precision": 0.0, "recall": 0.0, "f1-score": 0.0, "support": 3.0}, "economic__education_level": {"precision": 1.0, "recall": 0.8333333333333334, "f1-score": 0.9090909090909091, "support": 6.0}, "economic__employment_status": {"precision": 0.8, "recall": 1.0, "f1-score": 0.8888888888888888, "support": 4.0}, "economic__income_wealth_economic_status": {"precision": 1.0, "recall": 0.42857142857142855, "f1-score": 0.6, "support": 7.0}, "economic__occupation_profession": {"precision": 1.0, "recall": 0.6875, "f1-score": 0.8148148148148148, "support": 16.0}, "micro avg": {"precision": 0.9583333333333334, "recall": 0.6388888888888888, "f1-score": 0.7666666666666667, "support": 36.0}, "macro avg": {"precision": 0.6333333333333333, "recall": 0.4915674603174603, "f1-score": 0.5354657687991021, "support": 36.0}, "weighted avg": {"precision": 0.8944444444444445, "recall": 0.6388888888888888, "f1-score": 0.7290871679760568, "support": 36.0}, "samples avg": {"precision": 0.28125, "recall": 0.26875, "f1-score": 0.2708333333333333, "support": 36.0}}