{"noneconomic__age": {"precision": 0.9230769230769231, "recall": 0.8571428571428571, "f1-score": 0.8888888888888888, "support": 14.0}, "noneconomic__crime": {"precision": 1.0, "recall": 0.3333333333333333, "f1-score": 0.5, "support": 6.0}, "noneconomic__ethnicity": {"precision": 0.8333333333333334, "recall": 1.0, "f1-score": 0.9090909090909091, "support": 5.0}, "noneconomic__family": {"precision": 1.0, "recall": 1.0, "f1-score": 1.0, "support": 6.0}, "noneconomic__gender_sexuality": {"precision": 1.0, "recall": 0.9, "f1-score": 0.9473684210526315, "support": 20.0}, "noneconomic__health": {"precision": 1.0, "recall": 1.0, "f1-score": 1.0, "support": 2.0}, "noneconomic__nationality": {"precision": 0.9, "recall": 0.6, "f1-score": 0.72, "support": 15.0}, "noneconomic__place_location": {"precision": 1.0, "recall": 0.5, "f1-score": 0.6666666666666666, "support": 4.0}, "noneconomic__religion": {"precision": 0.8, "recall": 1.0, "f1-score": 0.8888888888888888, "support": 4.0}, "noneconomic__shared_values_mentalities": {"precision": 0.7857142857142857, "recall": 0.7333333333333333, "f1-score": 0.7586206896551724, "support": 15.0}, "micro avg": {"precision": 0.9102564102564102, "recall": 0.7802197802197802, "f1-score": 0.8402366863905325, "support": 91.0}, "macro avg": {"precision": 0.9242124542124543, "recall": 0.7923809523809524, "f1-score": 0.8279524464243158, "support": 91.0}, "weighted avg": {"precision": 0.9184116250050317, "recall": 0.7802197802197802, "f1-score": 0.8278989008571586, "support": 91.0}, "samples avg": {"precision": 0.5840978593272171, "recall": 0.5619266055045872, "f1-score": 0.5656618610747051, "support": 91.0}}