{"economic": {"precision": 0.5918367346938775, "recall": 0.8787878787878788, "f1-score": 0.7073170731707317, "support": 33.0}, "noneconomic": {"precision": 0.7755102040816326, "recall": 0.7916666666666666, "f1-score": 0.7835051546391752, "support": 48.0}, "micro avg": {"precision": 0.6836734693877551, "recall": 0.8271604938271605, "f1-score": 0.7486033519553073, "support": 81.0}, "macro avg": {"precision": 0.6836734693877551, "recall": 0.8352272727272727, "f1-score": 0.7454111139049535, "support": 81.0}, "weighted avg": {"precision": 0.7006802721088435, "recall": 0.8271604938271605, "f1-score": 0.7524655658927722, "support": 81.0}, "samples avg": {"precision": 0.7, "recall": 0.78125, "f1-score": 0.7166666666666666, "support": 81.0}}