{"noneconomic__age": {"precision": 0.3333333333333333, "recall": 0.5, "f1-score": 0.4, "support": 4.0}, "noneconomic__crime": {"precision": 1.0, "recall": 0.7777777777777778, "f1-score": 0.875, "support": 9.0}, "noneconomic__ethnicity": {"precision": 0.5, "recall": 1.0, "f1-score": 0.6666666666666666, "support": 1.0}, "noneconomic__family": {"precision": 0.8, "recall": 1.0, "f1-score": 0.8888888888888888, "support": 4.0}, "noneconomic__gender_sexuality": {"precision": 0.6666666666666666, "recall": 0.3333333333333333, "f1-score": 0.4444444444444444, "support": 6.0}, "noneconomic__health": {"precision": 0.5, "recall": 0.3333333333333333, "f1-score": 0.4, "support": 3.0}, "noneconomic__nationality": {"precision": 0.8, "recall": 0.8888888888888888, "f1-score": 0.8421052631578947, "support": 9.0}, "noneconomic__place_location": {"precision": 0.6666666666666666, "recall": 0.5, "f1-score": 0.5714285714285714, "support": 4.0}, "noneconomic__religion": {"precision": 1.0, "recall": 1.0, "f1-score": 1.0, "support": 1.0}, "noneconomic__shared_values_mentalities": {"precision": 0.6666666666666666, "recall": 0.7692307692307693, "f1-score": 0.7142857142857143, "support": 13.0}, "micro avg": {"precision": 0.7037037037037037, "recall": 0.7037037037037037, "f1-score": 0.7037037037037037, "support": 54.0}, "macro avg": {"precision": 0.6933333333333334, "recall": 0.7102564102564102, "f1-score": 0.680281954887218, "support": 54.0}, "weighted avg": {"precision": 0.7234567901234569, "recall": 0.7037037037037037, "f1-score": 0.6984123116433059, "support": 54.0}, "samples avg": {"precision": 0.40625, "recall": 0.4333333333333333, "f1-score": 0.4141666666666667, "support": 54.0}}