{"economic__education_level": {"precision": 1.0, "recall": 0.3333333333333333, "f1-score": 0.5, "support": 3.0}, "economic__employment_status": {"precision": 0.875, "recall": 0.7, "f1-score": 0.7777777777777778, "support": 10.0}, "economic__income_wealth_economic_status": {"precision": 0.75, "recall": 0.6, "f1-score": 0.6666666666666666, "support": 5.0}, "economic__occupation_profession": {"precision": 1.0, "recall": 0.5789473684210527, "f1-score": 0.7333333333333333, "support": 19.0}, "micro avg": {"precision": 0.9166666666666666, "recall": 0.5945945945945946, "f1-score": 0.7213114754098361, "support": 37.0}, "macro avg": {"precision": 0.90625, "recall": 0.5530701754385965, "f1-score": 0.6694444444444444, "support": 37.0}, "weighted avg": {"precision": 0.9324324324324325, "recall": 0.5945945945945946, "f1-score": 0.7174174174174174, "support": 37.0}, "samples avg": {"precision": 0.2857142857142857, "recall": 0.2792207792207792, "f1-score": 0.28138528138528135, "support": 37.0}}