{"economic__class_membership": {"precision": 0.0, "recall": 0.0, "f1-score": 0.0, "support": 0.0}, "economic__ecology_of_group": {"precision": 0.0, "recall": 0.0, "f1-score": 0.0, "support": 2.0}, "economic__education_level": {"precision": 1.0, "recall": 0.6666666666666666, "f1-score": 0.8, "support": 3.0}, "economic__employment_status": {"precision": 1.0, "recall": 0.4, "f1-score": 0.5714285714285714, "support": 5.0}, "economic__income_wealth_economic_status": {"precision": 0.5714285714285714, "recall": 0.6666666666666666, "f1-score": 0.6153846153846154, "support": 6.0}, "economic__occupation_profession": {"precision": 0.9090909090909091, "recall": 0.625, "f1-score": 0.7407407407407407, "support": 16.0}, "micro avg": {"precision": 0.8181818181818182, "recall": 0.5625, "f1-score": 0.6666666666666666, "support": 32.0}, "macro avg": {"precision": 0.5800865800865801, "recall": 0.39305555555555555, "f1-score": 0.4545923212589879, "support": 32.0}, "weighted avg": {"precision": 0.8116883116883117, "recall": 0.5625, "f1-score": 0.6500407000407, "support": 32.0}, "samples avg": {"precision": 0.18556701030927836, "recall": 0.18041237113402062, "f1-score": 0.18213058419243983, "support": 32.0}}