{"economic": {"precision": 0.7894736842105263, "recall": 0.9090909090909091, "f1-score": 0.8450704225352113, "support": 33.0}, "noneconomic": {"precision": 0.8076923076923077, "recall": 0.875, "f1-score": 0.84, "support": 48.0}, "micro avg": {"precision": 0.8, "recall": 0.8888888888888888, "f1-score": 0.8421052631578947, "support": 81.0}, "macro avg": {"precision": 0.798582995951417, "recall": 0.8920454545454546, "f1-score": 0.8425352112676057, "support": 81.0}, "weighted avg": {"precision": 0.8002699055330635, "recall": 0.8888888888888888, "f1-score": 0.8420657276995306, "support": 81.0}, "samples avg": {"precision": 0.7625, "recall": 0.825, "f1-score": 0.7791666666666668, "support": 81.0}}