{"economic__class_membership": {"precision": 1.0, "recall": 0.25, "f1-score": 0.4, "support": 4.0}, "economic__ecology_of_group": {"precision": 0.0, "recall": 0.0, "f1-score": 0.0, "support": 1.0}, "economic__education_level": {"precision": 1.0, "recall": 0.5, "f1-score": 0.6666666666666666, "support": 4.0}, "economic__employment_status": {"precision": 1.0, "recall": 0.3333333333333333, "f1-score": 0.5, "support": 9.0}, "economic__income_wealth_economic_status": {"precision": 1.0, "recall": 0.42857142857142855, "f1-score": 0.6, "support": 7.0}, "economic__occupation_profession": {"precision": 1.0, "recall": 0.75, "f1-score": 0.8571428571428571, "support": 8.0}, "micro avg": {"precision": 1.0, "recall": 0.45454545454545453, "f1-score": 0.625, "support": 33.0}, "macro avg": {"precision": 0.8333333333333334, "recall": 0.376984126984127, "f1-score": 0.503968253968254, "support": 33.0}, "weighted avg": {"precision": 0.9696969696969697, "recall": 0.45454545454545453, "f1-score": 0.6007215007215007, "support": 33.0}, "samples avg": {"precision": 0.15306122448979592, "recall": 0.1377551020408163, "f1-score": 0.14285714285714285, "support": 33.0}}