{"economic": {"precision": 0.7567567567567568, "recall": 0.9655172413793104, "f1-score": 0.8484848484848485, "support": 29.0}, "noneconomic": {"precision": 0.8591549295774648, "recall": 0.9384615384615385, "f1-score": 0.8970588235294118, "support": 65.0}, "micro avg": {"precision": 0.8240740740740741, "recall": 0.9468085106382979, "f1-score": 0.8811881188118812, "support": 94.0}, "macro avg": {"precision": 0.8079558431671108, "recall": 0.9519893899204244, "f1-score": 0.8727718360071302, "support": 94.0}, "weighted avg": {"precision": 0.8275640039200123, "recall": 0.9468085106382979, "f1-score": 0.8820732354837487, "support": 94.0}, "samples avg": {"precision": 0.8163265306122449, "recall": 0.8826530612244898, "f1-score": 0.8367346938775511, "support": 94.0}}