{"noneconomic__age": {"precision": 1.0, "recall": 0.75, "f1-score": 0.8571428571428571, "support": 16.0}, "noneconomic__crime": {"precision": 1.0, "recall": 1.0, "f1-score": 1.0, "support": 8.0}, "noneconomic__ethnicity": {"precision": 0.8333333333333334, "recall": 0.8333333333333334, "f1-score": 0.8333333333333334, "support": 6.0}, "noneconomic__family": {"precision": 0.3333333333333333, "recall": 1.0, "f1-score": 0.5, "support": 1.0}, "noneconomic__gender_sexuality": {"precision": 0.8888888888888888, "recall": 0.96, "f1-score": 0.9230769230769231, "support": 25.0}, "noneconomic__health": {"precision": 0.3684210526315789, "recall": 0.875, "f1-score": 0.5185185185185185, "support": 8.0}, "noneconomic__nationality": {"precision": 0.6666666666666666, "recall": 0.6666666666666666, "f1-score": 0.6666666666666666, "support": 9.0}, "noneconomic__place_location": {"precision": 1.0, "recall": 1.0, "f1-score": 1.0, "support": 2.0}, "noneconomic__religion": {"precision": 0.6666666666666666, "recall": 0.8, "f1-score": 0.7272727272727273, "support": 5.0}, "noneconomic__shared_values_mentalities": {"precision": 0.8888888888888888, "recall": 0.4444444444444444, "f1-score": 0.5925925925925926, "support": 18.0}, "micro avg": {"precision": 0.7623762376237624, "recall": 0.7857142857142857, "f1-score": 0.7738693467336684, "support": 98.0}, "macro avg": {"precision": 0.7646198830409358, "recall": 0.8329444444444445, "f1-score": 0.7618603618603619, "support": 98.0}, "weighted avg": {"precision": 0.835063850101444, "recall": 0.7857142857142857, "f1-score": 0.7830855841059924, "support": 98.0}, "samples avg": {"precision": 0.5382882882882883, "recall": 0.5738738738738738, "f1-score": 0.5378378378378378, "support": 98.0}}