{"noneconomic__age": {"precision": 0.9166666666666666, "recall": 0.88, "f1-score": 0.8979591836734694, "support": 25.0}, "noneconomic__crime": {"precision": 0.75, "recall": 1.0, "f1-score": 0.8571428571428571, "support": 3.0}, "noneconomic__ethnicity": {"precision": 0.8, "recall": 1.0, "f1-score": 0.8888888888888888, "support": 4.0}, "noneconomic__family": {"precision": 0.9230769230769231, "recall": 1.0, "f1-score": 0.96, "support": 12.0}, "noneconomic__gender_sexuality": {"precision": 0.8571428571428571, "recall": 1.0, "f1-score": 0.9230769230769231, "support": 6.0}, "noneconomic__health": {"precision": 0.42857142857142855, "recall": 1.0, "f1-score": 0.6, "support": 3.0}, "noneconomic__nationality": {"precision": 0.9166666666666666, "recall": 0.9166666666666666, "f1-score": 0.9166666666666666, "support": 12.0}, "noneconomic__place_location": {"precision": 0.5, "recall": 0.3333333333333333, "f1-score": 0.4, "support": 3.0}, "noneconomic__religion": {"precision": 1.0, "recall": 0.6, "f1-score": 0.75, "support": 5.0}, "noneconomic__shared_values_mentalities": {"precision": 0.7857142857142857, "recall": 0.7857142857142857, "f1-score": 0.7857142857142857, "support": 14.0}, "micro avg": {"precision": 0.8351648351648352, "recall": 0.8735632183908046, "f1-score": 0.8539325842696629, "support": 87.0}, "macro avg": {"precision": 0.7877838827838828, "recall": 0.8515714285714285, "f1-score": 0.7979448805163091, "support": 87.0}, "weighted avg": {"precision": 0.8548524272662203, "recall": 0.8735632183908046, "f1-score": 0.8549933937618667, "support": 87.0}, "samples avg": {"precision": 0.5731292517006803, "recall": 0.576530612244898, "f1-score": 0.5659863945578232, "support": 87.0}}