{"economic__education_level": {"precision": 1.0, "recall": 0.6, "f1-score": 0.75, "support": 5.0}, "economic__employment_status": {"precision": 1.0, "recall": 0.5, "f1-score": 0.6666666666666666, "support": 4.0}, "economic__income_wealth_economic_status": {"precision": 0.8571428571428571, "recall": 0.5454545454545454, "f1-score": 0.6666666666666666, "support": 11.0}, "economic__occupation_profession": {"precision": 0.7333333333333333, "recall": 0.6875, "f1-score": 0.7096774193548387, "support": 16.0}, "micro avg": {"precision": 0.8148148148148148, "recall": 0.6111111111111112, "f1-score": 0.6984126984126984, "support": 36.0}, "macro avg": {"precision": 0.8976190476190476, "recall": 0.5832386363636364, "f1-score": 0.698252688172043, "support": 36.0}, "weighted avg": {"precision": 0.8378306878306879, "recall": 0.6111111111111112, "f1-score": 0.6973566308243728, "support": 36.0}, "samples avg": {"precision": 0.22941176470588234, "recall": 0.23529411764705882, "f1-score": 0.23137254901960783, "support": 36.0}}