{"noneconomic__age": {"precision": 0.5263157894736842, "recall": 0.8333333333333334, "f1-score": 0.6451612903225806, "support": 12.0}, "noneconomic__crime": {"precision": 1.0, "recall": 1.0, "f1-score": 1.0, "support": 3.0}, "noneconomic__ethnicity": {"precision": 0.3333333333333333, "recall": 1.0, "f1-score": 0.5, "support": 1.0}, "noneconomic__family": {"precision": 0.8, "recall": 0.8, "f1-score": 0.8, "support": 5.0}, "noneconomic__gender_sexuality": {"precision": 1.0, "recall": 0.5, "f1-score": 0.6666666666666666, "support": 2.0}, "noneconomic__health": {"precision": 0.0, "recall": 0.0, "f1-score": 0.0, "support": 1.0}, "noneconomic__nationality": {"precision": 1.0, "recall": 0.5882352941176471, "f1-score": 0.7407407407407407, "support": 17.0}, "noneconomic__place_location": {"precision": 0.0, "recall": 0.0, "f1-score": 0.0, "support": 2.0}, "noneconomic__religion": {"precision": 0.0, "recall": 0.0, "f1-score": 0.0, "support": 0.0}, "noneconomic__shared_values_mentalities": {"precision": 0.5, "recall": 0.09523809523809523, "f1-score": 0.16, "support": 21.0}, "micro avg": {"precision": 0.5740740740740741, "recall": 0.484375, "f1-score": 0.5254237288135594, "support": 64.0}, "macro avg": {"precision": 0.5159649122807017, "recall": 0.48168067226890765, "f1-score": 0.45125686977299884, "support": 64.0}, "weighted avg": {"precision": 0.6742050438596492, "recall": 0.484375, "f1-score": 0.5082478345280764, "support": 64.0}, "samples avg": {"precision": 0.2783687943262411, "recall": 0.2783687943262411, "f1-score": 0.27092198581560284, "support": 64.0}}