{"economic__class_membership": {"precision": 0.0, "recall": 0.0, "f1-score": 0.0, "support": 5.0}, "economic__ecology_of_group": {"precision": 0.6666666666666666, "recall": 0.6666666666666666, "f1-score": 0.6666666666666666, "support": 3.0}, "economic__education_level": {"precision": 1.0, "recall": 1.0, "f1-score": 1.0, "support": 3.0}, "economic__employment_status": {"precision": 0.5555555555555556, "recall": 1.0, "f1-score": 0.7142857142857143, "support": 5.0}, "economic__income_wealth_economic_status": {"precision": 1.0, "recall": 1.0, "f1-score": 1.0, "support": 10.0}, "economic__occupation_profession": {"precision": 1.0, "recall": 0.6666666666666666, "f1-score": 0.8, "support": 12.0}, "micro avg": {"precision": 0.8, "recall": 0.7368421052631579, "f1-score": 0.7671232876712328, "support": 38.0}, "macro avg": {"precision": 0.7037037037037037, "recall": 0.7222222222222222, "f1-score": 0.6968253968253969, "support": 38.0}, "weighted avg": {"precision": 0.7836257309941521, "recall": 0.7368421052631579, "f1-score": 0.7413533834586467, "support": 38.0}, "samples avg": {"precision": 0.30864197530864196, "recall": 0.30864197530864196, "f1-score": 0.30452674897119336, "support": 38.0}}