{"economic__education_level": {"precision": 1.0, "recall": 0.25, "f1-score": 0.4, "support": 4.0}, "economic__employment_status": {"precision": 0.6666666666666666, "recall": 1.0, "f1-score": 0.8, "support": 2.0}, "economic__income_wealth_economic_status": {"precision": 0.3333333333333333, "recall": 0.2857142857142857, "f1-score": 0.3076923076923077, "support": 7.0}, "economic__occupation_profession": {"precision": 0.75, "recall": 0.13043478260869565, "f1-score": 0.2222222222222222, "support": 23.0}, "micro avg": {"precision": 0.5714285714285714, "recall": 0.2222222222222222, "f1-score": 0.32, "support": 36.0}, "macro avg": {"precision": 0.6875, "recall": 0.4165372670807453, "f1-score": 0.4324786324786325, "support": 36.0}, "weighted avg": {"precision": 0.6921296296296295, "recall": 0.2222222222222222, "f1-score": 0.290693257359924, "support": 36.0}, "samples avg": {"precision": 0.0851063829787234, "recall": 0.0797872340425532, "f1-score": 0.08156028368794327, "support": 36.0}}