{"economic__education_level": {"precision": 1.0, "recall": 0.3333333333333333, "f1-score": 0.5, "support": 3.0}, "economic__employment_status": {"precision": 0.8571428571428571, "recall": 0.6, "f1-score": 0.7058823529411765, "support": 10.0}, "economic__income_wealth_economic_status": {"precision": 0.8, "recall": 0.8, "f1-score": 0.8, "support": 5.0}, "economic__occupation_profession": {"precision": 0.9090909090909091, "recall": 0.5263157894736842, "f1-score": 0.6666666666666666, "support": 19.0}, "micro avg": {"precision": 0.875, "recall": 0.5675675675675675, "f1-score": 0.6885245901639344, "support": 37.0}, "macro avg": {"precision": 0.8915584415584417, "recall": 0.5649122807017544, "f1-score": 0.6681372549019607, "support": 37.0}, "weighted avg": {"precision": 0.8876798876798876, "recall": 0.5675675675675675, "f1-score": 0.6817700052994171, "support": 37.0}, "samples avg": {"precision": 0.24675324675324675, "recall": 0.2597402597402597, "f1-score": 0.2510822510822511, "support": 37.0}}