{"noneconomic__age": {"precision": 0.8333333333333334, "recall": 1.0, "f1-score": 0.9090909090909091, "support": 5.0}, "noneconomic__crime": {"precision": 1.0, "recall": 1.0, "f1-score": 1.0, "support": 1.0}, "noneconomic__ethnicity": {"precision": 0.5, "recall": 1.0, "f1-score": 0.6666666666666666, "support": 2.0}, "noneconomic__family": {"precision": 0.14285714285714285, "recall": 1.0, "f1-score": 0.25, "support": 1.0}, "noneconomic__gender_sexuality": {"precision": 1.0, "recall": 0.6666666666666666, "f1-score": 0.8, "support": 3.0}, "noneconomic__health": {"precision": 1.0, "recall": 0.25, "f1-score": 0.4, "support": 4.0}, "noneconomic__nationality": {"precision": 0.75, "recall": 0.8, "f1-score": 0.7741935483870968, "support": 15.0}, "noneconomic__place_location": {"precision": 0.6666666666666666, "recall": 0.3333333333333333, "f1-score": 0.4444444444444444, "support": 6.0}, "noneconomic__religion": {"precision": 0.6, "recall": 1.0, "f1-score": 0.75, "support": 3.0}, "noneconomic__shared_values_mentalities": {"precision": 0.5714285714285714, "recall": 0.23529411764705882, "f1-score": 0.3333333333333333, "support": 17.0}, "micro avg": {"precision": 0.6346153846153846, "recall": 0.5789473684210527, "f1-score": 0.6055045871559633, "support": 57.0}, "macro avg": {"precision": 0.7064285714285713, "recall": 0.7285294117647059, "f1-score": 0.632772890192245, "support": 57.0}, "weighted avg": {"precision": 0.7030492898913951, "recall": 0.5789473684210527, "f1-score": 0.5846495515425907, "support": 57.0}, "samples avg": {"precision": 0.35064935064935066, "recall": 0.32792207792207795, "f1-score": 0.3310451453308596, "support": 57.0}}