{"economic": {"precision": 0.8787878787878788, "recall": 0.8285714285714286, "f1-score": 0.8529411764705882, "support": 35.0}, "noneconomic": {"precision": 0.7903225806451613, "recall": 0.9074074074074074, "f1-score": 0.8448275862068966, "support": 54.0}, "micro avg": {"precision": 0.8210526315789474, "recall": 0.8764044943820225, "f1-score": 0.8478260869565217, "support": 89.0}, "macro avg": {"precision": 0.83455522971652, "recall": 0.8679894179894181, "f1-score": 0.8488843813387423, "support": 89.0}, "weighted avg": {"precision": 0.8251123046338704, "recall": 0.8764044943820225, "f1-score": 0.8480183239510448, "support": 89.0}, "samples avg": {"precision": 0.7925531914893617, "recall": 0.7712765957446809, "f1-score": 0.7730496453900709, "support": 89.0}}