{"economic__class_membership": {"precision": 0.0, "recall": 0.0, "f1-score": 0.0, "support": 5.0}, "economic__ecology_of_group": {"precision": 1.0, "recall": 0.3333333333333333, "f1-score": 0.5, "support": 3.0}, "economic__education_level": {"precision": 0.75, "recall": 1.0, "f1-score": 0.8571428571428571, "support": 3.0}, "economic__employment_status": {"precision": 0.7142857142857143, "recall": 1.0, "f1-score": 0.8333333333333334, "support": 5.0}, "economic__income_wealth_economic_status": {"precision": 1.0, "recall": 0.6, "f1-score": 0.75, "support": 10.0}, "economic__occupation_profession": {"precision": 1.0, "recall": 0.6666666666666666, "f1-score": 0.8, "support": 12.0}, "micro avg": {"precision": 0.8214285714285714, "recall": 0.6052631578947368, "f1-score": 0.696969696969697, "support": 38.0}, "macro avg": {"precision": 0.7440476190476191, "recall": 0.6, "f1-score": 0.6234126984126984, "support": 38.0}, "weighted avg": {"precision": 0.8110902255639098, "recall": 0.6052631578947368, "f1-score": 0.6667919799498747, "support": 38.0}, "samples avg": {"precision": 0.25925925925925924, "recall": 0.25925925925925924, "f1-score": 0.25514403292181065, "support": 38.0}}