{"economic__class_membership": {"precision": 0.0, "recall": 0.0, "f1-score": 0.0, "support": 0.0}, "economic__ecology_of_group": {"precision": 0.0, "recall": 0.0, "f1-score": 0.0, "support": 4.0}, "economic__education_level": {"precision": 1.0, "recall": 0.6666666666666666, "f1-score": 0.8, "support": 3.0}, "economic__employment_status": {"precision": 0.5, "recall": 0.5, "f1-score": 0.5, "support": 2.0}, "economic__income_wealth_economic_status": {"precision": 1.0, "recall": 0.4, "f1-score": 0.5714285714285714, "support": 5.0}, "economic__occupation_profession": {"precision": 0.8181818181818182, "recall": 0.5625, "f1-score": 0.6666666666666666, "support": 16.0}, "micro avg": {"precision": 0.8235294117647058, "recall": 0.4666666666666667, "f1-score": 0.5957446808510638, "support": 30.0}, "macro avg": {"precision": 0.5530303030303031, "recall": 0.35486111111111107, "f1-score": 0.423015873015873, "support": 30.0}, "weighted avg": {"precision": 0.7363636363636364, "recall": 0.4666666666666667, "f1-score": 0.5641269841269841, "support": 30.0}, "samples avg": {"precision": 0.1590909090909091, "recall": 0.1590909090909091, "f1-score": 0.1590909090909091, "support": 30.0}}