{"economic__class_membership": {"precision": 0.0, "recall": 0.0, "f1-score": 0.0, "support": 0.0}, "economic__ecology_of_group": {"precision": 0.3333333333333333, "recall": 0.5, "f1-score": 0.4, "support": 2.0}, "economic__education_level": {"precision": 1.0, "recall": 0.6666666666666666, "f1-score": 0.8, "support": 3.0}, "economic__employment_status": {"precision": 0.25, "recall": 0.4, "f1-score": 0.3076923076923077, "support": 5.0}, "economic__income_wealth_economic_status": {"precision": 0.7142857142857143, "recall": 0.8333333333333334, "f1-score": 0.7692307692307693, "support": 6.0}, "economic__occupation_profession": {"precision": 0.631578947368421, "recall": 0.75, "f1-score": 0.6857142857142857, "support": 16.0}, "micro avg": {"precision": 0.55, "recall": 0.6875, "f1-score": 0.6111111111111112, "support": 32.0}, "macro avg": {"precision": 0.4881996658312448, "recall": 0.525, "f1-score": 0.4937728937728938, "support": 32.0}, "weighted avg": {"precision": 0.6033638784461153, "recall": 0.6875, "f1-score": 0.6351648351648351, "support": 32.0}, "samples avg": {"precision": 0.18556701030927836, "recall": 0.22164948453608246, "f1-score": 0.1958762886597938, "support": 32.0}}