{"economic": {"precision": 0.72, "recall": 1.0, "f1-score": 0.8372093023255814, "support": 36.0}, "noneconomic": {"precision": 0.7954545454545454, "recall": 0.7777777777777778, "f1-score": 0.7865168539325843, "support": 45.0}, "micro avg": {"precision": 0.7553191489361702, "recall": 0.8765432098765432, "f1-score": 0.8114285714285714, "support": 81.0}, "macro avg": {"precision": 0.7577272727272727, "recall": 0.8888888888888888, "f1-score": 0.8118630781290829, "support": 81.0}, "weighted avg": {"precision": 0.761919191919192, "recall": 0.8765432098765432, "f1-score": 0.8090468309961386, "support": 81.0}, "samples avg": {"precision": 0.7922077922077922, "recall": 0.8441558441558441, "f1-score": 0.7965367965367965, "support": 81.0}}