{"economic": {"precision": 0.7368421052631579, "recall": 0.9032258064516129, "f1-score": 0.8115942028985508, "support": 31.0}, "noneconomic": {"precision": 0.8955223880597015, "recall": 0.8695652173913043, "f1-score": 0.8823529411764706, "support": 69.0}, "micro avg": {"precision": 0.8380952380952381, "recall": 0.88, "f1-score": 0.8585365853658536, "support": 100.0}, "macro avg": {"precision": 0.8161822466614297, "recall": 0.8863955119214586, "f1-score": 0.8469735720375107, "support": 100.0}, "weighted avg": {"precision": 0.8463315003927729, "recall": 0.88, "f1-score": 0.8604177323103154, "support": 100.0}, "samples avg": {"precision": 0.8247422680412371, "recall": 0.8505154639175257, "f1-score": 0.8281786941580757, "support": 100.0}}