{"economic": {"precision": 0.8378378378378378, "recall": 0.8611111111111112, "f1-score": 0.8493150684931506, "support": 36.0}, "noneconomic": {"precision": 0.782608695652174, "recall": 0.8, "f1-score": 0.7912087912087912, "support": 45.0}, "micro avg": {"precision": 0.8072289156626506, "recall": 0.8271604938271605, "f1-score": 0.8170731707317073, "support": 81.0}, "macro avg": {"precision": 0.8102232667450059, "recall": 0.8305555555555556, "f1-score": 0.8202619298509709, "support": 81.0}, "weighted avg": {"precision": 0.8071549810680245, "recall": 0.8271604938271605, "f1-score": 0.8170338033351732, "support": 81.0}, "samples avg": {"precision": 0.7922077922077922, "recall": 0.7922077922077922, "f1-score": 0.7792207792207793, "support": 81.0}}