{"noneconomic__age": {"precision": 0.9090909090909091, "recall": 0.8333333333333334, "f1-score": 0.8695652173913043, "support": 12.0}, "noneconomic__crime": {"precision": 0.75, "recall": 1.0, "f1-score": 0.8571428571428571, "support": 3.0}, "noneconomic__ethnicity": {"precision": 1.0, "recall": 1.0, "f1-score": 1.0, "support": 1.0}, "noneconomic__family": {"precision": 1.0, "recall": 0.8, "f1-score": 0.8888888888888888, "support": 5.0}, "noneconomic__gender_sexuality": {"precision": 0.5, "recall": 0.5, "f1-score": 0.5, "support": 2.0}, "noneconomic__health": {"precision": 0.0, "recall": 0.0, "f1-score": 0.0, "support": 1.0}, "noneconomic__nationality": {"precision": 1.0, "recall": 0.47058823529411764, "f1-score": 0.64, "support": 17.0}, "noneconomic__place_location": {"precision": 1.0, "recall": 1.0, "f1-score": 1.0, "support": 2.0}, "noneconomic__religion": {"precision": 0.0, "recall": 0.0, "f1-score": 0.0, "support": 0.0}, "noneconomic__shared_values_mentalities": {"precision": 0.8666666666666667, "recall": 0.6190476190476191, "f1-score": 0.7222222222222222, "support": 21.0}, "micro avg": {"precision": 0.8571428571428571, "recall": 0.65625, "f1-score": 0.7433628318584071, "support": 64.0}, "macro avg": {"precision": 0.7025757575757575, "recall": 0.6222969187675071, "f1-score": 0.6477819185645273, "support": 64.0}, "weighted avg": {"precision": 0.8962357954545455, "recall": 0.65625, "f1-score": 0.7421456608005521, "support": 64.0}, "samples avg": {"precision": 0.40070921985815605, "recall": 0.38475177304964536, "f1-score": 0.3843971631205674, "support": 64.0}}