{"economic__class_membership": {"precision": 0.0, "recall": 0.0, "f1-score": 0.0, "support": 0.0}, "economic__ecology_of_group": {"precision": 1.0, "recall": 1.0, "f1-score": 1.0, "support": 3.0}, "economic__education_level": {"precision": 0.8571428571428571, "recall": 1.0, "f1-score": 0.9230769230769231, "support": 6.0}, "economic__employment_status": {"precision": 0.8, "recall": 1.0, "f1-score": 0.8888888888888888, "support": 4.0}, "economic__income_wealth_economic_status": {"precision": 0.75, "recall": 0.42857142857142855, "f1-score": 0.5454545454545454, "support": 7.0}, "economic__occupation_profession": {"precision": 0.8666666666666667, "recall": 0.8125, "f1-score": 0.8387096774193549, "support": 16.0}, "micro avg": {"precision": 0.8055555555555556, "recall": 0.8055555555555556, "f1-score": 0.8055555555555556, "support": 36.0}, "macro avg": {"precision": 0.7123015873015873, "recall": 0.7068452380952381, "f1-score": 0.6993550058066186, "support": 36.0}, "weighted avg": {"precision": 0.8460978835978836, "recall": 0.8055555555555556, "f1-score": 0.8147653819696831, "support": 36.0}, "samples avg": {"precision": 0.33125, "recall": 0.33125, "f1-score": 0.32916666666666666, "support": 36.0}}