{"economic__class_membership": {"precision": 1.0, "recall": 0.25, "f1-score": 0.4, "support": 4.0}, "economic__ecology_of_group": {"precision": 0.0, "recall": 0.0, "f1-score": 0.0, "support": 1.0}, "economic__education_level": {"precision": 0.5, "recall": 0.75, "f1-score": 0.6, "support": 4.0}, "economic__employment_status": {"precision": 1.0, "recall": 0.3333333333333333, "f1-score": 0.5, "support": 9.0}, "economic__income_wealth_economic_status": {"precision": 1.0, "recall": 0.42857142857142855, "f1-score": 0.6, "support": 7.0}, "economic__occupation_profession": {"precision": 1.0, "recall": 0.625, "f1-score": 0.7692307692307693, "support": 8.0}, "micro avg": {"precision": 0.8333333333333334, "recall": 0.45454545454545453, "f1-score": 0.5882352941176471, "support": 33.0}, "macro avg": {"precision": 0.75, "recall": 0.3978174603174603, "f1-score": 0.4782051282051282, "support": 33.0}, "weighted avg": {"precision": 0.9090909090909091, "recall": 0.45454545454545453, "f1-score": 0.5713286713286713, "support": 33.0}, "samples avg": {"precision": 0.15306122448979592, "recall": 0.14285714285714285, "f1-score": 0.14625850340136054, "support": 33.0}}