{"economic__education_level": {"precision": 0.0, "recall": 0.0, "f1-score": 0.0, "support": 3.0}, "economic__employment_status": {"precision": 0.875, "recall": 0.7, "f1-score": 0.7777777777777778, "support": 10.0}, "economic__income_wealth_economic_status": {"precision": 0.25, "recall": 0.2, "f1-score": 0.2222222222222222, "support": 5.0}, "economic__occupation_profession": {"precision": 0.6923076923076923, "recall": 0.47368421052631576, "f1-score": 0.5625, "support": 19.0}, "micro avg": {"precision": 0.68, "recall": 0.4594594594594595, "f1-score": 0.5483870967741935, "support": 37.0}, "macro avg": {"precision": 0.4543269230769231, "recall": 0.3434210526315789, "f1-score": 0.390625, "support": 37.0}, "weighted avg": {"precision": 0.6257796257796258, "recall": 0.4594594594594595, "f1-score": 0.5290915915915916, "support": 37.0}, "samples avg": {"precision": 0.18831168831168832, "recall": 0.2077922077922078, "f1-score": 0.19480519480519481, "support": 37.0}}