{"economic__class_membership": {"precision": 0.0, "recall": 0.0, "f1-score": 0.0, "support": 0.0}, "economic__ecology_of_group": {"precision": 0.0, "recall": 0.0, "f1-score": 0.0, "support": 2.0}, "economic__education_level": {"precision": 1.0, "recall": 0.6666666666666666, "f1-score": 0.8, "support": 3.0}, "economic__employment_status": {"precision": 1.0, "recall": 0.2, "f1-score": 0.3333333333333333, "support": 5.0}, "economic__income_wealth_economic_status": {"precision": 0.6, "recall": 0.5, "f1-score": 0.5454545454545454, "support": 6.0}, "economic__occupation_profession": {"precision": 0.6666666666666666, "recall": 0.375, "f1-score": 0.48, "support": 16.0}, "micro avg": {"precision": 0.6666666666666666, "recall": 0.375, "f1-score": 0.48, "support": 32.0}, "macro avg": {"precision": 0.5444444444444444, "recall": 0.2902777777777778, "f1-score": 0.3597979797979798, "support": 32.0}, "weighted avg": {"precision": 0.6958333333333333, "recall": 0.375, "f1-score": 0.4693560606060606, "support": 32.0}, "samples avg": {"precision": 0.11855670103092783, "recall": 0.11855670103092783, "f1-score": 0.11683848797250858, "support": 32.0}}