{"noneconomic__age": {"precision": 0.9090909090909091, "recall": 0.7142857142857143, "f1-score": 0.8, "support": 14.0}, "noneconomic__crime": {"precision": 1.0, "recall": 0.8333333333333334, "f1-score": 0.9090909090909091, "support": 6.0}, "noneconomic__ethnicity": {"precision": 0.625, "recall": 1.0, "f1-score": 0.7692307692307693, "support": 5.0}, "noneconomic__family": {"precision": 0.8333333333333334, "recall": 0.8333333333333334, "f1-score": 0.8333333333333334, "support": 6.0}, "noneconomic__gender_sexuality": {"precision": 1.0, "recall": 0.95, "f1-score": 0.9743589743589743, "support": 20.0}, "noneconomic__health": {"precision": 1.0, "recall": 0.5, "f1-score": 0.6666666666666666, "support": 2.0}, "noneconomic__nationality": {"precision": 0.8571428571428571, "recall": 0.8, "f1-score": 0.8275862068965517, "support": 15.0}, "noneconomic__place_location": {"precision": 1.0, "recall": 0.25, "f1-score": 0.4, "support": 4.0}, "noneconomic__religion": {"precision": 0.8, "recall": 1.0, "f1-score": 0.8888888888888888, "support": 4.0}, "noneconomic__shared_values_mentalities": {"precision": 0.6875, "recall": 0.7333333333333333, "f1-score": 0.7096774193548387, "support": 15.0}, "micro avg": {"precision": 0.8488372093023255, "recall": 0.8021978021978022, "f1-score": 0.8248587570621468, "support": 91.0}, "macro avg": {"precision": 0.87120670995671, "recall": 0.7614285714285715, "f1-score": 0.7778833167820932, "support": 91.0}, "weighted avg": {"precision": 0.8705705009276438, "recall": 0.8021978021978022, "f1-score": 0.8190738689070169, "support": 91.0}, "samples avg": {"precision": 0.5840978593272171, "recall": 0.5848623853211009, "f1-score": 0.5748361730013106, "support": 91.0}}