{"economic__education_level": {"precision": 0.5, "recall": 0.4, "f1-score": 0.4444444444444444, "support": 5.0}, "economic__employment_status": {"precision": 0.2, "recall": 0.25, "f1-score": 0.2222222222222222, "support": 4.0}, "economic__income_wealth_economic_status": {"precision": 0.8333333333333334, "recall": 0.45454545454545453, "f1-score": 0.5882352941176471, "support": 11.0}, "economic__occupation_profession": {"precision": 0.7222222222222222, "recall": 0.8125, "f1-score": 0.7647058823529411, "support": 16.0}, "micro avg": {"precision": 0.6363636363636364, "recall": 0.5833333333333334, "f1-score": 0.6086956521739131, "support": 36.0}, "macro avg": {"precision": 0.5638888888888889, "recall": 0.4792613636363636, "f1-score": 0.5049019607843137, "support": 36.0}, "weighted avg": {"precision": 0.6672839506172841, "recall": 0.5833333333333334, "f1-score": 0.6060275962236746, "support": 36.0}, "samples avg": {"precision": 0.2411764705882353, "recall": 0.23529411764705882, "f1-score": 0.23529411764705882, "support": 36.0}}