{"noneconomic__age": {"precision": 0.9230769230769231, "recall": 0.8, "f1-score": 0.8571428571428571, "support": 15.0}, "noneconomic__crime": {"precision": 0.875, "recall": 0.875, "f1-score": 0.875, "support": 8.0}, "noneconomic__ethnicity": {"precision": 1.0, "recall": 1.0, "f1-score": 1.0, "support": 16.0}, "noneconomic__family": {"precision": 1.0, "recall": 1.0, "f1-score": 1.0, "support": 5.0}, "noneconomic__gender_sexuality": {"precision": 1.0, "recall": 0.6666666666666666, "f1-score": 0.8, "support": 9.0}, "noneconomic__health": {"precision": 1.0, "recall": 0.5, "f1-score": 0.6666666666666666, "support": 2.0}, "noneconomic__nationality": {"precision": 0.9, "recall": 0.6428571428571429, "f1-score": 0.75, "support": 14.0}, "noneconomic__place_location": {"precision": 1.0, "recall": 1.0, "f1-score": 1.0, "support": 1.0}, "noneconomic__religion": {"precision": 0.7142857142857143, "recall": 1.0, "f1-score": 0.8333333333333334, "support": 10.0}, "noneconomic__shared_values_mentalities": {"precision": 1.0, "recall": 0.56, "f1-score": 0.717948717948718, "support": 25.0}, "micro avg": {"precision": 0.9204545454545454, "recall": 0.7714285714285715, "f1-score": 0.8393782383419689, "support": 105.0}, "macro avg": {"precision": 0.9412362637362637, "recall": 0.8044523809523809, "f1-score": 0.8500091575091575, "support": 105.0}, "weighted avg": {"precision": 0.9389429618001046, "recall": 0.7714285714285715, "f1-score": 0.8302145473574044, "support": 105.0}, "samples avg": {"precision": 0.48982188295165385, "recall": 0.47837150127226463, "f1-score": 0.47557251908396947, "support": 105.0}}