{"noneconomic__age": {"precision": 1.0, "recall": 0.42857142857142855, "f1-score": 0.6, "support": 7.0}, "noneconomic__crime": {"precision": 1.0, "recall": 1.0, "f1-score": 1.0, "support": 4.0}, "noneconomic__ethnicity": {"precision": 1.0, "recall": 0.8, "f1-score": 0.8888888888888888, "support": 5.0}, "noneconomic__family": {"precision": 1.0, "recall": 1.0, "f1-score": 1.0, "support": 6.0}, "noneconomic__gender_sexuality": {"precision": 0.8333333333333334, "recall": 0.7142857142857143, "f1-score": 0.7692307692307693, "support": 7.0}, "noneconomic__health": {"precision": 1.0, "recall": 0.8333333333333334, "f1-score": 0.9090909090909091, "support": 6.0}, "noneconomic__nationality": {"precision": 0.9230769230769231, "recall": 0.9230769230769231, "f1-score": 0.9230769230769231, "support": 13.0}, "noneconomic__place_location": {"precision": 0.8, "recall": 0.5714285714285714, "f1-score": 0.6666666666666666, "support": 7.0}, "noneconomic__religion": {"precision": 1.0, "recall": 1.0, "f1-score": 1.0, "support": 2.0}, "noneconomic__shared_values_mentalities": {"precision": 0.8571428571428571, "recall": 0.631578947368421, "f1-score": 0.7272727272727273, "support": 19.0}, "micro avg": {"precision": 0.9193548387096774, "recall": 0.75, "f1-score": 0.8260869565217391, "support": 76.0}, "macro avg": {"precision": 0.9413553113553114, "recall": 0.7902274918064391, "f1-score": 0.8484226884226883, "support": 76.0}, "weighted avg": {"precision": 0.9173558897243107, "recall": 0.75, "f1-score": 0.8153743916901812, "support": 76.0}, "samples avg": {"precision": 0.47596153846153844, "recall": 0.4439102564102564, "f1-score": 0.4532051282051282, "support": 76.0}}