{"noneconomic__age": {"precision": 1.0, "recall": 0.5, "f1-score": 0.6666666666666666, "support": 6.0}, "noneconomic__crime": {"precision": 0.7142857142857143, "recall": 1.0, "f1-score": 0.8333333333333334, "support": 5.0}, "noneconomic__ethnicity": {"precision": 0.0, "recall": 0.0, "f1-score": 0.0, "support": 0.0}, "noneconomic__family": {"precision": 0.9166666666666666, "recall": 1.0, "f1-score": 0.9565217391304348, "support": 11.0}, "noneconomic__gender_sexuality": {"precision": 0.6666666666666666, "recall": 0.8571428571428571, "f1-score": 0.75, "support": 7.0}, "noneconomic__health": {"precision": 1.0, "recall": 0.75, "f1-score": 0.8571428571428571, "support": 4.0}, "noneconomic__nationality": {"precision": 0.6666666666666666, "recall": 1.0, "f1-score": 0.8, "support": 10.0}, "noneconomic__place_location": {"precision": 1.0, "recall": 0.16666666666666666, "f1-score": 0.2857142857142857, "support": 6.0}, "noneconomic__religion": {"precision": 0.0, "recall": 0.0, "f1-score": 0.0, "support": 0.0}, "noneconomic__shared_values_mentalities": {"precision": 1.0, "recall": 0.6086956521739131, "f1-score": 0.7567567567567568, "support": 23.0}, "micro avg": {"precision": 0.7794117647058824, "recall": 0.7361111111111112, "f1-score": 0.7571428571428571, "support": 72.0}, "macro avg": {"precision": 0.6964285714285714, "recall": 0.5882505175983437, "f1-score": 0.5906135638744334, "support": 72.0}, "weighted avg": {"precision": 0.888723544973545, "recall": 0.7361111111111112, "f1-score": 0.7567592825745, "support": 72.0}, "samples avg": {"precision": 0.5397727272727273, "recall": 0.5568181818181818, "f1-score": 0.5397727272727273, "support": 72.0}}